cms_id,name,address,city,state,zip,county,phone,hospital_type,ownership,source_address,active,last_seen_at,lat,lon,created_at,updated_at,location_approximate
230002,St Joe Mercy Hospital System Livonia,36475 Five Mile Road,Livonia,MI,48154,Wayne,(734) 655-4800,Acute Care Hospitals,Voluntary non-profit - Private,"36475 FIVE MILE ROAD, LIVONIA, MI, 48154",True,2026-09-19T09:08:13+00:00,42.396536334669,-83.403806022008,2026-09-19T09:03:30+00:00,2026-09-19T09:08:18+00:00,
230003,Corewell Health Zeeland Hospital,8333 Felch St,Zeeland,MI,49464,Ottawa,(616) 772-4644,Acute Care Hospitals,Voluntary non-profit - Private,"8333 FELCH ST, ZEELAND, MI, 49464",True,2026-09-19T09:08:13+00:00,42.81955943026,-85.988121607353,2026-09-19T09:03:30+00:00,2026-09-19T09:08:18+00:00,
230005,Promedica Charles and Virginia Hickman Hospital,5640 N Adrian Highway,Adrian,MI,49221,Lenawee,(517) 265-0900,Acute Care Hospitals,Voluntary non-profit - Private,"5640 N ADRIAN HIGHWAY, ADRIAN, MI, 49221",True,2026-09-19T09:08:13+00:00,41.965156383109,-84.004516743919,2026-09-19T09:03:30+00:00,2026-09-19T09:08:18+00:00,
230017,Bronson Methodist Hospital,601 John Street,Kalamazoo,MI,49007,Kalamazoo,(269) 341-6000,Acute Care Hospitals,Voluntary non-profit - Private,"601 JOHN STREET, KALAMAZOO, MI, 49007",True,2026-09-19T09:08:13+00:00,42.286154661725,-85.581267522405,2026-09-19T09:03:30+00:00,2026-09-19T09:08:18+00:00,
230019,"Ascension Providence Hospital, Southfield and Novi",16001 W Nine Mile Rd,Southfield,MI,48075,Oakland,(248) 849-3000,Acute Care Hospitals,Voluntary non-profit - Church,"16001 W NINE MILE RD, SOUTHFIELD, MI, 48075",True,2026-09-19T09:08:13+00:00,42.459159222822,-83.204985663427,2026-09-19T09:03:30+00:00,2026-09-19T09:08:18+00:00,
230020,Beaumont Hospital - Dearborn,18101 Oakwood Blvd,Dearborn,MI,48124,Wayne,(313) 593-7125,Acute Care Hospitals,Voluntary non-profit - Private,"18101 OAKWOOD BLVD, DEARBORN, MI, 48124",True,2026-09-19T09:08:13+00:00,42.29190356177,-83.212052545756,2026-09-19T09:03:30+00:00,2026-09-19T09:08:18+00:00,
230021,"Lakeland Hospital, St Joseph",1234 Napier Avenue,St Joseph,MI,49085,Berrien,(269) 983-8300,Acute Care Hospitals,Voluntary non-profit - Private,"1234 NAPIER AVENUE, ST JOSEPH, MI, 49085",True,2026-09-19T09:08:13+00:00,42.090417445745,-86.478467408466,2026-09-19T09:03:30+00:00,2026-09-19T09:08:18+00:00,
230022,Insight Hospital and Medical Center Coldwater,274 E Chicago St,Coldwater,MI,49036,Branch,(517) 279-5489,Acute Care Hospitals,Government - Local,"274 E CHICAGO ST, COLDWATER, MI, 49036",True,2026-09-19T09:08:13+00:00,41.93891551156,-84.990568306889,2026-09-19T09:03:30+00:00,2026-09-19T09:08:18+00:00,
230024,Sinai-grace Hospital,6071 W Outer Drive,Detroit,MI,48235,Wayne,(313) 966-3300,Acute Care Hospitals,Proprietary,"6071 W OUTER DRIVE, DETROIT, MI, 48235",True,2026-09-19T09:08:13+00:00,42.420012166275,-83.181969735842,2026-09-19T09:03:30+00:00,2026-09-19T09:08:18+00:00,
230029,Trinity Health Oakland Hospital,44405 Woodward Ave,Pontiac,MI,48341,Oakland,(248) 858-3000,Acute Care Hospitals,Voluntary non-profit - Private,"44405 WOODWARD AVE, PONTIAC, MI, 48341",True,2026-09-19T09:08:13+00:00,42.614174722993,-83.27448791925,2026-09-19T09:03:30+00:00,2026-09-19T09:08:18+00:00,
230030,Mymichigan Medical Center Alma,300 E Warwick Dr,Alma,MI,48801,Gratiot,(989) 463-1101,Acute Care Hospitals,Voluntary non-profit - Private,"300 E WARWICK DR, ALMA, MI, 48801",True,2026-09-19T09:08:13+00:00,43.39150900823,-84.664220354464,2026-09-19T09:03:30+00:00,2026-09-19T09:08:18+00:00,
230031,Lake Huron Medical Center,2601 Electric Avenue,Port Huron,MI,48060,St. Clair,(810) 985-1500,Acute Care Hospitals,Voluntary non-profit - Church,"2601 ELECTRIC AVENUE, PORT HURON, MI, 48060",True,2026-09-19T09:08:13+00:00,42.988812,-82.4573495,2026-09-19T09:03:30+00:00,2026-09-19T09:08:18+00:00,True
230036,Mymichigan Medical Center Alpena,1501 W Chisholm St,Alpena,MI,49707,Alpena,(989) 356-7390,Acute Care Hospitals,Proprietary,"1501 W CHISHOLM ST, ALPENA, MI, 49707",True,2026-09-19T09:08:13+00:00,45.075617857474,-83.449214835417,2026-09-19T09:03:30+00:00,2026-09-19T09:08:18+00:00,
230037,Hillsdale Hospital,168 S Howell Street,Hillsdale,MI,49242,Hillsdale,(517) 437-4451,Acute Care Hospitals,Voluntary non-profit - Private,"168 S HOWELL STREET, HILLSDALE, MI, 49242",True,2026-09-19T09:08:13+00:00,41.912031070785,-84.631773183839,2026-09-19T09:03:30+00:00,2026-09-19T09:08:19+00:00,
230038,Spectrum Health,100 Michigan St Ne,Grand Rapids,MI,49503,Kent,(616) 391-1774,Acute Care Hospitals,Voluntary non-profit - Private,"100 MICHIGAN ST NE, GRAND RAPIDS, MI, 49503",True,2026-09-19T09:08:13+00:00,42.970453602185,-85.666460017654,2026-09-19T09:03:30+00:00,2026-09-19T09:08:19+00:00,
230041,Mclaren Bay Region,1900 Columbus Ave,Bay City,MI,48708,Bay,(989) 894-9510,Acute Care Hospitals,Voluntary non-profit - Private,"1900 COLUMBUS AVE, BAY CITY, MI, 48708",True,2026-09-19T09:08:13+00:00,43.589371881134,-83.870396194654,2026-09-19T09:03:30+00:00,2026-09-19T09:08:19+00:00,
230046,University of Michigan Health System,"1500 E Medical Center Drive, Spc 5474",Ann Arbor,MI,48109,Washtenaw,(734) 764-1505,Acute Care Hospitals,Voluntary non-profit - Private,"1500 E MEDICAL CENTER DRIVE, SPC 5474, ANN ARBOR, MI, 48109",True,2026-09-19T09:08:13+00:00,42.281400027614,-83.726782161004,2026-09-19T09:03:30+00:00,2026-09-19T09:08:19+00:00,
230047,Henry Ford Macomb Hospital,15855 Nineteen Mile Rd,Clinton Township,MI,48038,Macomb,(586) 263-2300,Acute Care Hospitals,Voluntary non-profit - Private,"15855 NINETEEN MILE RD, CLINTON TOWNSHIP, MI, 48038",True,2026-09-19T09:08:13+00:00,42.612713417831,-82.964227582387,2026-09-19T09:03:30+00:00,2026-09-19T09:08:19+00:00,
230053,Henry Ford Health Hospital,2799 W Grand Blvd,Detroit,MI,48202,Wayne,(313) 916-2600,Acute Care Hospitals,Voluntary non-profit - Private,"2799 W GRAND BLVD, DETROIT, MI, 48202",True,2026-09-19T09:08:13+00:00,42.366931017945,-83.082686737197,2026-09-19T09:03:30+00:00,2026-09-19T09:08:19+00:00,
230054,Uphs Marquette Dlp Hospital,850 W Baraga Ave,Marquette,MI,49855,Marquette,(906) 228-9440,Acute Care Hospitals,Government - Local,"850 W BARAGA AVE, MARQUETTE, MI, 49855",True,2026-09-19T09:08:13+00:00,46.543047464893,-87.410521101919,2026-09-19T09:03:30+00:00,2026-09-19T09:08:19+00:00,
230055,Dickinson County Memorial Hospital,1721 S Stephenson Ave,Iron Mountain,MI,49801,Dickinson,(906) 774-1313,Acute Care Hospitals,Government - Local,"1721 S STEPHENSON AVE, IRON MOUNTAIN, MI, 49801",True,2026-09-19T09:08:13+00:00,45.808379056292,-88.046094066225,2026-09-19T09:03:30+00:00,2026-09-19T09:08:19+00:00,
230058,Munson Healthcare Grayling Hospital,1100 E Michigan Ave,Grayling,MI,49738,Crawford,(989) 348-5461,Acute Care Hospitals,Voluntary non-profit - Church,"1100 E MICHIGAN AVE, GRAYLING, MI, 49738",True,2026-09-19T09:08:13+00:00,44.668839272676,-84.707810025692,2026-09-19T09:03:30+00:00,2026-09-19T09:08:19+00:00,
230059,Mercy Health Saint Mary's,200 Jefferson Avenue Se,Grand Rapids,MI,49503,Kent,(616) 685-5000,Acute Care Hospitals,Voluntary non-profit - Church,"200 JEFFERSON AVENUE SE, GRAND RAPIDS, MI, 49503",True,2026-09-19T09:08:13+00:00,42.959437300483,-85.664034935767,2026-09-19T09:03:30+00:00,2026-09-19T09:08:19+00:00,
230066,Trinity Health Muskegon Hospital,1500 E Sherman Blvd,Muskegon,MI,49441,Muskegon,(231) 726-3511,Acute Care Hospitals,Voluntary non-profit - Private,"1500 E SHERMAN BLVD, MUSKEGON, MI, 49441",True,2026-09-19T09:08:13+00:00,43.20505109555,-86.208532829907,2026-09-19T09:03:30+00:00,2026-09-19T09:08:19+00:00,
230069,Trinity Health Livingston Hospital,620 Byron Rd,Howell,MI,48843,Livingston,(517) 545-6000,Acute Care Hospitals,Voluntary non-profit - Other,"620 BYRON RD, HOWELL, MI, 48843",True,2026-09-19T09:08:13+00:00,42.615028769596,-83.93931924127,2026-09-19T09:03:30+00:00,2026-09-19T09:08:19+00:00,
230070,Covenant Medical Center,1447 N Harrison,Saginaw,MI,48602,Saginaw,(989) 583-6000,Acute Care Hospitals,Voluntary non-profit - Private,"1447 N HARRISON, SAGINAW, MI, 48602",True,2026-09-19T09:08:13+00:00,43.428101989293,-83.955624074647,2026-09-19T09:03:30+00:00,2026-09-19T09:08:19+00:00,
230072,Holland Hospital,602 Michigan Ave,Holland,MI,49423,Ottawa,(616) 392-5141,Acute Care Hospitals,Voluntary non-profit - Private,"602 MICHIGAN AVE, HOLLAND, MI, 49423",True,2026-09-19T09:08:13+00:00,42.774044621956,-86.113254158241,2026-09-19T09:03:30+00:00,2026-09-19T09:08:19+00:00,
230075,Bronson Battle Creek Hospital,300 North Avenue,Battle Creek,MI,49017,Calhoun,(269) 966-8000,Acute Care Hospitals,Proprietary,"300 NORTH AVENUE, BATTLE CREEK, MI, 49017",True,2026-09-19T09:08:13+00:00,42.330262230912,-85.180300434404,2026-09-19T09:03:30+00:00,2026-09-19T09:08:19+00:00,
230077,Mymichigan Medical Center Saginaw,800 S Washington Avenue,Saginaw,MI,48601,Saginaw,(989) 776-8000,Acute Care Hospitals,Voluntary non-profit - Church,"800 S WASHINGTON AVENUE, SAGINAW, MI, 48601",True,2026-09-19T09:08:13+00:00,43.426087601699,-83.941816002168,2026-09-19T09:03:30+00:00,2026-09-19T09:08:19+00:00,
230078,Corewell Health Watervliet Hospital,400 Medical Park Dr,Watervliet,MI,49098,Berrien,(269) 463-3111,Acute Care Hospitals,Voluntary non-profit - Private,"400 MEDICAL PARK DR, WATERVLIET, MI, 49098",True,2026-09-19T09:08:13+00:00,42.18598572178,-86.247616455488,2026-09-19T09:03:30+00:00,2026-09-19T09:08:19+00:00,
230080,Mclaren Central Michigan,1221 South Drive,Mount Pleasant,MI,48858,Isabella,(989) 772-6700,Acute Care Hospitals,Voluntary non-profit - Private,"1221 SOUTH DRIVE, MOUNT PLEASANT, MI, 48858",True,2026-09-19T09:08:13+00:00,43.598622991523,-84.760589038586,2026-09-19T09:03:30+00:00,2026-09-19T09:08:19+00:00,
230081,Munson Healthcare Cadillac Hospital,400 Hobart St,Cadillac,MI,49601,Wexford,(231) 876-7400,Acute Care Hospitals,Voluntary non-profit - Church,"400 HOBART ST, CADILLAC, MI, 49601",True,2026-09-19T09:08:13+00:00,44.246139903783,-85.390431823352,2026-09-19T09:03:30+00:00,2026-09-19T09:08:19+00:00,
230085,Bronson South Haven Hospital,955 S Bailey Ave,South Haven,MI,49090,Van Buren,(269) 637-5271,Acute Care Hospitals,Government - Hospital District or Authority,"955 S BAILEY AVE, SOUTH HAVEN, MI, 49090",True,2026-09-19T09:08:13+00:00,42.390079270602,-86.264011441392,2026-09-19T09:03:30+00:00,2026-09-19T09:08:19+00:00,
230089,Beaumont Hospital - Grosse Pointe,468 Cadieux Rd,Grosse Pointe,MI,48230,Wayne,(313) 473-1000,Acute Care Hospitals,Voluntary non-profit - Private,"468 CADIEUX RD, GROSSE POINTE, MI, 48230",True,2026-09-19T09:08:13+00:00,42.3842609545,-82.915346800148,2026-09-19T09:03:30+00:00,2026-09-19T09:08:19+00:00,
230092,Henry Ford Allegiance Health,205 N East Ave,Jackson,MI,49201,Jackson,(517) 788-4800,Acute Care Hospitals,Voluntary non-profit - Other,"205 N EAST AVE, JACKSON, MI, 49201",True,2026-09-19T09:08:13+00:00,42.250649614245,-84.393660357777,2026-09-19T09:03:30+00:00,2026-09-19T09:08:19+00:00,
230093,Corewell Health Big Rapids Hospital,605 Oak Street,Big Rapids,MI,49307,Mecosta,(231) 796-8691,Acute Care Hospitals,Voluntary non-profit - Private,"605 OAK STREET, BIG RAPIDS, MI, 49307",True,2026-09-19T09:08:13+00:00,43.693178615965,-85.475688099451,2026-09-19T09:03:30+00:00,2026-09-19T09:08:19+00:00,
230095,Mymichigan Medical Center West Branch,2463 South M-30,West Branch,MI,48661,Ogemaw,(989) 345-3660,Acute Care Hospitals,Government - Local,"2463 SOUTH M-30, WEST BRANCH, MI, 48661",True,2026-09-19T09:08:13+00:00,44.3184065,-84.2362134,2026-09-19T09:03:30+00:00,2026-09-19T09:08:19+00:00,True
230097,Munson Medical Center,1105 Sixth Street,Traverse City,MI,49684,Grand Traverse,(231) 935-5000,Acute Care Hospitals,Voluntary non-profit - Other,"1105 SIXTH STREET, TRAVERSE CITY, MI, 49684",True,2026-09-19T09:08:13+00:00,44.761578258086,-85.6414593821,2026-09-19T09:03:30+00:00,2026-09-19T09:08:19+00:00,
230099,Promedica Monroe Regional Hospital,718 N Macomb St,Monroe,MI,48162,Monroe,(734) 240-8400,Acute Care Hospitals,Voluntary non-profit - Other,"718 N MACOMB ST, MONROE, MI, 48162",True,2026-09-19T09:08:13+00:00,41.925211012466,-83.388945476874,2026-09-19T09:03:30+00:00,2026-09-19T09:08:19+00:00,
230100,Tawas St Joseph Hospital,200 Hemlock,Tawas City,MI,48764,Iosco,(989) 362-9301,Acute Care Hospitals,Government - Hospital District or Authority,"200 HEMLOCK, TAWAS CITY, MI, 48764",True,2026-09-19T09:08:13+00:00,44.275275750607,-83.511359226711,2026-09-19T09:03:30+00:00,2026-09-19T09:08:19+00:00,
230104,Harper University Hospital,3990 John R Street,Detroit,MI,48201,Wayne,(313) 745-6211,Acute Care Hospitals,Proprietary,"3990 JOHN R STREET, DETROIT, MI, 48201",True,2026-09-19T09:08:13+00:00,42.350797798882,-83.05748730066,2026-09-19T09:03:30+00:00,2026-09-19T09:08:19+00:00,
230105,Mclaren Northern Michigan,416 Connable Ave,Petoskey,MI,49770,Emmet,(231) 487-4000,Acute Care Hospitals,Voluntary non-profit - Other,"416 CONNABLE AVE, PETOSKEY, MI, 49770",True,2026-09-19T09:08:13+00:00,45.373922364589,-84.969188741367,2026-09-19T09:03:30+00:00,2026-09-19T09:08:19+00:00,
230108,Up Health System Portage,500 Campus Drive,Hancock,MI,49930,Houghton,(906) 483-1000,Acute Care Hospitals,Voluntary non-profit - Other,"500 CAMPUS DRIVE, HANCOCK, MI, 49930",True,2026-09-19T09:08:13+00:00,47.141319712113,-88.585152439165,2026-09-19T09:03:30+00:00,2026-09-19T09:08:19+00:00,
230110,Corewell Health Ludington Hospital,One N Atkinson Drive,Ludington,MI,49431,Mason,(231) 843-2591,Acute Care Hospitals,Voluntary non-profit - Private,"ONE N ATKINSON DRIVE, LUDINGTON, MI, 49431",True,2026-09-19T09:08:13+00:00,43.957022831249,-86.429378007982,2026-09-19T09:03:30+00:00,2026-09-19T09:08:19+00:00,
230117,Borgess Medical Center,1521 Gull Road,Kalamazoo,MI,49048,Kalamazoo,(269) 226-7000,Acute Care Hospitals,Voluntary non-profit - Other,"1521 GULL ROAD, KALAMAZOO, MI, 49048",True,2026-09-19T09:08:13+00:00,42.305610472863,-85.5597988419,2026-09-19T09:03:30+00:00,2026-09-19T09:08:19+00:00,
23011F,Va Ann Arbor Healthcare System,2215 Fuller Road,Ann Arbor,MI,48105,Washtenaw,(734) 769-7100,Acute Care - Veterans Administration,Veterans Health Administration,"2215 FULLER ROAD, ANN ARBOR, MI, 48105",True,2026-09-19T09:08:13+00:00,42.287582521227,-83.714698282645,2026-09-19T09:03:30+00:00,2026-09-19T09:08:19+00:00,
230121,Memorial Healthcare,826 West King Street,Owosso,MI,48867,Shiawassee,(989) 723-5211,Acute Care Hospitals,Voluntary non-profit - Other,"826 WEST KING STREET, OWOSSO, MI, 48867",True,2026-09-19T09:08:13+00:00,43.005093612403,-84.180345576483,2026-09-19T09:03:30+00:00,2026-09-19T09:08:19+00:00,
230130,Beaumont Hospital Royal Oak,3601 W Thirteen Mile Rd,Royal Oak,MI,48073,Oakland,(248) 898-5400,Acute Care Hospitals,Voluntary non-profit - Private,"3601 W THIRTEEN MILE RD, ROYAL OAK, MI, 48073",True,2026-09-19T09:08:13+00:00,42.517697725881,-83.191115133945,2026-09-19T09:03:30+00:00,2026-09-19T09:08:19+00:00,
230132,Hurley Medical Center,One Hurley Plaza,Flint,MI,48503,Genesee,(810) 257-9000,Acute Care Hospitals,Voluntary non-profit - Other,"ONE HURLEY PLAZA, FLINT, MI, 48503",True,2026-09-19T09:08:13+00:00,43.021340061776,-83.704413833774,2026-09-19T09:03:30+00:00,2026-09-19T09:08:19+00:00,
230141,Mclaren Flint,401 S Ballenger Highway,Flint,MI,48532,Genesee,(810) 342-2000,Acute Care Hospitals,Voluntary non-profit - Private,"401 S BALLENGER HIGHWAY, FLINT, MI, 48532",True,2026-09-19T09:08:13+00:00,43.014585534579,-83.733437144768,2026-09-19T09:03:30+00:00,2026-09-19T09:08:19+00:00,
230142,Corewell Health Wayne Hospital,33155 Annapolis Ave,Wayne,MI,48184,Wayne,(734) 467-4175,Acute Care Hospitals,Voluntary non-profit - Private,"33155 ANNAPOLIS AVE, WAYNE, MI, 48184",True,2026-09-19T09:08:13+00:00,42.274225995337,-83.365469381484,2026-09-19T09:03:30+00:00,2026-09-19T09:08:19+00:00,
230146,Wyandotte Hospital and Medical Center,2333 Biddle Ave,Wyandotte,MI,48192,Wayne,(734) 246-6000,Acute Care Hospitals,Voluntary non-profit - Private,"2333 BIDDLE AVE, WYANDOTTE, MI, 48192",True,2026-09-19T09:08:13+00:00,42.210419617333,-83.148892851396,2026-09-19T09:03:30+00:00,2026-09-19T09:08:19+00:00,
230151,Beaumont Hospital - Farmington Hills,28050 Grand River Avenue,Farmington Hills,MI,48336,Oakland,(248) 471-8000,Acute Care Hospitals,Voluntary non-profit - Private,"28050 GRAND RIVER AVENUE, FARMINGTON HILLS, MI, 48336",True,2026-09-19T09:08:13+00:00,42.443755465219,-83.324854118379,2026-09-19T09:03:30+00:00,2026-09-19T09:08:19+00:00,
230156,Trinity Health Ann Arbor Hospital,5301 E Huron River Dr,Ann Arbor,MI,48106,Washtenaw,(734) 712-3456,Acute Care Hospitals,Voluntary non-profit - Church,"5301 E HURON RIVER DR, ANN ARBOR, MI, 48106",True,2026-09-19T09:08:13+00:00,42.259927041199,-83.654057838505,2026-09-19T09:03:30+00:00,2026-09-19T09:08:19+00:00,
230165,Henry Ford Health St John Hospital,22101 Moross Rd,Detroit,MI,48236,Wayne,(313) 343-4000,Acute Care Hospitals,Voluntary non-profit - Church,"22101 MOROSS RD, DETROIT, MI, 48236",True,2026-09-19T09:08:13+00:00,42.419026904143,-82.914926952975,2026-09-19T09:03:30+00:00,2026-09-19T09:08:19+00:00,
230167,Mclaren Greater Lansing,2900 Collins Road,Lansing,MI,48910,Ingham,(517) 975-5600,Acute Care Hospitals,Voluntary non-profit - Private,"2900 COLLINS ROAD, LANSING, MI, 48910",True,2026-09-19T09:08:13+00:00,42.702023789539,-84.498886748441,2026-09-19T09:03:30+00:00,2026-09-19T09:08:19+00:00,
230174,Trinity Health Grand Haven Hospital,1309 Sheldon Rd,Grand Haven,MI,49417,Ottawa,(616) 847-5268,Acute Care Hospitals,Government - Hospital District or Authority,"1309 SHELDON RD, GRAND HAVEN, MI, 49417",True,2026-09-19T09:08:13+00:00,43.050717811213,-86.227997368965,2026-09-19T09:03:30+00:00,2026-09-19T09:08:19+00:00,
230176,Corewell Health Trenton Hospital,5450 Fort Street,Trenton,MI,48183,Wayne,(734) 671-3800,Acute Care Hospitals,Voluntary non-profit - Private,"5450 FORT STREET, TRENTON, MI, 48183",True,2026-09-19T09:08:13+00:00,42.116240829374,-83.211512497362,2026-09-19T09:03:30+00:00,2026-09-19T09:08:19+00:00,
230193,Mclaren Lapeer Region,1375 N Main St,Lapeer,MI,48446,Lapeer,(810) 667-5500,Acute Care Hospitals,Voluntary non-profit - Private,"1375 N MAIN ST, LAPEER, MI, 48446",True,2026-09-19T09:08:13+00:00,43.062095260025,-83.319375262393,2026-09-19T09:03:30+00:00,2026-09-19T09:08:19+00:00,
230195,Henry Ford Health Warren Hospital,11800 East Twelve Mile Road,Warren,MI,48093,Macomb,(586) 573-5000,Acute Care Hospitals,Voluntary non-profit - Private,"11800 EAST TWELVE MILE ROAD, WARREN, MI, 48093",True,2026-09-19T09:08:13+00:00,42.507118197781,-83.003421144483,2026-09-19T09:03:30+00:00,2026-09-19T09:08:19+00:00,
230197,Ascension Genesys Hospital,One Genesys Parkway,Grand Blanc,MI,48439,Genesee,(810) 606-6050,Acute Care Hospitals,Voluntary non-profit - Church,"ONE GENESYS PARKWAY, GRAND BLANC, MI, 48439",True,2026-09-19T09:08:13+00:00,42.9171399,-83.6313362,2026-09-19T09:03:30+00:00,2026-09-19T09:08:19+00:00,True
230207,Mclaren Oakland,50 N Perry St,Pontiac,MI,48342,Oakland,(248) 338-5000,Acute Care Hospitals,Voluntary non-profit - Private,"50 N PERRY ST, PONTIAC, MI, 48342",True,2026-09-19T09:08:13+00:00,42.638504542448,-83.29104690923,2026-09-19T09:03:30+00:00,2026-09-19T09:08:19+00:00,
230208,University of Michigan Health-sparrow Carson,406 East Elm St,Carson City,MI,48811,Montcalm,(989) 584-3131,Acute Care Hospitals,Voluntary non-profit - Other,"406 EAST ELM ST, CARSON CITY, MI, 48811",True,2026-09-19T09:08:13+00:00,43.17592937559,-84.842622886997,2026-09-19T09:03:30+00:00,2026-09-19T09:08:19+00:00,
230216,Mclaren Port Huron,1221 Pine Grove Ave,Port Huron,MI,48061,Wayne,(810) 987-5000,Acute Care Hospitals,Voluntary non-profit - Private,"1221 PINE GROVE AVE, PORT HURON, MI, 48061",True,2026-09-19T09:08:13+00:00,42.986742853444,-82.427950565816,2026-09-19T09:03:30+00:00,2026-09-19T09:08:19+00:00,
230217,Oaklawn Hospital,200 N Madison,Marshall,MI,49068,Calhoun,(269) 781-4271,Acute Care Hospitals,Voluntary non-profit - Other,"200 N MADISON, MARSHALL, MI, 49068",True,2026-09-19T09:08:13+00:00,42.273076814866,-84.957690877377,2026-09-19T09:03:30+00:00,2026-09-19T09:08:19+00:00,
230227,Mclaren Macomb,1000 Harrington St,Mount Clemens,MI,48043,Macomb,(586) 493-8000,Acute Care Hospitals,Voluntary non-profit - Private,"1000 HARRINGTON ST, MOUNT CLEMENS, MI, 48043",True,2026-09-19T09:08:13+00:00,42.586475576206,-82.894875368301,2026-09-19T09:03:30+00:00,2026-09-19T09:08:19+00:00,
230230,Edward W Sparrow Hospital,1215 E Michigan Avenue,Lansing,MI,48912,Ingham,(517) 364-1000,Acute Care Hospitals,Voluntary non-profit - Other,"1215 E MICHIGAN AVENUE, LANSING, MI, 48912",True,2026-09-19T09:08:13+00:00,42.733646012574,-84.53543878916,2026-09-19T09:03:30+00:00,2026-09-19T09:08:19+00:00,
230236,University of Michigan Health - West,"5900 Byron Center Avenue, Sw",Wyoming,MI,49519,Kent,(616) 252-7200,Acute Care Hospitals,Voluntary non-profit - Private,"5900 BYRON CENTER AVENUE, SW, WYOMING, MI, 49519",True,2026-09-19T09:08:13+00:00,42.857256486742,-85.722942017165,2026-09-19T09:03:30+00:00,2026-09-19T09:08:19+00:00,
230239,Chippewa County War Memorial Hospital,500 Osborn Blvd,Sault Ste Marie,MI,49783,Chippewa,(906) 635-4460,Acute Care Hospitals,Voluntary non-profit - Private,"500 OSBORN BLVD, SAULT STE MARIE, MI, 49783",True,2026-09-19T09:08:13+00:00,46.49827613874,-84.349451690815,2026-09-19T09:03:30+00:00,2026-09-19T09:08:19+00:00,
230241,Ascension River District Hospital,4100 River Rd,East China,MI,48054,St. Clair,(810) 329-7111,Acute Care Hospitals,Government - Hospital District or Authority,"4100 RIVER RD, EAST CHINA, MI, 48054",True,2026-09-19T09:08:13+00:00,42.785752733893,-82.478071797147,2026-09-19T09:03:30+00:00,2026-09-19T09:08:19+00:00,
230244,Garden City Hospital,6245 Inkster Rd,Garden City,MI,48135,Wayne,(734) 421-3300,Acute Care Hospitals,Voluntary non-profit - Private,"6245 INKSTER RD, GARDEN CITY, MI, 48135",True,2026-09-19T09:08:13+00:00,42.3243828,-83.3411923,2026-09-19T09:03:30+00:00,2026-09-19T09:08:19+00:00,True
230254,Ascension Providence Rochester Hospital,1101 W University Drive,Rochester,MI,48307,Oakland,(248) 652-5000,Acute Care Hospitals,Voluntary non-profit - Private,"1101 W UNIVERSITY DRIVE, ROCHESTER, MI, 48307",True,2026-09-19T09:08:13+00:00,42.681719317989,-83.148362868072,2026-09-19T09:03:30+00:00,2026-09-19T09:08:19+00:00,
230259,Chelsea Hospital,775 S Main St,Chelsea,MI,48118,Washtenaw,(734) 475-3911,Acute Care Hospitals,Voluntary non-profit - Private,"775 S MAIN ST, CHELSEA, MI, 48118",True,2026-09-19T09:08:13+00:00,42.310065512071,-84.020883372311,2026-09-19T09:03:30+00:00,2026-09-19T09:08:19+00:00,
230269,"Beaumont Hospital, Troy",44201 Dequindre Road,Troy,MI,48085,Oakland,(248) 964-8800,Acute Care Hospitals,Voluntary non-profit - Private,"44201 DEQUINDRE ROAD, TROY, MI, 48085",True,2026-09-19T09:08:13+00:00,42.621034193085,-83.091392525963,2026-09-19T09:03:30+00:00,2026-09-19T09:08:19+00:00,
230270,Beaumont Hospital - Taylor,10000 Telegraph Road,Taylor,MI,48180,Wayne,(313) 295-5000,Acute Care Hospitals,Voluntary non-profit - Private,"10000 TELEGRAPH ROAD, TAYLOR, MI, 48180",True,2026-09-19T09:08:13+00:00,42.233278950095,-83.269731175984,2026-09-19T09:03:30+00:00,2026-09-19T09:08:19+00:00,
230273,Detroit Receiving Hospital,4201 St Antoine St,Detroit,MI,48201,Wayne,(313) 745-2941,Acute Care Hospitals,Proprietary,"4201 ST ANTOINE ST, DETROIT, MI, 48201",True,2026-09-19T09:08:13+00:00,42.353966621556,-83.053515659079,2026-09-19T09:03:30+00:00,2026-09-19T09:08:19+00:00,
230275,Healthsource Saginaw,3340 Hospital Road,Saginaw,MI,48603,Saginaw,(989) 790-7888,Acute Care Hospitals,Voluntary non-profit - Other,"3340 HOSPITAL ROAD, SAGINAW, MI, 48603",True,2026-09-19T09:08:13+00:00,43.456749176255,-84.051992029934,2026-09-19T09:03:30+00:00,2026-09-19T09:08:19+00:00,
230277,Huron Valley-sinai Hospital,One William Carls Drive,Commerce Township,MI,48382,Oakland,(248) 937-3370,Acute Care Hospitals,Proprietary,"ONE WILLIAM CARLS DRIVE, COMMERCE TOWNSHIP, MI, 48382",True,2026-09-19T09:08:13+00:00,42.590778570417,-83.497277109054,2026-09-19T09:03:30+00:00,2026-09-19T09:08:19+00:00,
230302,Henry Ford Health West Bloomfield Hospital,6777 West Maple Road,W Bloomfield,MI,48322,Oakland,(248) 325-1000,Acute Care Hospitals,Voluntary non-profit - Private,"6777 WEST MAPLE ROAD, W BLOOMFIELD, MI, 48322",True,2026-09-19T09:08:13+00:00,42.541514166496,-83.40814643303,2026-09-19T09:03:30+00:00,2026-09-19T09:08:19+00:00,
230303,Munson Healthcare Manistee Hospital,1465 E Parkdale Ave,Manistee,MI,49660,Manistee,(231) 398-1000,Acute Care Hospitals,Voluntary non-profit - Other,"1465 E PARKDALE AVE, MANISTEE, MI, 49660",True,2026-09-19T09:08:13+00:00,44.272207906133,-86.273909908746,2026-09-19T09:03:30+00:00,2026-09-19T09:08:19+00:00,
23037F,Detroit (john D. Dingell) Va Medical Center,4646 John R.,Detroit,MI,48201,Wayne,(313) 576-1000,Acute Care - Veterans Administration,Veterans Health Administration,"4646 JOHN R., DETROIT, MI, 48201",True,2026-09-19T09:08:13+00:00,42.35515380707,-83.060330559002,2026-09-19T09:03:30+00:00,2026-09-19T09:08:19+00:00,
230779,Sturgis Hospital,916 Myrtle Ave,Sturgis,MI,49091,St. Joseph,(269) 651-7824,Rural Emergency Hospital,Government - Local,"916 MYRTLE AVE, STURGIS, MI, 49091",True,2026-09-19T09:08:13+00:00,41.794270804765,-85.408575406033,2026-09-19T09:03:30+00:00,2026-09-19T09:08:19+00:00,
231300,Paul Oliver Memorial Hospital,224 Park Avenue,Frankfort,MI,49635,Benzie,(231) 352-2200,Critical Access Hospitals,Government - Local,"224 PARK AVENUE, FRANKFORT, MI, 49635",True,2026-09-19T09:08:13+00:00,44.63728831315,-86.244400273608,2026-09-19T09:03:30+00:00,2026-09-19T09:08:19+00:00,
231301,Kalkaska Memorial Health Center,419 S Coral,Kalkaska,MI,49646,Kalkaska,(231) 258-7500,Critical Access Hospitals,Government - Hospital District or Authority,"419 S CORAL, KALKASKA, MI, 49646",True,2026-09-19T09:08:13+00:00,44.737869772088,-85.179903650691,2026-09-19T09:03:30+00:00,2026-09-19T09:08:19+00:00,
231303,Schoolcraft Memorial Hospital,7870w Us Highway 2,Manistique,MI,49854,Schoolcraft,(906) 341-3200,Critical Access Hospitals,Government - Local,"7870W US HIGHWAY 2, MANISTIQUE, MI, 49854",True,2026-09-19T09:08:13+00:00,45.941220164526,-86.281362123545,2026-09-19T09:03:30+00:00,2026-09-19T09:08:19+00:00,
231304,Helen Newberry Joy Hospital,502 W Harrie St,Newberry,MI,49868,Luce,(906) 293-9222,Critical Access Hospitals,Government - Local,"502 W HARRIE ST, NEWBERRY, MI, 49868",True,2026-09-19T09:08:13+00:00,46.352812635728,-85.515742288396,2026-09-19T09:03:30+00:00,2026-09-19T09:08:19+00:00,
231305,Saint Mary's Standish Community Hospital,805 W Cedar St,Standish,MI,48658,Arenac,(989) 846-3400,Critical Access Hospitals,Voluntary non-profit - Church,"805 W CEDAR ST, STANDISH, MI, 48658",True,2026-09-19T09:08:13+00:00,43.982746107491,-83.967249846513,2026-09-19T09:03:30+00:00,2026-09-19T09:08:19+00:00,
231306,Mackinac Straits Hospital and Health Center,1140 N State Street,Saint Ignace,MI,49781,Mackinac,(906) 643-8585,Critical Access Hospitals,Voluntary non-profit - Private,"1140 N STATE STREET, SAINT IGNACE, MI, 49781",True,2026-09-19T09:08:13+00:00,45.891074505159,-84.727560835448,2026-09-19T09:03:30+00:00,2026-09-19T09:08:19+00:00,
231307,Baraga County Memorial Hospital,18341 Us Highway 41,L' Anse,MI,49946,Baraga,(906) 524-3300,Critical Access Hospitals,Government - Local,"18341 US HIGHWAY 41, L' ANSE, MI, 49946",True,2026-09-19T09:08:13+00:00,46.732728726818,-88.427935617297,2026-09-19T09:03:30+00:00,2026-09-19T09:08:19+00:00,
231308,Munising Memorial Hospital,1500 Sand Point Rd,Munising,MI,49862,Alger,(906) 387-4110,Critical Access Hospitals,Voluntary non-profit - Private,"1500 SAND POINT RD, MUNISING, MI, 49862",True,2026-09-19T09:08:13+00:00,46.424445783659,-86.624173060483,2026-09-19T09:03:30+00:00,2026-09-19T09:08:19+00:00,
231310,Scheurer Hospital,170 N Caseville Rd,Pigeon,MI,48755,Huron,(989) 453-3223,Critical Access Hospitals,Voluntary non-profit - Other,"170 N CASEVILLE RD, PIGEON, MI, 48755",True,2026-09-19T09:08:13+00:00,43.834112577891,-83.279431961518,2026-09-19T09:03:30+00:00,2026-09-19T09:08:19+00:00,
231311,Deckerville Community Hospital,3559 Pine St,Deckerville,MI,48427,Sanilac,(810) 376-2835,Critical Access Hospitals,Voluntary non-profit - Private,"3559 PINE ST, DECKERVILLE, MI, 48427",True,2026-09-19T09:08:13+00:00,43.527854870587,-82.733862985216,2026-09-19T09:03:30+00:00,2026-09-19T09:08:19+00:00,
231312,Sheridan Community Hospital,301 N Main St,Sheridan,MI,48884,Montcalm,(989) 291-3261,Critical Access Hospitals,Voluntary non-profit - Private,"301 N MAIN ST, SHERIDAN, MI, 48884",True,2026-09-19T09:08:13+00:00,43.215501760821,-85.073604426205,2026-09-19T09:03:30+00:00,2026-09-19T09:08:19+00:00,
231313,Harbor Beach Community Hospital,210 S First St,Harbor Beach,MI,48441,Huron,(517) 479-3201,Critical Access Hospitals,Voluntary non-profit - Private,"210 S FIRST ST, HARBOR BEACH, MI, 48441",True,2026-09-19T09:08:13+00:00,43.842653070029,-82.652500263163,2026-09-19T09:03:30+00:00,2026-09-19T09:08:19+00:00,
231314,Mckenzie Health System,120 N Delaware Street,Sandusky,MI,48471,Sanilac,(810) 648-3770,Critical Access Hospitals,Voluntary non-profit - Private,"120 N DELAWARE STREET, SANDUSKY, MI, 48471",True,2026-09-19T09:08:13+00:00,43.423421236213,-82.832853419502,2026-09-19T09:03:30+00:00,2026-09-19T09:08:19+00:00,
231315,Ascension Borgess Lee Hospital,420 W High St,Dowagiac,MI,49047,Cass,(269) 782-8681,Critical Access Hospitals,Voluntary non-profit - Church,"420 W HIGH ST, DOWAGIAC, MI, 49047",True,2026-09-19T09:08:13+00:00,41.982305879092,-86.114699338514,2026-09-19T09:03:30+00:00,2026-09-19T09:08:19+00:00,
231316,Hills & Dales General Hospital,4675 Hill Street,Cass City,MI,48726,Tuscola,(989) 872-2121,Critical Access Hospitals,Voluntary non-profit - Private,"4675 HILL STREET, CASS CITY, MI, 48726",True,2026-09-19T09:08:13+00:00,43.604445930632,-83.181304809573,2026-09-19T09:03:30+00:00,2026-09-19T09:08:19+00:00,
231318,"Aspirus Iron River Hospital & Clinics, Inc",1400 W Ice Lake Road,Iron River,MI,49935,Iron,(906) 265-6121,Critical Access Hospitals,Voluntary non-profit - Other,"1400 W ICE LAKE ROAD, IRON RIVER, MI, 49935",True,2026-09-19T09:08:13+00:00,46.104316848724,-88.618317379349,2026-09-19T09:03:30+00:00,2026-09-19T09:08:19+00:00,
231319,Aspirus Keweenaw Hospital and Clinics,205 Osceola,Laurium,MI,49913,Houghton,(906) 337-6500,Critical Access Hospitals,Voluntary non-profit - Private,"205 OSCEOLA, LAURIUM, MI, 49913",True,2026-09-19T09:08:13+00:00,47.239050787782,-88.442990242513,2026-09-19T09:03:30+00:00,2026-09-19T09:08:19+00:00,
231320,Mercy Health Lakeshore Campus,72 South State Street,Shelby,MI,49455,Oceana,(231) 861-2156,Critical Access Hospitals,Voluntary non-profit - Private,"72 SOUTH STATE STREET, SHELBY, MI, 49455",True,2026-09-19T09:08:13+00:00,43.607820865136,-86.364600509602,2026-09-19T09:03:30+00:00,2026-09-19T09:08:19+00:00,
231321,Bell Hospital,901 Lakeshore Drive,Ishpeming,MI,49849,Marquette,(906) 486-4431,Critical Access Hospitals,Proprietary,"901 LAKESHORE DRIVE, ISHPEMING, MI, 49849",True,2026-09-19T09:08:13+00:00,46.502148770197,-87.682873681067,2026-09-19T09:03:30+00:00,2026-09-19T09:08:19+00:00,
231322,Charlevoix Area Hospital,14700 Lakeshore Drive,Charlevoix,MI,49720,Charlevoix,(231) 547-4024,Critical Access Hospitals,Voluntary non-profit - Other,"14700 LAKESHORE DRIVE, CHARLEVOIX, MI, 49720",True,2026-09-19T09:08:13+00:00,45.314543123717,-85.273165576552,2026-09-19T09:03:30+00:00,2026-09-19T09:08:19+00:00,
231323,Corewell Health Reed City Hospital,"300 N Patterson, Po Box 75",Reed City,MI,49677,Osceola,(616) 225-6901,Critical Access Hospitals,Voluntary non-profit - Private,"300 N PATTERSON, PO BOX 75, REED CITY, MI, 49677",True,2026-09-19T09:08:13+00:00,43.878540986989,-85.522865187452,2026-09-19T09:03:30+00:00,2026-09-19T09:08:19+00:00,
231324,Eaton Rapids Medical Center,1500 S Main Street,Eaton Rapids,MI,48827,Eaton,(517) 663-2671,Critical Access Hospitals,Voluntary non-profit - Private,"1500 S MAIN STREET, EATON RAPIDS, MI, 48827",True,2026-09-19T09:08:13+00:00,42.496416007437,-84.657456844597,2026-09-19T09:03:30+00:00,2026-09-19T09:08:19+00:00,
231325,Mymichigan Medical Center Gladwin,515 Quarter Street,Gladwin,MI,48624,Gladwin,(989) 426-9286,Critical Access Hospitals,Voluntary non-profit - Private,"515 QUARTER STREET, GLADWIN, MI, 48624",True,2026-09-19T09:08:13+00:00,43.976592050772,-84.49533336183,2026-09-19T09:03:30+00:00,2026-09-19T09:08:19+00:00,
231326,University of Michigan Health- Sparrow Clinton,805 S Oakland,Saint Johns,MI,48879,Clinton,(989) 227-3400,Critical Access Hospitals,Proprietary,"805 S OAKLAND, SAINT JOHNS, MI, 48879",True,2026-09-19T09:08:13+00:00,42.993091714849,-84.555746429982,2026-09-19T09:03:30+00:00,2026-09-19T09:08:19+00:00,
231327,University of Michigan Health - Sparrow Eaton,321 E Harris Street,Charlotte,MI,48813,Eaton,(517) 543-1050,Critical Access Hospitals,Voluntary non-profit - Other,"321 E HARRIS STREET, CHARLOTTE, MI, 48813",True,2026-09-19T09:08:13+00:00,42.565026742957,-84.832883078875,2026-09-19T09:03:30+00:00,2026-09-19T09:08:19+00:00,
231328,Beacon Allegan,555 Linn Street,Allegan,MI,49010,Allegan,(269) 686-4101,Critical Access Hospitals,Voluntary non-profit - Private,"555 LINN STREET, ALLEGAN, MI, 49010",True,2026-09-19T09:08:13+00:00,42.518378010458,-85.857736572924,2026-09-19T09:03:30+00:00,2026-09-19T09:08:19+00:00,
231329,Mclaren Caro Region,401 N Hooper St,Caro,MI,48723,Tuscola,(989) 673-3141,Critical Access Hospitals,Voluntary non-profit - Private,"401 N HOOPER ST, CARO, MI, 48723",True,2026-09-19T09:08:13+00:00,43.493204196139,-83.407189673468,2026-09-19T09:03:30+00:00,2026-09-19T09:08:19+00:00,
231330,Marlette Regional Hospital,2770 Main Street,Marlette,MI,48453,Sanilac,(989) 635-4000,Critical Access Hospitals,Voluntary non-profit - Private,"2770 MAIN STREET, MARLETTE, MI, 48453",True,2026-09-19T09:08:13+00:00,43.332863156345,-83.080348021536,2026-09-19T09:03:30+00:00,2026-09-19T09:08:19+00:00,
231331,Sparrow Ionia Hospital,3565 S State Road,Ionia,MI,48846,Ionia,(616) 527-4200,Critical Access Hospitals,Voluntary non-profit - Private,"3565 S STATE ROAD, IONIA, MI, 48846",True,2026-09-19T09:08:13+00:00,42.935898540571,-85.074693649177,2026-09-19T09:03:30+00:00,2026-09-19T09:08:19+00:00,
231332,Bronson Lakeview Hospital,408 Hazen Street,Paw Paw,MI,49079,Van Buren,(269) 657-1400,Critical Access Hospitals,Voluntary non-profit - Private,"408 HAZEN STREET, PAW PAW, MI, 49079",True,2026-09-19T09:08:13+00:00,42.220972285007,-85.897933155311,2026-09-19T09:03:30+00:00,2026-09-19T09:08:19+00:00,
231333,Aspirus Ironwood Hospital,N10561 Grand View Lane,Ironwood,MI,49938,Gogebic,(906) 932-2525,Critical Access Hospitals,Voluntary non-profit - Private,"N10561 GRAND VIEW LANE, IRONWOOD, MI, 49938",True,2026-09-19T09:08:13+00:00,46.481900879095,-90.105661521572,2026-09-19T09:03:30+00:00,2026-09-19T09:08:19+00:00,
231337,Osf St Francis Hospital and Medical Group,3401 Ludington St,Escanaba,MI,49829,Delta,(906) 786-3311,Critical Access Hospitals,Voluntary non-profit - Church,"3401 LUDINGTON ST, ESCANABA, MI, 49829",True,2026-09-19T09:08:13+00:00,45.745692190285,-87.100897078747,2026-09-19T09:03:30+00:00,2026-09-19T09:08:19+00:00,
231338,Corewell Health Gerber Hospital,212 S Sullivan St,Fremont,MI,49412,Newaygo,(231) 924-3300,Critical Access Hospitals,Voluntary non-profit - Private,"212 S SULLIVAN ST, FREMONT, MI, 49412",True,2026-09-19T09:08:13+00:00,43.465155211859,-85.950652887316,2026-09-19T09:03:30+00:00,2026-09-19T09:08:19+00:00,
231339,Corewell Health Pennock Hospital,1009 W Green St,Hastings,MI,49058,Barry,(269) 945-3451,Critical Access Hospitals,Voluntary non-profit - Other,"1009 W GREEN ST, HASTINGS, MI, 49058",True,2026-09-19T09:08:13+00:00,42.644326590591,-85.301971990834,2026-09-19T09:03:30+00:00,2026-09-19T09:08:19+00:00,
231340,Mclaren Thumb Region,1100 S Van Dyke Rd,Bad Axe,MI,48413,Huron,(989) 269-9521,Critical Access Hospitals,Voluntary non-profit - Private,"1100 S VAN DYKE RD, BAD AXE, MI, 48413",True,2026-09-19T09:08:13+00:00,43.802442097357,-83.032817833692,2026-09-19T09:03:30+00:00,2026-09-19T09:08:19+00:00,
233300,Children's Hospital of Michigan,3901 Beaubien Street,Detroit,MI,48201,Wayne,(313) 745-5437,Childrens,Proprietary,"3901 BEAUBIEN STREET, DETROIT, MI, 48201",True,2026-09-19T09:08:13+00:00,42.351812811091,-83.053842434801,2026-09-19T09:03:30+00:00,2026-09-19T09:08:19+00:00,
234026,Kalamazoo Regional Psychiatric Hospital,1312 Oakland Dr,Kalamazoo,MI,49008,Kalamazoo,(269) 337-3309,Psychiatric,Government - State,"1312 OAKLAND DR, KALAMAZOO, MI, 49008",True,2026-09-19T09:08:13+00:00,42.279159766078,-85.601595839402,2026-09-19T09:03:30+00:00,2026-09-19T09:08:19+00:00,
150001,Johnson Memorial Hospital,1125 W Jefferson St,Franklin,IN,46131,Johnson,(317) 736-3300,Acute Care Hospitals,Government - Local,"1125 W JEFFERSON ST, FRANKLIN, IN, 46131",True,2026-09-19T09:08:00+00:00,39.480565750251,-86.076765951868,2026-09-19T09:03:46+00:00,2026-09-19T09:08:12+00:00,
150002,Methodist Hospitals Inc,600 Grant St,Gary,IN,46402,Lake,(219) 886-4000,Acute Care Hospitals,Voluntary non-profit - Private,"600 GRANT ST, GARY, IN, 46402",True,2026-09-19T09:08:00+00:00,41.59951647505,-87.357130976555,2026-09-19T09:03:46+00:00,2026-09-19T09:08:12+00:00,
150005,Hendricks Regional Health,1000 E Main St,Danville,IN,46122,Hendricks,(317) 745-4451,Acute Care Hospitals,Government - Local,"1000 E MAIN ST, DANVILLE, IN, 46122",True,2026-09-19T09:08:00+00:00,39.759678066531,-86.511238268661,2026-09-19T09:03:46+00:00,2026-09-19T09:08:12+00:00,
150006,Northwest Health-la Porte,1007 Lincolnway,La Porte,IN,46350,La Porte,(219) 326-1234,Acute Care Hospitals,Voluntary non-profit - Private,"1007 LINCOLNWAY, LA PORTE, IN, 46350",True,2026-09-19T09:08:00+00:00,41.609636971236,-86.724413236785,2026-09-19T09:03:46+00:00,2026-09-19T09:08:12+00:00,
150007,Community Howard Regional Health Inc.,3500 S Lafountain St,Kokomo,IN,46902,Howard,(765) 776-8000,Acute Care Hospitals,Voluntary non-profit - Private,"3500 S LAFOUNTAIN ST, KOKOMO, IN, 46902",True,2026-09-19T09:08:00+00:00,40.446596655504,-86.127015032656,2026-09-19T09:03:46+00:00,2026-09-19T09:08:12+00:00,
150008,St Catherine Hospital Inc,4321 Fir Street,East Chicago,IN,46312,Lake,(219) 392-7004,Acute Care Hospitals,Voluntary non-profit - Private,"4321 FIR STREET, EAST CHICAGO, IN, 46312",True,2026-09-19T09:08:00+00:00,41.6504588,-87.4511231,2026-09-19T09:03:46+00:00,2026-09-19T09:08:12+00:00,True
150009,Norton Clark Hospital,1220 Missouri Ave,Jeffersonville,IN,47130,Clark,(812) 283-2147,Acute Care Hospitals,Voluntary non-profit - Other,"1220 MISSOURI AVE, JEFFERSONVILLE, IN, 47130",True,2026-09-19T09:08:00+00:00,38.3358302,-85.6989684,2026-09-19T09:03:46+00:00,2026-09-19T09:08:12+00:00,True
150010,Ascension St Vincent Kokomo,1907 W Sycamore St,Kokomo,IN,46904,Howard,(765) 452-5611,Acute Care Hospitals,Voluntary non-profit - Church,"1907 W SYCAMORE ST, KOKOMO, IN, 46904",True,2026-09-19T09:08:00+00:00,40.487164939388,-86.15554919696,2026-09-19T09:03:46+00:00,2026-09-19T09:08:12+00:00,
150011,Marion General Hospital,441 N Wabash Ave,Marion,IN,46952,Grant,(765) 660-6000,Acute Care Hospitals,Voluntary non-profit - Private,"441 N WABASH AVE, MARION, IN, 46952",True,2026-09-19T09:08:00+00:00,40.564083645443,-85.665444238451,2026-09-19T09:03:46+00:00,2026-09-19T09:08:12+00:00,
150012,Saint Joseph Regional Medical Center,5215 Holy Cross Pkwy,Mishawaka,IN,46545,St. Joseph,(574) 335-5000,Acute Care Hospitals,Voluntary non-profit - Private,"5215 HOLY CROSS PKWY, MISHAWAKA, IN, 46545",True,2026-09-19T09:08:00+00:00,41.693491,-86.1465692,2026-09-19T09:03:46+00:00,2026-09-19T09:08:12+00:00,True
150015,Franciscan Health Michigan City,3500 Franciscan Way,Michigan City,IN,46360,La Porte,(219) 879-8511,Acute Care Hospitals,Voluntary non-profit - Church,"3500 FRANCISCAN WAY, MICHIGAN CITY, IN, 46360",True,2026-09-19T09:08:00+00:00,41.689234,-86.8651199,2026-09-19T09:03:46+00:00,2026-09-19T09:08:12+00:00,True
150017,Lutheran Hospital of Indiana,7950 W Jefferson Blvd,Fort Wayne,IN,46804,Allen,(260) 435-7001,Acute Care Hospitals,Proprietary,"7950 W JEFFERSON BLVD, FORT WAYNE, IN, 46804",True,2026-09-19T09:08:00+00:00,41.036738540844,-85.246984867727,2026-09-19T09:03:46+00:00,2026-09-19T09:08:12+00:00,
150018,Elkhart General Hospital,600 E Blvd,Elkhart,IN,46514,Elkhart,(574) 294-2621,Acute Care Hospitals,Government - Local,"600 E BLVD, ELKHART, IN, 46514",True,2026-09-19T09:08:00+00:00,41.722679,-85.9749992,2026-09-19T09:03:46+00:00,2026-09-19T09:08:12+00:00,True
150021,Parkview Regional Medical Center,11109 Parkview Plaza Drive,Fort Wayne,IN,46845,Allen,(260) 266-1195,Acute Care Hospitals,Voluntary non-profit - Private,"11109 PARKVIEW PLAZA DRIVE, FORT WAYNE, IN, 46845",True,2026-09-19T09:08:00+00:00,41.186305982201,-85.099239074255,2026-09-19T09:03:46+00:00,2026-09-19T09:08:12+00:00,
150022,Franciscan Health Crawfordsville,1710 Lafayette Rd,Crawfordsville,IN,47933,Montgomery,(765) 362-2800,Acute Care Hospitals,Voluntary non-profit - Church,"1710 LAFAYETTE RD, CRAWFORDSVILLE, IN, 47933",True,2026-09-19T09:08:00+00:00,40.065688926504,-86.908054105045,2026-09-19T09:03:46+00:00,2026-09-19T09:08:12+00:00,
150023,Union Hospital Inc,1606 N Seventh St,Terre Haute,IN,47804,Vigo,(812) 238-7606,Acute Care Hospitals,Voluntary non-profit - Private,"1606 N SEVENTH ST, TERRE HAUTE, IN, 47804",True,2026-09-19T09:08:00+00:00,39.483958853618,-87.390650088597,2026-09-19T09:03:46+00:00,2026-09-19T09:08:12+00:00,
150024,Eskenazi Health,720 Eskenazi Avenue,Indianapolis,IN,46202,Marion,(317) 880-4818,Acute Care Hospitals,Government - Local,"720 ESKENAZI AVENUE, INDIANAPOLIS, IN, 46202",True,2026-09-19T09:08:00+00:00,39.77811769425,-86.182951084622,2026-09-19T09:03:46+00:00,2026-09-19T09:08:12+00:00,
150026,Goshen Hospital,200 High Park Ave,Goshen,IN,46526,Elkhart,(574) 364-1000,Acute Care Hospitals,Voluntary non-profit - Private,"200 HIGH PARK AVE, GOSHEN, IN, 46526",True,2026-09-19T09:08:00+00:00,41.564283746714,-85.829832947644,2026-09-19T09:03:46+00:00,2026-09-19T09:08:12+00:00,
150030,Henry County Memorial Hospital,1000 N 16th St,New Castle,IN,47362,Henry,(765) 521-0890,Acute Care Hospitals,Government - Local,"1000 N 16TH ST, NEW CASTLE, IN, 47362",True,2026-09-19T09:08:00+00:00,39.942818532448,-85.364936718363,2026-09-19T09:03:46+00:00,2026-09-19T09:08:12+00:00,
150034,St Mary Medical Center Inc,1500 S Lake Park Ave,Hobart,IN,46342,Lake,(219) 947-6196,Acute Care Hospitals,Voluntary non-profit - Private,"1500 S LAKE PARK AVE, HOBART, IN, 46342",True,2026-09-19T09:08:00+00:00,41.514215892677,-87.25903405295,2026-09-19T09:03:46+00:00,2026-09-19T09:08:12+00:00,
150035,Northwest Health - Porter,85 East Us Hwy 6,Valparaiso,IN,46383,Porter,(219) 983-8300,Acute Care Hospitals,Proprietary,"85 EAST US HWY 6, VALPARAISO, IN, 46383",True,2026-09-19T09:08:00+00:00,41.550000732617,-87.054308063677,2026-09-19T09:03:46+00:00,2026-09-19T09:08:12+00:00,
150037,Hancock Regional Hospital,801 N State St,Greenfield,IN,46140,Hancock,(317) 462-5544,Acute Care Hospitals,Government - Local,"801 N STATE ST, GREENFIELD, IN, 46140",True,2026-09-19T09:08:00+00:00,39.773066516447,-85.766352507118,2026-09-19T09:03:46+00:00,2026-09-19T09:08:12+00:00,
15003F,Indianapolis Va Medical Center,1481 W. Tenth Street,Indianapolis,IN,46202,Marion,(317) 554-0000,Acute Care - Veterans Administration,Veterans Health Administration,"1481 W. TENTH STREET, INDIANAPOLIS, IN, 46202",True,2026-09-19T09:08:00+00:00,39.779688945953,-86.187400688218,2026-09-19T09:03:46+00:00,2026-09-19T09:08:12+00:00,
150042,Good Samaritan Hospital,520 S 7th St,Vincennes,IN,47591,Knox,(812) 882-5220,Acute Care Hospitals,Voluntary non-profit - Other,"520 S 7TH ST, VINCENNES, IN, 47591",True,2026-09-19T09:08:00+00:00,38.67392444451,-87.532120532837,2026-09-19T09:03:46+00:00,2026-09-19T09:08:12+00:00,
150044,Baptist Health Floyd,1850 State St,New Albany,IN,47150,Floyd,(812) 944-7701,Acute Care Hospitals,Voluntary non-profit - Private,"1850 STATE ST, NEW ALBANY, IN, 47150",True,2026-09-19T09:08:00+00:00,38.300350618277,-85.834821136922,2026-09-19T09:03:46+00:00,2026-09-19T09:08:12+00:00,
150045,Parkview Dekalb Hospital,1316 E Seventh St,Auburn,IN,46706,De Kalb,(260) 925-4600,Acute Care Hospitals,Voluntary non-profit - Private,"1316 E SEVENTH ST, AUBURN, IN, 46706",True,2026-09-19T09:08:00+00:00,41.367697650067,-85.036429104177,2026-09-19T09:03:46+00:00,2026-09-19T09:08:12+00:00,
150046,Terre Haute Regional Hospital,3901 S Seventh St,Terre Haute,IN,47802,Vigo,(812) 232-0021,Acute Care Hospitals,Proprietary,"3901 S SEVENTH ST, TERRE HAUTE, IN, 47802",True,2026-09-19T09:08:00+00:00,39.419989954012,-87.406915298663,2026-09-19T09:03:46+00:00,2026-09-19T09:08:12+00:00,
150047,"St Joseph Health System, Llc",702 Van Buren St.,Fort Wayne,IN,46802,Allen,(260) 425-3000,Acute Care Hospitals,Proprietary,"702 VAN BUREN ST., FORT WAYNE, IN, 46802",True,2026-09-19T09:08:00+00:00,41.078614624623,-85.150236971734,2026-09-19T09:03:46+00:00,2026-09-19T09:08:12+00:00,
150048,Reid Health,1100 Reid Pkwy,Richmond,IN,47374,Wayne,(765) 983-3000,Acute Care Hospitals,Voluntary non-profit - Private,"1100 REID PKWY, RICHMOND, IN, 47374",True,2026-09-19T09:08:00+00:00,39.862874662594,-84.885812085987,2026-09-19T09:03:46+00:00,2026-09-19T09:08:12+00:00,
15004F,Va N. Indiana Healthcare System,1700 E. 38th Street,Marion,IN,46953,Grant,(765) 674-3321,Acute Care - Veterans Administration,Veterans Health Administration,"1700 E. 38TH STREET, MARION, IN, 46953",True,2026-09-19T09:08:00+00:00,40.52370398389,-85.637210089884,2026-09-19T09:03:46+00:00,2026-09-19T09:08:12+00:00,
150051,Indiana University Health Bloomington Hospital,601 W Second St,Bloomington,IN,47403,Monroe,(812) 353-9554,Acute Care Hospitals,Voluntary non-profit - Private,"601 W SECOND ST, BLOOMINGTON, IN, 47403",True,2026-09-19T09:08:00+00:00,39.161348941354,-86.540105229844,2026-09-19T09:03:46+00:00,2026-09-19T09:08:12+00:00,
150056,Indiana University Health,1701 N Senate Blvd,Indianapolis,IN,46202,Marion,(317) 962-2000,Acute Care Hospitals,Voluntary non-profit - Private,"1701 N SENATE BLVD, INDIANAPOLIS, IN, 46202",True,2026-09-19T09:08:00+00:00,39.788417435639,-86.165638430352,2026-09-19T09:03:46+00:00,2026-09-19T09:08:12+00:00,
150057,Franciscan Health Mooresville,1201 Hadley Rd,Mooresville,IN,46158,Morgan,(317) 831-1160,Acute Care Hospitals,Voluntary non-profit - Church,"1201 HADLEY RD, MOORESVILLE, IN, 46158",True,2026-09-19T09:08:00+00:00,39.609289754674,-86.355941467741,2026-09-19T09:03:46+00:00,2026-09-19T09:08:12+00:00,
150058,Memorial Hospital of South Bend,615 N Michigan St,South Bend,IN,46601,St. Joseph,(574) 647-1000,Acute Care Hospitals,Voluntary non-profit - Private,"615 N MICHIGAN ST, SOUTH BEND, IN, 46601",True,2026-09-19T09:08:00+00:00,41.683985289669,-86.250585503207,2026-09-19T09:03:46+00:00,2026-09-19T09:08:12+00:00,
150059,Riverview Health,395 Westfield Rd,Noblesville,IN,46060,Hamilton,(317) 773-0760,Acute Care Hospitals,Government - Local,"395 WESTFIELD RD, NOBLESVILLE, IN, 46060",True,2026-09-19T09:08:00+00:00,40.046965741244,-86.023928989406,2026-09-19T09:03:46+00:00,2026-09-19T09:08:12+00:00,
150061,Daviess Community Hospital,1314 E Walnut St,Washington,IN,47501,Daviess,(812) 254-2760,Acute Care Hospitals,Government - Local,"1314 E WALNUT ST, WASHINGTON, IN, 47501",True,2026-09-19T09:08:00+00:00,38.658730994876,-87.161092502166,2026-09-19T09:03:46+00:00,2026-09-19T09:08:12+00:00,
150065,Schneck Medical Center,411 W Tipton St,Seymour,IN,47274,Jackson,(812) 522-2349,Acute Care Hospitals,Government - Local,"411 W TIPTON ST, SEYMOUR, IN, 47274",True,2026-09-19T09:08:00+00:00,38.956688052602,-85.891194992107,2026-09-19T09:03:46+00:00,2026-09-19T09:08:12+00:00,
150069,Norton-king's Daughters' Health,1373 East Sr 62,Madison,IN,47250,Jefferson,(812) 801-0800,Acute Care Hospitals,Voluntary non-profit - Private,"1373 EAST SR 62, MADISON, IN, 47250",True,2026-09-19T09:08:00+00:00,38.789243408084,-85.365104247816,2026-09-19T09:03:46+00:00,2026-09-19T09:08:12+00:00,
150072,Memorial Hospital,1101 Michigan Ave,Logansport,IN,46947,Cass,(574) 753-7541,Acute Care Hospitals,Government - Local,"1101 MICHIGAN AVE, LOGANSPORT, IN, 46947",True,2026-09-19T09:08:00+00:00,40.762571181268,-86.361264657619,2026-09-19T09:03:46+00:00,2026-09-19T09:08:12+00:00,
150074,Community Hospital East,1500 N Ritter Ave,Indianapolis,IN,46219,Marion,(317) 355-5411,Acute Care Hospitals,Voluntary non-profit - Private,"1500 N RITTER AVE, INDIANAPOLIS, IN, 46219",True,2026-09-19T09:08:00+00:00,39.787678642331,-86.073871956166,2026-09-19T09:03:46+00:00,2026-09-19T09:08:12+00:00,
150075,Bluffton Regional Medical Center,303 S Main St,Bluffton,IN,46714,Wells,(260) 824-3210,Acute Care Hospitals,Proprietary,"303 S MAIN ST, BLUFFTON, IN, 46714",True,2026-09-19T09:08:00+00:00,40.737180140737,-85.171417699908,2026-09-19T09:03:46+00:00,2026-09-19T09:08:12+00:00,
150076,Saint Joseph Regional Medical Center - Plymouth,1915 Lake Ave,Plymouth,IN,46563,Marshall,(574) 948-4000,Acute Care Hospitals,Voluntary non-profit - Church,"1915 LAKE AVE, PLYMOUTH, IN, 46563",True,2026-09-19T09:08:00+00:00,41.333926803733,-86.33337594065,2026-09-19T09:03:46+00:00,2026-09-19T09:08:12+00:00,
150082,Deaconess Hospital Inc,600 Mary St,Evansville,IN,47747,Vanderburgh,(812) 450-5000,Acute Care Hospitals,Voluntary non-profit - Private,"600 MARY ST, EVANSVILLE, IN, 47747",True,2026-09-19T09:08:00+00:00,37.969629373914,-87.505618472642,2026-09-19T09:03:46+00:00,2026-09-19T09:08:12+00:00,
150084,Ascension St Vincent Hospital,2001 W 86th St,Indianapolis,IN,46260,Marion,(317) 338-7000,Acute Care Hospitals,Voluntary non-profit - Church,"2001 W 86TH ST, INDIANAPOLIS, IN, 46260",True,2026-09-19T09:08:00+00:00,39.911973125425,-86.196443226328,2026-09-19T09:03:46+00:00,2026-09-19T09:08:12+00:00,
150086,St Elizabeth Dearborn Hospital,600 Wilson Creek Rd,Lawrenceburg,IN,47025,Dearborn,(812) 537-1010,Acute Care Hospitals,Government - Local,"600 WILSON CREEK RD, LAWRENCEBURG, IN, 47025",True,2026-09-19T09:08:00+00:00,39.110606826066,-84.884647925887,2026-09-19T09:03:46+00:00,2026-09-19T09:08:12+00:00,
150088,Ascension St Vincent Anderson,2015 Jackson St,Anderson,IN,46016,Madison,(765) 649-2511,Acute Care Hospitals,Voluntary non-profit - Private,"2015 JACKSON ST, ANDERSON, IN, 46016",True,2026-09-19T09:08:00+00:00,40.096193619503,-85.680537889276,2026-09-19T09:03:46+00:00,2026-09-19T09:08:12+00:00,
150089,Indiana University Health Ball Memorial Hospital,2401 University Ave,Muncie,IN,47303,Delaware,(765) 747-3111,Acute Care Hospitals,Voluntary non-profit - Private,"2401 UNIVERSITY AVE, MUNCIE, IN, 47303",True,2026-09-19T09:08:00+00:00,40.197546875283,-85.414092694866,2026-09-19T09:03:46+00:00,2026-09-19T09:08:12+00:00,
150090,Franciscan Health Dyer,24 Joliet St,Dyer,IN,46311,Lake,(219) 865-2141,Acute Care Hospitals,Voluntary non-profit - Church,"24 JOLIET ST, DYER, IN, 46311",True,2026-09-19T09:08:00+00:00,41.49418131945,-87.523496779509,2026-09-19T09:03:46+00:00,2026-09-19T09:08:12+00:00,
150091,Parkview Huntington Hospital,2001 Stults Rd,Huntington,IN,46750,Huntington,(260) 355-3300,Acute Care Hospitals,Voluntary non-profit - Private,"2001 STULTS RD, HUNTINGTON, IN, 46750",True,2026-09-19T09:08:00+00:00,40.905554365175,-85.490524330393,2026-09-19T09:03:46+00:00,2026-09-19T09:08:12+00:00,
150097,Major Hospital,2451 Intelliplex Dr,Shelbyville,IN,46176,Shelby,(317) 392-3211,Acute Care Hospitals,Government - Local,"2451 INTELLIPLEX DR, SHELBYVILLE, IN, 46176",True,2026-09-19T09:08:00+00:00,39.559442357418,-85.784048754805,2026-09-19T09:03:46+00:00,2026-09-19T09:08:12+00:00,
150100,Ascension St Vincent Evansville,3700 Washington Ave,Evansville,IN,47750,Vanderburgh,(812) 485-4000,Acute Care Hospitals,Voluntary non-profit - Private,"3700 WASHINGTON AVE, EVANSVILLE, IN, 47750",True,2026-09-19T09:08:00+00:00,37.96245560626,-87.505347671559,2026-09-19T09:03:46+00:00,2026-09-19T09:08:12+00:00,
150101,Parkview Whitley Hospital,1260 E Sr 205,Columbia City,IN,46725,Whitley,(260) 248-9301,Acute Care Hospitals,Voluntary non-profit - Private,"1260 E SR 205, COLUMBIA CITY, IN, 46725",True,2026-09-19T09:08:00+00:00,41.160174993762,-85.466626486318,2026-09-19T09:03:46+00:00,2026-09-19T09:08:12+00:00,
150102,Northwest Health - Starke,102 E Culver Rd,Knox,IN,46534,Starke,(574) 772-6231,Acute Care Hospitals,Proprietary,"102 E CULVER RD, KNOX, IN, 46534",True,2026-09-19T09:08:00+00:00,41.287992898384,-86.621887638769,2026-09-19T09:03:46+00:00,2026-09-19T09:08:12+00:00,
150104,Witham Health Services,2605 N Lebanon St,Lebanon,IN,46052,Boone,(765) 485-8000,Acute Care Hospitals,Government - Local,"2605 N LEBANON ST, LEBANON, IN, 46052",True,2026-09-19T09:08:00+00:00,40.044295,-86.4609746,2026-09-19T09:03:46+00:00,2026-09-19T09:08:12+00:00,True
150109,Franciscan Health Lafayette,1701 S Creasy Ln,Lafayette,IN,47905,Tippecanoe,(765) 502-4334,Acute Care Hospitals,Voluntary non-profit - Church,"1701 S CREASY LN, LAFAYETTE, IN, 47905",True,2026-09-19T09:08:00+00:00,40.393087297915,-86.838308207248,2026-09-19T09:03:46+00:00,2026-09-19T09:08:12+00:00,
150112,Columbus Regional Hospital,2400 E 17th St,Columbus,IN,47201,Bartholomew,(812) 379-4441,Acute Care Hospitals,Government - Local,"2400 E 17TH ST, COLUMBUS, IN, 47201",True,2026-09-19T09:08:00+00:00,39.215914548504,-85.896761731291,2026-09-19T09:03:46+00:00,2026-09-19T09:08:12+00:00,
150113,Community Hospital of Anderson and Madison County,1515 N Madison Ave,Anderson,IN,46011,Madison,(765) 298-4242,Acute Care Hospitals,Voluntary non-profit - Private,"1515 N MADISON AVE, ANDERSON, IN, 46011",True,2026-09-19T09:08:00+00:00,40.129149832288,-85.691659082808,2026-09-19T09:03:46+00:00,2026-09-19T09:08:12+00:00,
150115,Memorial Hospital and Health Care Center,800 W 9th St,Jasper,IN,47546,Dubois,(812) 996-2345,Acute Care Hospitals,Voluntary non-profit - Private,"800 W 9TH ST, JASPER, IN, 47546",True,2026-09-19T09:08:00+00:00,38.39378903404,-86.942155861943,2026-09-19T09:03:46+00:00,2026-09-19T09:08:12+00:00,
150125,Community Hospital,901 Macarthur Blvd,Munster,IN,46321,Lake,(219) 836-1600,Acute Care Hospitals,Voluntary non-profit - Private,"901 MACARTHUR BLVD, MUNSTER, IN, 46321",True,2026-09-19T09:08:00+00:00,41.550133926286,-87.507681503089,2026-09-19T09:03:46+00:00,2026-09-19T09:08:12+00:00,
150126,Franciscan Health Crown Point,1201 S Main St,Crown Point,IN,46307,Lake,(219) 757-6100,Acute Care Hospitals,Voluntary non-profit - Church,"1201 S MAIN ST, CROWN POINT, IN, 46307",True,2026-09-19T09:08:00+00:00,41.39735191917,-87.364497254115,2026-09-19T09:03:46+00:00,2026-09-19T09:08:12+00:00,
150128,"Community Hospital South, Inc.",1402 E County Line Rd S,Indianapolis,IN,46227,Marion,(317) 887-7000,Acute Care Hospitals,Voluntary non-profit - Private,"1402 E COUNTY LINE RD S, INDIANAPOLIS, IN, 46227",True,2026-09-19T09:08:00+00:00,39.635518762732,-86.13469854387,2026-09-19T09:03:46+00:00,2026-09-19T09:08:12+00:00,
150133,Kosciusko Community Hospital,2101 E Dubois Dr,Warsaw,IN,46580,Kosciusko,(574) 267-3200,Acute Care Hospitals,Proprietary,"2101 E DUBOIS DR, WARSAW, IN, 46580",True,2026-09-19T09:08:00+00:00,41.246483615425,-85.827367216166,2026-09-19T09:03:46+00:00,2026-09-19T09:08:12+00:00,
150146,Parkview Noble Hospital,401 Sawyer Rd,Kendallville,IN,46755,Noble,(260) 347-8700,Acute Care Hospitals,Voluntary non-profit - Private,"401 SAWYER RD, KENDALLVILLE, IN, 46755",True,2026-09-19T09:08:00+00:00,41.448506397324,-85.295102198093,2026-09-19T09:03:46+00:00,2026-09-19T09:08:12+00:00,
150149,The Women's Hospital,4199 Gateway Blvd,Newburgh,IN,47630,Warrick,(812) 842-4200,Acute Care Hospitals,Proprietary,"4199 GATEWAY BLVD, NEWBURGH, IN, 47630",True,2026-09-19T09:08:00+00:00,37.974424506915,-87.4459671218,2026-09-19T09:03:46+00:00,2026-09-19T09:08:12+00:00,
150150,Dupont Hospital Llc,2520 E Dupont Rd,Fort Wayne,IN,46825,Allen,(260) 416-3000,Acute Care Hospitals,Proprietary,"2520 E DUPONT RD, FORT WAYNE, IN, 46825",True,2026-09-19T09:08:00+00:00,41.178612149901,-85.109522377197,2026-09-19T09:03:46+00:00,2026-09-19T09:08:12+00:00,
150153,St Vincent Heart Center,10580 N Meridian St,Carmel,IN,46290,Hamilton,(317) 583-5000,Acute Care Hospitals,Proprietary,"10580 N MERIDIAN ST, CARMEL, IN, 46290",True,2026-09-19T09:08:00+00:00,39.9345264,-86.1618687,2026-09-19T09:03:46+00:00,2026-09-19T09:08:12+00:00,True
150157,Ascension St Vincent Carmel,13500 N Meridian St,Carmel,IN,46032,Hamilton,(317) 582-7000,Acute Care Hospitals,Voluntary non-profit - Private,"13500 N MERIDIAN ST, CARMEL, IN, 46032",True,2026-09-19T09:08:00+00:00,39.984387145245,-86.143385590356,2026-09-19T09:03:46+00:00,2026-09-19T09:08:12+00:00,
150158,Iu Health West Hospital,1111 N Ronald Reagan Pkwy,Avon,IN,46123,Hendricks,(317) 217-3000,Acute Care Hospitals,Proprietary,"1111 N RONALD REAGAN PKWY, AVON, IN, 46123",True,2026-09-19T09:08:00+00:00,39.782871303083,-86.34364093571,2026-09-19T09:03:46+00:00,2026-09-19T09:08:12+00:00,
150161,Indiana University Health North Hospital,11700 N Meridian St,Carmel,IN,46032,Hamilton,(317) 688-2000,Acute Care Hospitals,Voluntary non-profit - Private,"11700 N MERIDIAN ST, CARMEL, IN, 46032",True,2026-09-19T09:08:00+00:00,39.957725623394,-86.158003807082,2026-09-19T09:03:46+00:00,2026-09-19T09:08:12+00:00,
150162,Franciscan Health Indianapolis,8111 S Emerson Ave,Indianapolis,IN,46237,Marion,(317) 528-5000,Acute Care Hospitals,Voluntary non-profit - Church,"8111 S EMERSON AVE, INDIANAPOLIS, IN, 46237",True,2026-09-19T09:08:00+00:00,39.648338733426,-86.082582425201,2026-09-19T09:03:46+00:00,2026-09-19T09:08:12+00:00,
150165,Franciscan Health Munster,701 Superior Ave,Munster,IN,46321,Lake,(219) 922-4200,Acute Care Hospitals,Voluntary non-profit - Private,"701 SUPERIOR AVE, MUNSTER, IN, 46321",True,2026-09-19T09:08:00+00:00,41.537326494323,-87.512331318273,2026-09-19T09:03:46+00:00,2026-09-19T09:08:12+00:00,
150167,Orthopaedic Hospital at Parkview North,11130 Parkview Circle Dr,Fort Wayne,IN,46845,Allen,(260) 672-5000,Acute Care Hospitals,Voluntary non-profit - Private,"11130 PARKVIEW CIRCLE DR, FORT WAYNE, IN, 46845",True,2026-09-19T09:08:00+00:00,41.2120118,-85.1087985,2026-09-19T09:03:46+00:00,2026-09-19T09:08:12+00:00,True
150169,Community Hospital North,7150 Clearvista Dr,Indianapolis,IN,46256,Marion,(317) 621-5335,Acute Care Hospitals,Voluntary non-profit - Private,"7150 CLEARVISTA DR, INDIANAPOLIS, IN, 46256",True,2026-09-19T09:08:00+00:00,39.899686709482,-86.041787714641,2026-09-19T09:03:46+00:00,2026-09-19T09:08:12+00:00,
150173,Indiana University Health Arnett Hospital,5165 Mccarty Ln,Lafayette,IN,47905,Tippecanoe,(765) 448-8000,Acute Care Hospitals,Voluntary non-profit - Private,"5165 MCCARTY LN, LAFAYETTE, IN, 47905",True,2026-09-19T09:08:00+00:00,40.422853,-86.7607053,2026-09-19T09:03:46+00:00,2026-09-19T09:08:12+00:00,True
150181,Ascension St Vincent Fishers,13861 Olio Road,Fishers,IN,46037,Hamilton,(317) 415-9000,Acute Care Hospitals,Voluntary non-profit - Private,"13861 OLIO ROAD, FISHERS, IN, 46037",True,2026-09-19T09:08:00+00:00,39.9628088,-85.9439155,2026-09-19T09:03:46+00:00,2026-09-19T09:08:12+00:00,True
150183,Monroe Hospital,4011 S Monroe Medical Park Blvd,Bloomington,IN,47403,Monroe,(812) 825-1111,Acute Care Hospitals,Proprietary,"4011 S MONROE MEDICAL PARK BLVD, BLOOMINGTON, IN, 47403",True,2026-09-19T09:08:00+00:00,39.121348031663,-86.57324587948,2026-09-19T09:03:46+00:00,2026-09-19T09:08:12+00:00,
150195,Uchicago Medicine Northwest Indiana,10855 Virginia Street,Crown Point,IN,46307,Lake,(312) 755-4706,Acute Care Hospitals,Voluntary non-profit - Private,"10855 VIRGINIA STREET, CROWN POINT, IN, 46307",True,2026-09-19T09:08:00+00:00,41.4019134,-87.3254189,2026-09-19T09:03:46+00:00,2026-09-19T09:08:12+00:00,True
151300,Community Hospital of Bremen Inc,1020 High Rd,Bremen,IN,46506,Marshall,(574) 546-2211,Critical Access Hospitals,Voluntary non-profit - Private,"1020 HIGH RD, BREMEN, IN, 46506",True,2026-09-19T09:08:00+00:00,41.457154345749,-86.158790176015,2026-09-19T09:03:46+00:00,2026-09-19T09:08:12+00:00,
151301,Ascension St Vincent Randolph,473 E Greenville Ave,Winchester,IN,47394,Randolph,(765) 584-0004,Critical Access Hospitals,Voluntary non-profit - Private,"473 E GREENVILLE AVE, WINCHESTER, IN, 47394",True,2026-09-19T09:08:00+00:00,40.168199798778,-84.970709306939,2026-09-19T09:03:46+00:00,2026-09-19T09:08:12+00:00,
151303,Ascension St Vincent Jennings,301 Henry St,North Vernon,IN,47265,Jennings,(812) 352-4228,Critical Access Hospitals,Voluntary non-profit - Church,"301 HENRY ST, NORTH VERNON, IN, 47265",True,2026-09-19T09:08:00+00:00,39.011269364158,-85.641114115058,2026-09-19T09:03:46+00:00,2026-09-19T09:08:12+00:00,
151304,Rush Memorial Hospital,1300 N Main St,Rushville,IN,46173,Rush,(765) 932-4111,Critical Access Hospitals,Government - Local,"1300 N MAIN ST, RUSHVILLE, IN, 46173",True,2026-09-19T09:08:00+00:00,39.621344823951,-85.444689160943,2026-09-19T09:03:46+00:00,2026-09-19T09:08:12+00:00,
151305,Pulaski Memorial Hospital,616 E 13th St,Winamac,IN,46996,Pulaski,(574) 946-2100,Critical Access Hospitals,Voluntary non-profit - Other,"616 E 13TH ST, WINAMAC, IN, 46996",True,2026-09-19T09:08:00+00:00,41.057585837731,-86.604813656688,2026-09-19T09:03:46+00:00,2026-09-19T09:08:12+00:00,
151306,Indiana University Health Paoli Hospital,642 W Hospital Rd,Paoli,IN,47454,Orange,(812) 723-2811,Critical Access Hospitals,Voluntary non-profit - Private,"642 W HOSPITAL RD, PAOLI, IN, 47454",True,2026-09-19T09:08:00+00:00,38.567534406868,-86.477031645853,2026-09-19T09:03:46+00:00,2026-09-19T09:08:12+00:00,
151307,Ascension St Vincent Williamsport,412 N Monroe St,Williamsport,IN,47993,Warren,(765) 762-4001,Critical Access Hospitals,Voluntary non-profit - Church,"412 N MONROE ST, WILLIAMSPORT, IN, 47993",True,2026-09-19T09:08:00+00:00,40.290736914541,-87.296087477814,2026-09-19T09:03:46+00:00,2026-09-19T09:08:12+00:00,
151308,Ascension St Vincent Mercy,1331 S A St,Elwood,IN,46036,Madison,(765) 552-4743,Critical Access Hospitals,Voluntary non-profit - Church,"1331 S A ST, ELWOOD, IN, 46036",True,2026-09-19T09:08:00+00:00,40.275934039342,-85.843574216458,2026-09-19T09:03:46+00:00,2026-09-19T09:08:12+00:00,
151309,Ascension St Vincent Clay,1206 E National Ave,Brazil,IN,47834,Clay,(812) 442-2500,Critical Access Hospitals,Voluntary non-profit - Private,"1206 E NATIONAL AVE, BRAZIL, IN, 47834",True,2026-09-19T09:08:00+00:00,39.527016946755,-87.11127907599,2026-09-19T09:03:46+00:00,2026-09-19T09:08:12+00:00,
151310,"Parkview Wabash Hospital, Inc",10 John Kissinger Drive,Wabash,IN,46992,Wabash,(260) 569-2160,Critical Access Hospitals,Voluntary non-profit - Private,"10 JOHN KISSINGER DRIVE, WABASH, IN, 46992",True,2026-09-19T09:08:00+00:00,40.820006272731,-85.820919220389,2026-09-19T09:03:46+00:00,2026-09-19T09:08:12+00:00,
151311,Indiana University Health Tipton Hospital Inc,1000 S Main St,Tipton,IN,46072,Tipton,(765) 675-8500,Critical Access Hospitals,Voluntary non-profit - Other,"1000 S MAIN ST, TIPTON, IN, 46072",True,2026-09-19T09:08:00+00:00,40.272749867484,-86.041172462551,2026-09-19T09:03:46+00:00,2026-09-19T09:08:12+00:00,
151312,Indiana University Health White Memorial Hospital,720 South Sixth St,Monticello,IN,47960,White,(574) 583-7111,Critical Access Hospitals,Voluntary non-profit - Private,"720 SOUTH SIXTH ST, MONTICELLO, IN, 47960",True,2026-09-19T09:08:00+00:00,40.744782813684,-86.775236774955,2026-09-19T09:03:46+00:00,2026-09-19T09:08:12+00:00,
151313,Woodlawn Hospital,1400 E 9th St,Rochester,IN,46975,Fulton,(574) 223-3141,Critical Access Hospitals,Government - Local,"1400 E 9TH ST, ROCHESTER, IN, 46975",True,2026-09-19T09:08:00+00:00,41.061768237047,-86.196811713177,2026-09-19T09:03:46+00:00,2026-09-19T09:08:12+00:00,
151314,Ascension St Vincent Salem,911 N Shelby St,Salem,IN,47167,Washington,(812) 883-5881,Critical Access Hospitals,Voluntary non-profit - Private,"911 N SHELBY ST, SALEM, IN, 47167",True,2026-09-19T09:08:00+00:00,38.610342240217,-86.107600238074,2026-09-19T09:03:46+00:00,2026-09-19T09:08:12+00:00,
151315,Cameron Health,416 E Maumee St,Angola,IN,46703,Steuben,(260) 665-2141,Critical Access Hospitals,Voluntary non-profit - Private,"416 E MAUMEE ST, ANGOLA, IN, 46703",True,2026-09-19T09:08:00+00:00,41.634843751847,-84.995594309197,2026-09-19T09:03:46+00:00,2026-09-19T09:08:12+00:00,
151316,Indiana University Health Frankfort Inc,1300 S Jackson St,Frankfort,IN,46041,Clinton,(765) 656-3000,Critical Access Hospitals,Voluntary non-profit - Private,"1300 S JACKSON ST, FRANKFORT, IN, 46041",True,2026-09-19T09:08:00+00:00,40.269841074329,-86.510612321274,2026-09-19T09:03:46+00:00,2026-09-19T09:08:12+00:00,
151317,Greene County General Hospital,1185 N 1000 W,Linton,IN,47441,Greene,(812) 847-2281,Critical Access Hospitals,Government - Local,"1185 N 1000 W, LINTON, IN, 47441",True,2026-09-19T09:08:00+00:00,39.039441,-87.174106,2026-09-19T09:03:46+00:00,2026-09-19T09:08:12+00:00,True
151318,Dukes Memorial Hospital,275 W 12th St,Peru,IN,46970,Miami,(765) 472-8000,Critical Access Hospitals,Proprietary,"275 W 12TH ST, PERU, IN, 46970",True,2026-09-19T09:08:00+00:00,40.756377559898,-86.08408460557,2026-09-19T09:03:46+00:00,2026-09-19T09:08:12+00:00,
151319,Gibson General Hospital,1808 Sherman Dr,Princeton,IN,47670,Gibson,(812) 385-3401,Critical Access Hospitals,Voluntary non-profit - Private,"1808 SHERMAN DR, PRINCETON, IN, 47670",True,2026-09-19T09:08:00+00:00,38.360327071773,-87.590216366893,2026-09-19T09:03:46+00:00,2026-09-19T09:08:12+00:00,
151320,"Indiana University Health Jay, Inc.",500 W Votaw St,Portland,IN,47371,Jay,(260) 726-7131,Critical Access Hospitals,Government - Local,"500 W VOTAW ST, PORTLAND, IN, 47371",True,2026-09-19T09:08:00+00:00,40.43943455792,-84.983890255953,2026-09-19T09:03:46+00:00,2026-09-19T09:08:12+00:00,
151322,Perry County Memorial Hospital,8885 Sr 237,Tell City,IN,47586,Perry,(812) 547-7011,Critical Access Hospitals,Voluntary non-profit - Other,"8885 SR 237, TELL CITY, IN, 47586",True,2026-09-19T09:08:00+00:00,37.970205870765,-86.730491001317,2026-09-19T09:03:46+00:00,2026-09-19T09:08:12+00:00,
151323,Parkview Lagrange Hospital,207 N Townline Rd,Lagrange,IN,46761,Lagrange,(260) 463-9000,Critical Access Hospitals,Voluntary non-profit - Private,"207 N TOWNLINE RD, LAGRANGE, IN, 46761",True,2026-09-19T09:08:00+00:00,41.644645898197,-85.424857429172,2026-09-19T09:03:46+00:00,2026-09-19T09:08:12+00:00,
151324,"Franciscan Health Rensselaer, Inc",1104 E Grace St,Rensselaer,IN,47978,Jasper,(219) 866-5141,Critical Access Hospitals,Voluntary non-profit - Private,"1104 E GRACE ST, RENSSELAER, IN, 47978",True,2026-09-19T09:08:00+00:00,40.93364257978,-87.138659826517,2026-09-19T09:03:46+00:00,2026-09-19T09:08:12+00:00,
151325,Ascension St Vincent Warrick,1116 Millis Ave,Boonville,IN,47601,Warrick,(812) 897-4800,Critical Access Hospitals,Voluntary non-profit - Private,"1116 MILLIS AVE, BOONVILLE, IN, 47601",True,2026-09-19T09:08:00+00:00,38.041432223542,-87.263425094287,2026-09-19T09:03:46+00:00,2026-09-19T09:08:12+00:00,
151326,Union Hospital Clinton,801 S Main St,Clinton,IN,47842,Vermillion,(765) 832-1234,Critical Access Hospitals,Voluntary non-profit - Private,"801 S MAIN ST, CLINTON, IN, 47842",True,2026-09-19T09:08:00+00:00,39.653233231708,-87.3982769407,2026-09-19T09:03:46+00:00,2026-09-19T09:08:12+00:00,
151327,Sullivan County Community Hospital,2200 N Section St,Sullivan,IN,47882,Sullivan,(812) 268-4311,Critical Access Hospitals,Government - Local,"2200 N SECTION ST, SULLIVAN, IN, 47882",True,2026-09-19T09:08:00+00:00,39.123113077295,-87.409181596631,2026-09-19T09:03:46+00:00,2026-09-19T09:08:12+00:00,
151328,Indiana University Health Bedford Hospital,2900 W 16th St,Bedford,IN,47421,Lawrence,(812) 275-1200,Critical Access Hospitals,Voluntary non-profit - Private,"2900 W 16TH ST, BEDFORD, IN, 47421",True,2026-09-19T09:08:00+00:00,38.860909333962,-86.512077927944,2026-09-19T09:03:46+00:00,2026-09-19T09:08:12+00:00,
151329,Margaret Mary Community Hospital Inc,321 Mitchell Ave,Batesville,IN,47006,Franklin,(812) 934-6624,Critical Access Hospitals,Voluntary non-profit - Private,"321 MITCHELL AVE, BATESVILLE, IN, 47006",True,2026-09-19T09:08:00+00:00,39.304711749227,-85.225154966329,2026-09-19T09:03:46+00:00,2026-09-19T09:08:12+00:00,
151330,Adams Memorial Hospital,1100 Mercer Ave,Decatur,IN,46733,Adams,(260) 724-2145,Critical Access Hospitals,Government - Local,"1100 MERCER AVE, DECATUR, IN, 46733",True,2026-09-19T09:08:00+00:00,40.817154411328,-84.911617600795,2026-09-19T09:03:46+00:00,2026-09-19T09:08:12+00:00,
151331,Harrison County Hospital,245 Atwood Street,Corydon,IN,47112,Harrison,(812) 738-4251,Critical Access Hospitals,Government - Local,"245 ATWOOD STREET, CORYDON, IN, 47112",True,2026-09-19T09:08:00+00:00,38.205136408478,-86.122291556208,2026-09-19T09:03:46+00:00,2026-09-19T09:08:12+00:00,
151332,Decatur County Memorial Hospital,720 North Lincoln Street,Greensburg,IN,47240,Decatur,(812) 663-4331,Critical Access Hospitals,Government - Local,"720 NORTH LINCOLN STREET, GREENSBURG, IN, 47240",True,2026-09-19T09:08:00+00:00,39.344181462952,-85.479335758498,2026-09-19T09:03:46+00:00,2026-09-19T09:08:12+00:00,
151333,Putnam County Hospital,1542 S Bloomington St,Greencastle,IN,46135,Putnam,(765) 653-5121,Critical Access Hospitals,Government - Local,"1542 S BLOOMINGTON ST, GREENCASTLE, IN, 46135",True,2026-09-19T09:08:00+00:00,39.621935734586,-86.845968915975,2026-09-19T09:03:46+00:00,2026-09-19T09:08:12+00:00,
151334,Norton Scott Hospital,1451 N Gardner St,Scottsburg,IN,47170,Scott,(812) 752-3456,Critical Access Hospitals,Proprietary,"1451 N GARDNER ST, SCOTTSBURG, IN, 47170",True,2026-09-19T09:08:00+00:00,38.705100222303,-85.785108195497,2026-09-19T09:03:46+00:00,2026-09-19T09:08:12+00:00,
154008,Neurodiagnostic Institute,5435 E 16th St,Indianapolis,IN,46218,Marion,(317) 941-4000,Psychiatric,Government - State,"5435 E 16TH ST, INDIANAPOLIS, IN, 46218",True,2026-09-19T09:08:00+00:00,39.788848368091,-86.076112873828,2026-09-19T09:03:46+00:00,2026-09-19T09:08:12+00:00,
154018,Richmond State Hospital,498 Nw 18th St,Richmond,IN,47374,Wayne,(765) 966-0511,Psychiatric,Proprietary,"498 NW 18TH ST, RICHMOND, IN, 47374",True,2026-09-19T09:08:00+00:00,39.834435326655,-84.926938904817,2026-09-19T09:03:46+00:00,2026-09-19T09:08:12+00:00,
154019,Madison State Hospital,711 Green Rd,Madison,IN,47250,Jefferson,(812) 265-2611,Psychiatric,Government - State,"711 GREEN RD, MADISON, IN, 47250",True,2026-09-19T09:08:00+00:00,38.761583096832,-85.401669377329,2026-09-19T09:03:46+00:00,2026-09-19T09:08:12+00:00,
154020,Regional Mental Health Center,8555 Taft St,Merrillville,IN,46410,Lake,(219) 769-4005,Psychiatric,Voluntary non-profit - Private,"8555 TAFT ST, MERRILLVILLE, IN, 46410",True,2026-09-19T09:08:00+00:00,41.46288561459,-87.364888912226,2026-09-19T09:03:46+00:00,2026-09-19T09:08:12+00:00,
154047,Michiana Behavioral Health Center,1800 N Oak Rd,Plymouth,IN,46563,Marshall,(574) 936-3784,Psychiatric,Voluntary non-profit - Other,"1800 N OAK RD, PLYMOUTH, IN, 46563",True,2026-09-19T09:08:00+00:00,41.356076077664,-86.328738182745,2026-09-19T09:03:46+00:00,2026-09-19T09:08:12+00:00,
154051,Wellstone Regional Hospital,2700 Vissing Park Rd,Jeffersonville,IN,47130,Clark,(812) 284-8000,Psychiatric,Proprietary,"2700 VISSING PARK RD, JEFFERSONVILLE, IN, 47130",True,2026-09-19T09:08:00+00:00,38.32887767643,-85.711190934475,2026-09-19T09:03:46+00:00,2026-09-19T09:08:12+00:00,
154070,Maple Heights Behavioral Health,3955 West Washington Center Road,Fort Wayne,IN,46818,Allen,(417) 392-7307,Psychiatric,Proprietary,"3955 WEST WASHINGTON CENTER ROAD, FORT WAYNE, IN, 46818",True,2026-09-19T09:08:00+00:00,41.131886457787,-85.195517718261,2026-09-19T09:03:46+00:00,2026-09-19T09:08:12+00:00,
360001,Mercy Health-anderson Hospital,7500 State Road,Cincinnati,OH,45255,Hamilton,(513) 624-4500,Acute Care Hospitals,Voluntary non-profit - Private,"7500 STATE ROAD, CINCINNATI, OH, 45255",True,2026-09-19T09:08:20+00:00,39.084595105815,-84.351347453804,2026-09-19T09:03:58+00:00,2026-09-19T09:08:28+00:00,
360003,"University of Cincinnati Medical Center, Llc",3188 Bellevue Avenue,Cincinnati,OH,45219,Hamilton,(513) 584-1000,Acute Care Hospitals,Voluntary non-profit - Private,"3188 BELLEVUE AVENUE, CINCINNATI, OH, 45219",True,2026-09-19T09:08:20+00:00,39.136673882843,-84.503724642246,2026-09-19T09:03:58+00:00,2026-09-19T09:08:28+00:00,
360006,Riverside Methodist Hospital,3535 Olentangy River Rd,Columbus,OH,43214,Franklin,(614) 566-5000,Acute Care Hospitals,Voluntary non-profit - Private,"3535 OLENTANGY RIVER RD, COLUMBUS, OH, 43214",True,2026-09-19T09:08:20+00:00,40.031813579084,-83.031224568678,2026-09-19T09:03:58+00:00,2026-09-19T09:08:28+00:00,
360008,Southern Ohio Medical Center,1805 27th Street,Portsmouth,OH,45662,Scioto,(740) 356-8435,Acute Care Hospitals,Voluntary non-profit - Other,"1805 27TH STREET, PORTSMOUTH, OH, 45662",True,2026-09-19T09:08:20+00:00,38.753372880981,-82.978267348516,2026-09-19T09:03:58+00:00,2026-09-19T09:08:28+00:00,
360009,Lima Memorial Health System,1001 Bellefontaine Avenue,Lima,OH,45804,Allen,(419) 998-4731,Acute Care Hospitals,Voluntary non-profit - Other,"1001 BELLEFONTAINE AVENUE, LIMA, OH, 45804",True,2026-09-19T09:08:20+00:00,40.735949376086,-84.088157285516,2026-09-19T09:03:58+00:00,2026-09-19T09:08:28+00:00,
360010,Union Hospital,659 Boulevard,Dover,OH,44622,Tuscarawas,(330) 343-3311,Acute Care Hospitals,Voluntary non-profit - Other,"659 BOULEVARD, DOVER, OH, 44622",True,2026-09-19T09:08:20+00:00,40.513852881917,-81.456437696164,2026-09-19T09:03:58+00:00,2026-09-19T09:08:28+00:00,
360011,Marion General Hospital,1000 Mckinley Park Drive,Marion,OH,43302,Marion,(740) 383-8400,Acute Care Hospitals,Voluntary non-profit - Private,"1000 MCKINLEY PARK DRIVE, MARION, OH, 43302",True,2026-09-19T09:08:20+00:00,40.572096852146,-83.129788283207,2026-09-19T09:03:58+00:00,2026-09-19T09:08:28+00:00,
360012,Mount Carmel St Ann's,500 South Cleveland Avenue,Westerville,OH,43081,Franklin,(614) 546-4034,Acute Care Hospitals,Voluntary non-profit - Private,"500 SOUTH CLEVELAND AVENUE, WESTERVILLE, OH, 43081",True,2026-09-19T09:08:20+00:00,40.119241136142,-82.94849672022,2026-09-19T09:03:58+00:00,2026-09-19T09:08:28+00:00,
360013,Wilson Memorial Hospital,915 West Michigan Street,Sidney,OH,45365,Shelby,(937) 498-5405,Acute Care Hospitals,Voluntary non-profit - Private,"915 WEST MICHIGAN STREET, SIDNEY, OH, 45365",True,2026-09-19T09:08:20+00:00,40.287943115992,-84.16962818387,2026-09-19T09:03:58+00:00,2026-09-19T09:08:28+00:00,
360014,Ohiohealth O'bleness Hospital,55 Hospital Drive,Athens,OH,45701,Athens,(740) 593-5551,Acute Care Hospitals,Voluntary non-profit - Other,"55 HOSPITAL DRIVE, ATHENS, OH, 45701",True,2026-09-19T09:08:20+00:00,39.328793326144,-82.115701218045,2026-09-19T09:03:58+00:00,2026-09-19T09:08:28+00:00,
360016,The Jewish Hospital-mercy Health,4777 East Galbraith Road,Cincinnati,OH,45236,Hamilton,(513) 686-3000,Acute Care Hospitals,Voluntary non-profit - Private,"4777 EAST GALBRAITH ROAD, CINCINNATI, OH, 45236",True,2026-09-19T09:08:20+00:00,39.206864702084,-84.381783015887,2026-09-19T09:03:58+00:00,2026-09-19T09:08:28+00:00,
360017,Grant Medical Center,111 South Grant Avenue,Columbus,OH,43215,Franklin,(614) 566-9164,Acute Care Hospitals,Voluntary non-profit - Church,"111 SOUTH GRANT AVENUE, COLUMBUS, OH, 43215",True,2026-09-19T09:08:20+00:00,39.961130119976,-82.990718018491,2026-09-19T09:03:58+00:00,2026-09-19T09:08:28+00:00,
36001F,Louis Stokes Cleveland Va Medical Center,10701 East Blvd,Cleveland,OH,44106,Cuyahoga,(216) 791-3800,Acute Care - Veterans Administration,Veterans Health Administration,"10701 EAST BLVD, CLEVELAND, OH, 44106",True,2026-09-19T09:08:20+00:00,41.512620912063,-81.613367916729,2026-09-19T09:03:58+00:00,2026-09-19T09:08:28+00:00,
360020,Summa Health System,525 East Market Street,Akron,OH,44309,Summit,(330) 375-3000,Acute Care Hospitals,Voluntary non-profit - Private,"525 EAST MARKET STREET, AKRON, OH, 44309",True,2026-09-19T09:08:20+00:00,41.078902895357,-81.501259153272,2026-09-19T09:03:58+00:00,2026-09-19T09:08:28+00:00,
360025,Firelands Regional Medical Center,1111 Hayes Avenue,Sandusky,OH,44870,Erie,(419) 557-7400,Acute Care Hospitals,Voluntary non-profit - Private,"1111 HAYES AVENUE, SANDUSKY, OH, 44870",True,2026-09-19T09:08:20+00:00,41.445742706846,-82.70907641651,2026-09-19T09:03:58+00:00,2026-09-19T09:08:28+00:00,
360026,Kettering Health Greene Memorial,1141 North Monroe Drive,Xenia,OH,45385,Greene,(937) 352-2000,Acute Care Hospitals,Voluntary non-profit - Private,"1141 NORTH MONROE DRIVE, XENIA, OH, 45385",True,2026-09-19T09:08:20+00:00,39.699700400007,-83.928587185626,2026-09-19T09:03:58+00:00,2026-09-19T09:08:28+00:00,
360027,Akron General Medical Center,1 Akron General Avenue,Akron,OH,44307,Summit,(330) 344-6000,Acute Care Hospitals,Voluntary non-profit - Private,"1 AKRON GENERAL AVENUE, AKRON, OH, 44307",True,2026-09-19T09:08:20+00:00,41.0692208,-81.546525,2026-09-19T09:03:58+00:00,2026-09-19T09:08:28+00:00,True
360029,Wood County Hospital,950 West Wooster Street,Bowling Green,OH,43402,Wood,(419) 354-8900,Acute Care Hospitals,Voluntary non-profit - Private,"950 WEST WOOSTER STREET, BOWLING GREEN, OH, 43402",True,2026-09-19T09:08:20+00:00,41.373871098934,-83.66601236468,2026-09-19T09:03:58+00:00,2026-09-19T09:08:28+00:00,
360032,Grand Lake Health System,200 Saint Clair Street,Saint Marys,OH,45885,Auglaize,(419) 394-3335,Acute Care Hospitals,Voluntary non-profit - Private,"200 SAINT CLAIR STREET, SAINT MARYS, OH, 45885",True,2026-09-19T09:08:20+00:00,40.543473696729,-84.37018479286,2026-09-19T09:03:58+00:00,2026-09-19T09:08:28+00:00,
360035,Mount Carmel East & West,6001 East Broad Street,Columbus,OH,43213,Franklin,(614) 234-5000,Acute Care Hospitals,Voluntary non-profit - Private,"6001 EAST BROAD STREET, COLUMBUS, OH, 43213",True,2026-09-19T09:08:20+00:00,39.979250975303,-82.843482539864,2026-09-19T09:03:58+00:00,2026-09-19T09:08:28+00:00,
360036,Wooster Community Hospital,1761 Beall Avenue,Wooster,OH,44691,Wayne,(330) 263-8348,Acute Care Hospitals,Government - Local,"1761 BEALL AVENUE, WOOSTER, OH, 44691",True,2026-09-19T09:08:20+00:00,40.820922394133,-81.934162002708,2026-09-19T09:03:58+00:00,2026-09-19T09:08:28+00:00,
360039,Genesis Hospital,2951 Maple Avenue,Zanesville,OH,43701,Muskingum,(740) 454-5000,Acute Care Hospitals,Voluntary non-profit - Private,"2951 MAPLE AVENUE, ZANESVILLE, OH, 43701",True,2026-09-19T09:08:20+00:00,39.97666352279,-82.015322450219,2026-09-19T09:03:58+00:00,2026-09-19T09:08:28+00:00,
36003F,Cincinnati Va Medical Center,3200 Vine Street,Cincinnati,OH,45220,Hamilton,(513) 861-3100,Acute Care - Veterans Administration,Veterans Health Administration,"3200 VINE STREET, CINCINNATI, OH, 45220",True,2026-09-19T09:08:20+00:00,39.1466929,-84.5202646,2026-09-19T09:03:58+00:00,2026-09-19T09:08:28+00:00,True
360040,Knox Community Hospital,1330 Coshocton Road,Mount Vernon,OH,43050,Knox,(740) 393-9000,Acute Care Hospitals,Voluntary non-profit - Other,"1330 COSHOCTON ROAD, MOUNT VERNON, OH, 43050",True,2026-09-19T09:08:20+00:00,40.401747931696,-82.449366181243,2026-09-19T09:03:58+00:00,2026-09-19T09:08:28+00:00,
360046,Mccullough-hyde Memorial Hospital,110 North Poplar Street,Oxford,OH,45056,Butler,(513) 523-2111,Acute Care Hospitals,Voluntary non-profit - Private,"110 NORTH POPLAR STREET, OXFORD, OH, 45056",True,2026-09-19T09:08:20+00:00,39.508805187374,-84.740925486168,2026-09-19T09:03:58+00:00,2026-09-19T09:08:28+00:00,
360048,University of Toledo Medical Center,3000 Arlington Avenue,Toledo,OH,43614,Lucas,(419) 383-3407,Acute Care Hospitals,Government - State,"3000 ARLINGTON AVENUE, TOLEDO, OH, 43614",True,2026-09-19T09:08:20+00:00,41.619487667771,-83.62080090942,2026-09-19T09:03:58+00:00,2026-09-19T09:08:28+00:00,
360051,Miami Valley Hospital,One Wyoming Street,Dayton,OH,45409,Montgomery,(937) 208-3023,Acute Care Hospitals,Voluntary non-profit - Private,"ONE WYOMING STREET, DAYTON, OH, 45409",True,2026-09-19T09:08:20+00:00,39.743779712848,-84.187419991756,2026-09-19T09:03:58+00:00,2026-09-19T09:08:28+00:00,
360054,Holzer Medical Center,100 Jackson Pike,Gallipolis,OH,45631,Gallia,(740) 446-5030,Acute Care Hospitals,Voluntary non-profit - Private,"100 JACKSON PIKE, GALLIPOLIS, OH, 45631",True,2026-09-19T09:08:20+00:00,38.844445731338,-82.236670883556,2026-09-19T09:03:58+00:00,2026-09-19T09:08:28+00:00,
360055,Insight Hospital and Medical Center Trumbull,1350 East Market Street,Warren,OH,44482,Trumbull,(330) 841-9011,Acute Care Hospitals,Proprietary,"1350 EAST MARKET STREET, WARREN, OH, 44482",True,2026-09-19T09:08:20+00:00,41.236382384457,-80.799821420834,2026-09-19T09:03:58+00:00,2026-09-19T09:08:28+00:00,
360056,Mercy Health - Fairfield Hospital,3000 Mack Road,Fairfield,OH,45014,Butler,(513) 870-7000,Acute Care Hospitals,Voluntary non-profit - Private,"3000 MACK ROAD, FAIRFIELD, OH, 45014",True,2026-09-19T09:08:20+00:00,39.311015748723,-84.518784642805,2026-09-19T09:03:58+00:00,2026-09-19T09:08:28+00:00,
360059,Metrohealth System,2500 Metrohealth Drive,Cleveland,OH,44109,Cuyahoga,(216) 778-7089,Acute Care Hospitals,Voluntary non-profit - Other,"2500 METROHEALTH DRIVE, CLEVELAND, OH, 44109",True,2026-09-19T09:08:20+00:00,41.462337444205,-81.699030046175,2026-09-19T09:03:58+00:00,2026-09-19T09:08:28+00:00,
360064,Mh St Elizabeth Youngstown Hospital,1044 Belmont Avenue,Youngstown,OH,44501,Mahoning,(330) 480-3022,Acute Care Hospitals,Voluntary non-profit - Church,"1044 BELMONT AVENUE, YOUNGSTOWN, OH, 44501",True,2026-09-19T09:08:20+00:00,41.11521687158,-80.656139674057,2026-09-19T09:03:58+00:00,2026-09-19T09:08:28+00:00,
360065,Fisher-titus Hospital,272 Benedict Avenue,Norwalk,OH,44857,Huron,(419) 668-8101,Acute Care Hospitals,Voluntary non-profit - Private,"272 BENEDICT AVENUE, NORWALK, OH, 44857",True,2026-09-19T09:08:20+00:00,41.226426634674,-82.602428054443,2026-09-19T09:03:58+00:00,2026-09-19T09:08:28+00:00,
360066,Mercy Health St Ritas Medical Center,730 West Market Street,Lima,OH,45801,Allen,(419) 227-3361,Acute Care Hospitals,Voluntary non-profit - Private,"730 WEST MARKET STREET, LIMA, OH, 45801",True,2026-09-19T09:08:20+00:00,40.740108161925,-84.119203206039,2026-09-19T09:03:58+00:00,2026-09-19T09:08:28+00:00,
360068,Promedica Toledo Hospital,2142 North Cove Boulevard,Toledo,OH,43606,Lucas,(419) 291-7463,Acute Care Hospitals,Voluntary non-profit - Private,"2142 NORTH COVE BOULEVARD, TOLEDO, OH, 43606",True,2026-09-19T09:08:20+00:00,41.671472522382,-83.594058795479,2026-09-19T09:03:58+00:00,2026-09-19T09:08:28+00:00,
36006F,88th Medical Group (Wright-Patterson AFB),88 MDG 4881 Sugar Maple Dr,Wright-Patterson AFB,OH,45433,Greene,(937) 257-9926,Acute Care - Department of Defense,Department of Defense,"88 MDG 4881 Sugar Maple Dr, Wright-Patterson AFB, OH, 45433",True,2026-09-19T09:08:20+00:00,39.803852817067,-84.036659903048,2026-09-19T09:03:58+00:00,2026-09-19T09:08:28+00:00,
360070,Mercy Medical Center,1320 Mercy Drive Nw,Canton,OH,44708,Stark,(330) 489-1111,Acute Care Hospitals,Voluntary non-profit - Private,"1320 MERCY DRIVE NW, CANTON, OH, 44708",True,2026-09-19T09:08:20+00:00,40.812664099411,-81.396958160772,2026-09-19T09:03:58+00:00,2026-09-19T09:08:28+00:00,
360072,Fairfield Medical Center,401 North Ewing Street,Lancaster,OH,43130,Fairfield,(740) 687-8000,Acute Care Hospitals,Voluntary non-profit - Other,"401 NORTH EWING STREET, LANCASTER, OH, 43130",True,2026-09-19T09:08:20+00:00,39.717256133922,-82.576704328683,2026-09-19T09:03:58+00:00,2026-09-19T09:08:28+00:00,
360075,Uh Regional Hospitals,13207 Ravenna Road,Chardon,OH,44024,Geauga,(440) 285-6246,Acute Care Hospitals,Proprietary,"13207 RAVENNA ROAD, CHARDON, OH, 44024",True,2026-09-19T09:08:20+00:00,41.508690084334,-81.193530584232,2026-09-19T09:03:58+00:00,2026-09-19T09:08:28+00:00,
360076,Atrium Medical Center,One Medical Center Drive,Franklin,OH,45005,Warren,(513) 420-5102,Acute Care Hospitals,Voluntary non-profit - Private,"ONE MEDICAL CENTER DRIVE, FRANKLIN, OH, 45005",True,2026-09-19T09:08:20+00:00,39.496401872398,-84.315818162481,2026-09-19T09:03:58+00:00,2026-09-19T09:08:28+00:00,
360077,Fairview Hospital,18101 Lorain Avenue,Cleveland,OH,44111,Cuyahoga,(216) 476-7000,Acute Care Hospitals,Voluntary non-profit - Private,"18101 LORAIN AVENUE, CLEVELAND, OH, 44111",True,2026-09-19T09:08:20+00:00,41.450938437436,-81.823448160584,2026-09-19T09:03:58+00:00,2026-09-19T09:08:28+00:00,
360078,University Hospitals Portage Medical Center,6847 N Chestnut,Ravenna,OH,44266,Portage,(330) 297-2300,Acute Care Hospitals,Voluntary non-profit - Private,"6847 N CHESTNUT, RAVENNA, OH, 44266",True,2026-09-19T09:08:20+00:00,41.176078878784,-81.24576553063,2026-09-19T09:03:58+00:00,2026-09-19T09:08:28+00:00,
360079,Kettering Health Main Campus,3535 Southern Boulevard,Kettering,OH,45429,Montgomery,(937) 298-4331,Acute Care Hospitals,Voluntary non-profit - Church,"3535 SOUTHERN BOULEVARD, KETTERING, OH, 45429",True,2026-09-19T09:08:20+00:00,39.698578940865,-84.190529886387,2026-09-19T09:03:58+00:00,2026-09-19T09:08:28+00:00,
36007F,Dayton Va Medical Center,4100 West Third Street,Dayton,OH,45428,Montgomery,(937) 268-6511,Acute Care - Veterans Administration,Veterans Health Administration,"4100 WEST THIRD STREET, DAYTON, OH, 45428",True,2026-09-19T09:08:20+00:00,39.749332411072,-84.253181813079,2026-09-19T09:03:58+00:00,2026-09-19T09:08:28+00:00,
360084,Aultman Hospital,2600 Sixth Street Sw,Canton,OH,44710,Stark,(330) 363-9911,Acute Care Hospitals,Voluntary non-profit - Other,"2600 SIXTH STREET SW, CANTON, OH, 44710",True,2026-09-19T09:08:20+00:00,40.796800537864,-81.403577210105,2026-09-19T09:03:58+00:00,2026-09-19T09:08:28+00:00,
360085,Ohio State University State Health System,410 West 10th Avenue,Columbus,OH,43210,Franklin,(614) 293-9700,Acute Care Hospitals,Government - State,"410 WEST 10TH AVENUE, COLUMBUS, OH, 43210",True,2026-09-19T09:08:20+00:00,39.994459567035,-83.015989156105,2026-09-19T09:03:58+00:00,2026-09-19T09:08:28+00:00,
360086,Springfield Regional Medical Center,100 Medical Center Drive,Springfield,OH,45504,Clark,(937) 523-5500,Acute Care Hospitals,Voluntary non-profit - Private,"100 MEDICAL CENTER DRIVE, SPRINGFIELD, OH, 45504",True,2026-09-19T09:08:20+00:00,39.9469701,-83.8648969,2026-09-19T09:03:58+00:00,2026-09-19T09:08:28+00:00,True
360087,Lutheran Hospital,1730 West 25th Street,Cleveland,OH,44113,Cuyahoga,(216) 696-4300,Acute Care Hospitals,Voluntary non-profit - Private,"1730 WEST 25TH STREET, CLEVELAND, OH, 44113",True,2026-09-19T09:08:20+00:00,41.487764768533,-81.706268270795,2026-09-19T09:03:58+00:00,2026-09-19T09:08:28+00:00,
360089,Mercy Health - Tiffin Hospital,45 St Lawrence Drive,Tiffin,OH,44883,Seneca,(419) 455-7000,Acute Care Hospitals,Voluntary non-profit - Church,"45 ST LAWRENCE DRIVE, TIFFIN, OH, 44883",True,2026-09-19T09:08:20+00:00,41.105069834426,-83.217170437543,2026-09-19T09:03:58+00:00,2026-09-19T09:08:28+00:00,
360091,Medina Hospital,1000 East Washington Street,Medina,OH,44256,Medina,(330) 725-1000,Acute Care Hospitals,Voluntary non-profit - Private,"1000 EAST WASHINGTON STREET, MEDINA, OH, 44256",True,2026-09-19T09:08:20+00:00,41.139023647116,-81.83871335945,2026-09-19T09:03:58+00:00,2026-09-19T09:08:28+00:00,
360092,Memorial Hospital,500 London Avenue,Marysville,OH,43040,Union,(937) 644-6115,Acute Care Hospitals,Government - Local,"500 LONDON AVENUE, MARYSVILLE, OH, 43040",True,2026-09-19T09:08:20+00:00,40.229936293059,-83.369244327235,2026-09-19T09:03:58+00:00,2026-09-19T09:08:28+00:00,
360096,East Liverpool City Hospital,425 West 5th Street,East Liverpool,OH,43920,Columbiana,(330) 385-7200,Acute Care Hospitals,Voluntary non-profit - Private,"425 WEST 5TH STREET, EAST LIVERPOOL, OH, 43920",True,2026-09-19T09:08:20+00:00,40.621284370691,-80.585605922144,2026-09-19T09:03:58+00:00,2026-09-19T09:08:28+00:00,
360098,Lake Health,7590 Auburn Road,Concord,OH,44077,Lake,(440) 953-9600,Acute Care Hospitals,Voluntary non-profit - Private,"7590 AUBURN ROAD, CONCORD, OH, 44077",True,2026-09-19T09:08:20+00:00,41.664819887768,-81.245412866935,2026-09-19T09:03:58+00:00,2026-09-19T09:08:28+00:00,
360109,Coshocton Regional Medical Center,1460 Orange Street,Coshocton,OH,43812,Coshocton,(740) 622-6411,Acute Care Hospitals,Voluntary non-profit - Private,"1460 ORANGE STREET, COSHOCTON, OH, 43812",True,2026-09-19T09:08:20+00:00,40.2705058781,-81.847843939379,2026-09-19T09:03:58+00:00,2026-09-19T09:08:28+00:00,
360112,Mercy St Vincent Medical Center,2213 Cherry Street,Toledo,OH,43608,Lucas,(419) 251-3232,Acute Care Hospitals,Voluntary non-profit - Church,"2213 CHERRY STREET, TOLEDO, OH, 43608",True,2026-09-19T09:08:20+00:00,41.668609957007,-83.541912961813,2026-09-19T09:03:58+00:00,2026-09-19T09:08:28+00:00,
360118,Ohiohealth Mansfield Hospital,335 Glessner Avenue,Mansfield,OH,44903,Richland,(419) 526-8000,Acute Care Hospitals,Voluntary non-profit - Private,"335 GLESSNER AVENUE, MANSFIELD, OH, 44903",True,2026-09-19T09:08:20+00:00,40.75336579015,-82.527829131345,2026-09-19T09:03:58+00:00,2026-09-19T09:08:28+00:00,
360123,Uh St John Medical Center,29000 Center Ridge Road,Westlake,OH,44145,Cuyahoga,(440) 835-8000,Acute Care Hospitals,Voluntary non-profit - Private,"29000 CENTER RIDGE ROAD, WESTLAKE, OH, 44145",True,2026-09-19T09:08:20+00:00,41.435284507081,-81.941325937174,2026-09-19T09:03:58+00:00,2026-09-19T09:08:28+00:00,
360125,Ashtabula County Medical Center,2420 Lake Avenue,Ashtabula,OH,44004,Ashtabula,(440) 997-2262,Acute Care Hospitals,Voluntary non-profit - Private,"2420 LAKE AVENUE, ASHTABULA, OH, 44004",True,2026-09-19T09:08:20+00:00,41.880356618792,-80.795913978398,2026-09-19T09:03:58+00:00,2026-09-19T09:08:28+00:00,
360131,Alliance Community Hospital,200 East State Street,Alliance,OH,44601,Stark,(330) 596-6000,Acute Care Hospitals,Voluntary non-profit - Private,"200 EAST STATE STREET, ALLIANCE, OH, 44601",True,2026-09-19T09:08:20+00:00,40.901747921021,-81.10337713649,2026-09-19T09:03:58+00:00,2026-09-19T09:08:28+00:00,
360132,Fort Hamilton Hughes Memorial Hospital,630 Eaton Avenue,Hamilton,OH,45013,Butler,(513) 867-2123,Acute Care Hospitals,Voluntary non-profit - Private,"630 EATON AVENUE, HAMILTON, OH, 45013",True,2026-09-19T09:08:20+00:00,39.415056451146,-84.57371058365,2026-09-19T09:03:58+00:00,2026-09-19T09:08:28+00:00,
360134,Good Samaritan Hospital,375 Dixmyth Avenue,Cincinnati,OH,45220,Hamilton,(513) 862-2601,Acute Care Hospitals,Voluntary non-profit - Private,"375 DIXMYTH AVENUE, CINCINNATI, OH, 45220",True,2026-09-19T09:08:20+00:00,39.141015067459,-84.520481349613,2026-09-19T09:03:58+00:00,2026-09-19T09:08:28+00:00,
360137,Uh Cleveland Medical Center,11100 Euclid Avenue,Cleveland,OH,44106,Cuyahoga,(216) 844-1000,Acute Care Hospitals,Voluntary non-profit - Private,"11100 EUCLID AVENUE, CLEVELAND, OH, 44106",True,2026-09-19T09:08:20+00:00,41.506590328946,-81.608004588239,2026-09-19T09:03:58+00:00,2026-09-19T09:08:28+00:00,
360143,Marymount Hospital,12300 Mccracken Road,Garfield Heights,OH,44125,Cuyahoga,(216) 587-8210,Acute Care Hospitals,Voluntary non-profit - Private,"12300 MCCRACKEN ROAD, GARFIELD HEIGHTS, OH, 44125",True,2026-09-19T09:08:20+00:00,41.422353623169,-81.597056021234,2026-09-19T09:03:58+00:00,2026-09-19T09:08:28+00:00,
360147,Marietta Memorial Hospital,401 Matthew Street,Marietta,OH,45750,Washington,(740) 374-1400,Acute Care Hospitals,Voluntary non-profit - Other,"401 MATTHEW STREET, MARIETTA, OH, 45750",True,2026-09-19T09:08:20+00:00,39.431307380143,-81.464890782409,2026-09-19T09:03:58+00:00,2026-09-19T09:08:28+00:00,
360148,Pomerene Hospital,981 Wooster Road,Millersburg,OH,44654,Holmes,(330) 674-1015,Acute Care Hospitals,Voluntary non-profit - Private,"981 WOOSTER ROAD, MILLERSBURG, OH, 44654",True,2026-09-19T09:08:20+00:00,40.56516387541,-81.920846293385,2026-09-19T09:03:58+00:00,2026-09-19T09:08:28+00:00,
360150,Summa Western Reserve Hospital,1900 23rd Street,Cuyahoga Falls,OH,44223,Summit,(330) 971-7000,Acute Care Hospitals,Voluntary non-profit - Other,"1900 23RD STREET, CUYAHOGA FALLS, OH, 44223",True,2026-09-19T09:08:20+00:00,41.132224159885,-81.51030421173,2026-09-19T09:03:58+00:00,2026-09-19T09:08:28+00:00,
360152,Doctors Hospital,5100 West Broad Street,Columbus,OH,43228,Franklin,(614) 544-2136,Acute Care Hospitals,Voluntary non-profit - Church,"5100 WEST  BROAD STREET, COLUMBUS, OH, 43228",True,2026-09-19T09:08:20+00:00,39.951936561429,-83.136805876914,2026-09-19T09:03:58+00:00,2026-09-19T09:08:28+00:00,
360155,Southwest General Health Center,18697 Bagley Road,Middleburg Heights,OH,44130,Cuyahoga,(440) 816-8000,Acute Care Hospitals,Voluntary non-profit - Private,"18697 BAGLEY ROAD, MIDDLEBURG HEIGHTS, OH, 44130",True,2026-09-19T09:08:20+00:00,41.372022325669,-81.832631159733,2026-09-19T09:03:58+00:00,2026-09-19T09:08:28+00:00,
360159,Adena Regional Medical Center,272 Hospital Road,Chillicothe,OH,45601,Ross,(740) 779-7500,Acute Care Hospitals,Voluntary non-profit - Private,"272 HOSPITAL ROAD, CHILLICOTHE, OH, 45601",True,2026-09-19T09:08:20+00:00,39.395241125992,-82.97038222295,2026-09-19T09:03:58+00:00,2026-09-19T09:08:28+00:00,
360161,Mh St Joseph Warren Hospital,667 Eastland Ave Se,Warren,OH,44484,Trumbull,(330) 841-4016,Acute Care Hospitals,Voluntary non-profit - Private,"667 EASTLAND AVE SE, WARREN, OH, 44484",True,2026-09-19T09:08:20+00:00,41.231429149462,-80.778266762051,2026-09-19T09:03:58+00:00,2026-09-19T09:08:28+00:00,
360163,Christ Hospital,2139 Auburn Avenue,Cincinnati,OH,45219,Hamilton,(513) 585-2000,Acute Care Hospitals,Voluntary non-profit - Private,"2139 AUBURN AVENUE, CINCINNATI, OH, 45219",True,2026-09-19T09:08:20+00:00,39.121130133795,-84.508580544922,2026-09-19T09:03:58+00:00,2026-09-19T09:08:28+00:00,
360170,Berger Hospital,600 North Pickaway Street,Circleville,OH,43113,Pickaway,(740) 420-8008,Acute Care Hospitals,Government - Local,"600 NORTH PICKAWAY STREET, CIRCLEVILLE, OH, 43113",True,2026-09-19T09:08:20+00:00,39.609192645615,-82.93818066542,2026-09-19T09:03:58+00:00,2026-09-19T09:08:28+00:00,
360172,Mercy Regional Medical Center,3700 Kolbe Road,Lorain,OH,44053,Lorain,(440) 960-4000,Acute Care Hospitals,Voluntary non-profit - Private,"3700 KOLBE ROAD, LORAIN, OH, 44053",True,2026-09-19T09:08:20+00:00,41.437439470624,-82.235348462283,2026-09-19T09:03:58+00:00,2026-09-19T09:08:28+00:00,
360174,Upper Valley Medical Center,3130 N Dixie Highway,Troy,OH,45373,Miami,(937) 440-7853,Acute Care Hospitals,Voluntary non-profit - Private,"3130 N DIXIE HIGHWAY, TROY, OH, 45373",True,2026-09-19T09:08:20+00:00,40.0330035,-84.1956493,2026-09-19T09:03:58+00:00,2026-09-19T09:08:28+00:00,True
360179,Bethesda North,10500 Montgomery Road,Cincinnati,OH,45242,Hamilton,(513) 865-1111,Acute Care Hospitals,Voluntary non-profit - Church,"10500 MONTGOMERY ROAD, CINCINNATI, OH, 45242",True,2026-09-19T09:08:20+00:00,39.252002502031,-84.343902665543,2026-09-19T09:03:58+00:00,2026-09-19T09:08:28+00:00,
360180,Cleveland Clinic,9500 Euclid Avenue,Cleveland,OH,44195,Cuyahoga,(216) 952-9829,Acute Care Hospitals,Voluntary non-profit - Private,"9500 EUCLID AVENUE, CLEVELAND, OH, 44195",True,2026-09-19T09:08:20+00:00,41.503346094361,-81.622884159903,2026-09-19T09:03:58+00:00,2026-09-19T09:08:28+00:00,
360185,Salem Regional Medical Center,1995 East State Street,Salem,OH,44460,Columbiana,(330) 332-7214,Acute Care Hospitals,Voluntary non-profit - Private,"1995 EAST STATE STREET, SALEM, OH, 44460",True,2026-09-19T09:08:20+00:00,40.900862746363,-80.832276117867,2026-09-19T09:03:58+00:00,2026-09-19T09:08:28+00:00,
360189,Madison Health,210 North Main Street,London,OH,43140,Madison,(740) 845-7000,Acute Care Hospitals,Voluntary non-profit - Private,"210 NORTH MAIN STREET, LONDON, OH, 43140",True,2026-09-19T09:08:20+00:00,39.89375245888,-83.457313058503,2026-09-19T09:03:58+00:00,2026-09-19T09:08:28+00:00,
360197,Mary Rutan Hospital,205 Palmer Avenue,Bellefontaine,OH,43311,Logan,(937) 651-3257,Acute Care Hospitals,Voluntary non-profit - Private,"205 PALMER AVENUE, BELLEFONTAINE, OH, 43311",True,2026-09-19T09:08:20+00:00,40.368987413577,-83.756016680444,2026-09-19T09:03:58+00:00,2026-09-19T09:08:28+00:00,
360203,Southeastern Ohio Regional Medical Center,1341 North Clark Street,Cambridge,OH,43725,Guernsey,(740) 439-8000,Acute Care Hospitals,Voluntary non-profit - Private,"1341 NORTH CLARK STREET, CAMBRIDGE, OH, 43725",True,2026-09-19T09:08:20+00:00,40.038818814508,-81.577188503971,2026-09-19T09:03:58+00:00,2026-09-19T09:08:28+00:00,
360210,Grady Memorial Hospital,561 West Central Avenue,Delaware,OH,43015,Delaware,(740) 368-5145,Acute Care Hospitals,Voluntary non-profit - Private,"561 WEST CENTRAL AVENUE, DELAWARE, OH, 43015",True,2026-09-19T09:08:20+00:00,40.305990578312,-83.088849677862,2026-09-19T09:03:58+00:00,2026-09-19T09:08:28+00:00,
360211,Trinity Medical Ctr East &trinity Medical Ctr West,380 Summit Avenue,Steubenville,OH,43952,Jefferson,(740) 264-7212,Acute Care Hospitals,Voluntary non-profit - Other,"380 SUMMIT AVENUE, STEUBENVILLE, OH, 43952",True,2026-09-19T09:08:20+00:00,40.356070258937,-80.625031406913,2026-09-19T09:03:58+00:00,2026-09-19T09:08:28+00:00,
360218,Licking Memorial Hospital,1320 West Main Street,Newark,OH,43055,Licking,(740) 348-4000,Acute Care Hospitals,Voluntary non-profit - Private,"1320 WEST MAIN STREET, NEWARK, OH, 43055",True,2026-09-19T09:08:20+00:00,40.046661083663,-82.451707644988,2026-09-19T09:03:58+00:00,2026-09-19T09:08:28+00:00,
360234,Mercy Health - West Hospital,3300 Mercy Health Blvd,Cincinnati,OH,45211,Hamilton,(513) 215-5000,Acute Care Hospitals,Voluntary non-profit - Private,"3300 MERCY HEALTH BLVD, CINCINNATI, OH, 45211",True,2026-09-19T09:08:20+00:00,39.179386009867,-84.60395653802,2026-09-19T09:03:58+00:00,2026-09-19T09:08:28+00:00,
360236,Mercy Health - Clermont Hospital,3000 Hospital Drive,Batavia,OH,45103,Clermont,(513) 732-8278,Acute Care Hospitals,Voluntary non-profit - Church,"3000 HOSPITAL DRIVE, BATAVIA, OH, 45103",True,2026-09-19T09:08:20+00:00,39.080947729874,-84.147469296824,2026-09-19T09:03:58+00:00,2026-09-19T09:08:28+00:00,
360239,Kettering Health Miamisburg,4000 Miamisburg-centerville Road,Miamisburg,OH,45342,Montgomery,(937) 384-8760,Acute Care Hospitals,Voluntary non-profit - Church,"4000 MIAMISBURG-CENTERVILLE ROAD, MIAMISBURG, OH, 45342",True,2026-09-19T09:08:20+00:00,39.629338,-84.2759685,2026-09-19T09:03:58+00:00,2026-09-19T09:08:28+00:00,True
360259,Bay Park Community Hospital,2801 Bay Park Drive,Oregon,OH,43616,Lucas,(419) 690-7706,Acute Care Hospitals,Voluntary non-profit - Other,"2801 BAY PARK DRIVE, OREGON, OH, 43616",True,2026-09-19T09:08:20+00:00,41.619580235857,-83.479991596092,2026-09-19T09:03:58+00:00,2026-09-19T09:08:28+00:00,
360270,Mercy Health - Defiance Hospital,1404 East Second Street,Defiance,OH,43512,Defiance,(419) 782-8444,Acute Care Hospitals,Proprietary,"1404 EAST SECOND STREET, DEFIANCE, OH, 43512",True,2026-09-19T09:08:20+00:00,41.28282273395,-84.3416273233,2026-09-19T09:03:58+00:00,2026-09-19T09:08:28+00:00,
360276,Hmhp St Elizabeth Boardman Health Center,8401 Market Street,Boardman,OH,44512,Mahoning,(330) 729-2929,Acute Care Hospitals,Voluntary non-profit - Church,"8401 MARKET STREET, BOARDMAN, OH, 44512",True,2026-09-19T09:08:20+00:00,40.995258659608,-80.662663522487,2026-09-19T09:03:58+00:00,2026-09-19T09:08:28+00:00,
360348,Dublin Methodist Hospital,7500 Hospital Avenue,Dublin,OH,43016,Franklin,(614) 544-8000,Acute Care Hospitals,Voluntary non-profit - Private,"7500 HOSPITAL AVENUE, DUBLIN, OH, 43016",True,2026-09-19T09:08:20+00:00,40.100336643259,-83.163158528042,2026-09-19T09:03:58+00:00,2026-09-19T09:08:28+00:00,
360354,West Chester Hospital,7700 University Drive,West Chester,OH,45069,Butler,(513) 298-7701,Acute Care Hospitals,Voluntary non-profit - Private,"7700 UNIVERSITY DRIVE, WEST CHESTER, OH, 45069",True,2026-09-19T09:08:20+00:00,39.360693371682,-84.366464550118,2026-09-19T09:03:58+00:00,2026-09-19T09:08:28+00:00,
360358,Diley Ridge Medical Center,7911 Diley Road,Canal Winchester,OH,43110,Franklin,(614) 838-7911,Acute Care Hospitals,Voluntary non-profit - Private,"7911 DILEY ROAD, CANAL WINCHESTER, OH, 43110",True,2026-09-19T09:08:20+00:00,39.85053732192,-82.781118561319,2026-09-19T09:03:58+00:00,2026-09-19T09:08:28+00:00,
360359,University Hospitals Ahuja Medical Center,3999 Richmond Road,Beachwood,OH,44122,Cuyahoga,(216) 593-5511,Acute Care Hospitals,Voluntary non-profit - Private,"3999 RICHMOND ROAD, BEACHWOOD, OH, 44122",True,2026-09-19T09:08:20+00:00,41.45131352911,-81.497619698691,2026-09-19T09:03:58+00:00,2026-09-19T09:08:28+00:00,
360360,Soin Medical Center,3535 Pentagon Park Blvd,Beaver Creek,OH,45431,Greene,(937) 702-4000,Acute Care Hospitals,Voluntary non-profit - Private,"3535 PENTAGON PARK BLVD, BEAVER CREEK, OH, 45431",True,2026-09-19T09:08:20+00:00,39.772399470103,-84.065202770421,2026-09-19T09:03:58+00:00,2026-09-19T09:08:28+00:00,
360361,Kings Daughters Medical Center Ohio,1901 Argonne Road,Portsmouth,OH,45662,Scioto,(740) 991-4000,Acute Care Hospitals,Voluntary non-profit - Private,"1901 ARGONNE ROAD, PORTSMOUTH, OH, 45662",True,2026-09-19T09:08:20+00:00,38.747108576739,-82.992807883691,2026-09-19T09:03:58+00:00,2026-09-19T09:08:28+00:00,
360364,Cleveland Clinic Avon Hospital,33300 Cleveland Clinic Blvd,Avon,OH,44011,Lorain,(440) 695-5000,Acute Care Hospitals,Voluntary non-profit - Private,"33300 CLEVELAND CLINIC BLVD, AVON, OH, 44011",True,2026-09-19T09:08:20+00:00,41.4451003,-82.0051085,2026-09-19T09:03:58+00:00,2026-09-19T09:08:28+00:00,True
360365,Avita Ontario,715 Richland Mall,Ontario,OH,44906,Richland,(419) 462-4534,Acute Care Hospitals,Voluntary non-profit - Private,"715 RICHLAND MALL, ONTARIO, OH, 44906",True,2026-09-19T09:08:20+00:00,40.771399716688,-82.591451271946,2026-09-19T09:03:58+00:00,2026-09-19T09:08:28+00:00,
360367,Lake Health Beachwood Medical Center,25501 Chagrin Boulevard,Beachwood,OH,44122,Cuyahoga,(216) 545-4800,Acute Care Hospitals,Proprietary,"25501 CHAGRIN BOULEVARD, BEACHWOOD, OH, 44122",True,2026-09-19T09:08:20+00:00,41.464480202206,-81.497768180271,2026-09-19T09:03:58+00:00,2026-09-19T09:08:28+00:00,
360368,Kettering Health Troy,600 West Main Street,Troy,OH,45373,Miami,(937) 980-7000,Acute Care Hospitals,Voluntary non-profit - Private,"600 WEST MAIN STREET, TROY, OH, 45373",True,2026-09-19T09:08:20+00:00,40.041817174057,-84.208536271972,2026-09-19T09:03:58+00:00,2026-09-19T09:08:28+00:00,
360374,Mercy Health Kings Mills Hospital Llc,5440 Kings Island Drive,Mason,OH,45040,Warren,(513) 637-9999,Acute Care Hospitals,Voluntary non-profit - Private,"5440 KINGS ISLAND DRIVE, MASON, OH, 45040",True,2026-09-19T09:08:20+00:00,39.356277953427,-84.258455824225,2026-09-19T09:03:58+00:00,2026-09-19T09:08:28+00:00,
360375,Mount Carmel Dublin,4105 Emerald Pkwy,Dublin,OH,43016,Franklin,(380) 898-9000,Acute Care Hospitals,Voluntary non-profit - Church,"4105 EMERALD PKWY, DUBLIN, OH, 43016",True,2026-09-19T09:08:20+00:00,40.0972237,-83.1542083,2026-09-19T09:03:58+00:00,2026-09-19T09:08:28+00:00,True
361300,Paulding County Hospital,1035 West Wayne St.,Paulding,OH,45879,Paulding,(419) 399-4080,Critical Access Hospitals,Government - Local,"1035 WEST WAYNE ST., PAULDING, OH, 45879",True,2026-09-19T09:08:20+00:00,41.135254579776,-84.600216146382,2026-09-19T09:03:58+00:00,2026-09-19T09:08:28+00:00,
361302,Twin City Medical Center,819 North First Street,Dennison,OH,44621,Tuscarawas,(740) 922-2800,Critical Access Hospitals,Voluntary non-profit - Church,"819 NORTH FIRST STREET, DENNISON, OH, 44621",True,2026-09-19T09:08:20+00:00,40.401024531005,-81.335991276667,2026-09-19T09:03:58+00:00,2026-09-19T09:08:28+00:00,
361303,Lodi Community Hospital,225 Elyria Street,Lodi,OH,44254,Medina,(330) 948-1222,Critical Access Hospitals,Voluntary non-profit - Private,"225 ELYRIA STREET, LODI, OH, 44254",True,2026-09-19T09:08:20+00:00,41.035240119071,-82.013170886101,2026-09-19T09:03:58+00:00,2026-09-19T09:08:28+00:00,
361304,Greenfield Area Medical Center,550 Mirabeau Street,Greenfield,OH,45123,Highland,(937) 981-9400,Critical Access Hospitals,Voluntary non-profit - Private,"550 MIRABEAU STREET, GREENFIELD, OH, 45123",True,2026-09-19T09:08:20+00:00,39.349375868781,-83.387502765492,2026-09-19T09:03:58+00:00,2026-09-19T09:08:28+00:00,
361306,Mercy Allen Hospital,200 West Lorain Street,Oberlin,OH,44074,Lorain,(440) 334-7039,Critical Access Hospitals,Voluntary non-profit - Private,"200 WEST LORAIN STREET, OBERLIN, OH, 44074",True,2026-09-19T09:08:20+00:00,41.294167145278,-82.210557170467,2026-09-19T09:03:58+00:00,2026-09-19T09:08:28+00:00,
361307,Uhhs Memorial Hospital of Geneva,870 West Main Street,Geneva,OH,44041,Ashtabula,(440) 415-0151,Critical Access Hospitals,Voluntary non-profit - Private,"870 WEST MAIN STREET, GENEVA, OH, 44041",True,2026-09-19T09:08:20+00:00,41.800001097075,-80.962779790694,2026-09-19T09:03:58+00:00,2026-09-19T09:08:28+00:00,
361308,University Hospitals Conneaut Medical Center,158 West Main Road,Conneaut,OH,44030,Ashtabula,(440) 593-1131,Critical Access Hospitals,Voluntary non-profit - Other,"158 WEST MAIN ROAD, CONNEAUT, OH, 44030",True,2026-09-19T09:08:20+00:00,41.936978039304,-80.586553046306,2026-09-19T09:03:58+00:00,2026-09-19T09:08:28+00:00,
361309,"Henry County Hospital, Inc",1600 East Riverview Avenue,Napoleon,OH,43545,Henry,(419) 592-4015,Critical Access Hospitals,Voluntary non-profit - Private,"1600 EAST RIVERVIEW AVENUE, NAPOLEON, OH, 43545",True,2026-09-19T09:08:20+00:00,41.409982381047,-84.095744175626,2026-09-19T09:03:58+00:00,2026-09-19T09:08:28+00:00,
361310,Mercy Health - Willard Hospital,1100 Neal Zick Road,Willard,OH,44890,Huron,(419) 964-5000,Critical Access Hospitals,Voluntary non-profit - Private,"1100 NEAL ZICK ROAD, WILLARD, OH, 44890",True,2026-09-19T09:08:20+00:00,41.041443589515,-82.707292006216,2026-09-19T09:03:58+00:00,2026-09-19T09:08:28+00:00,
361311,Harrison Community Hospital,951 East Market Street,Cadiz,OH,43907,Harrison,(740) 942-8625,Critical Access Hospitals,Voluntary non-profit - Private,"951 EAST MARKET STREET, CADIZ, OH, 43907",True,2026-09-19T09:08:20+00:00,40.257537393291,-80.978735102551,2026-09-19T09:03:58+00:00,2026-09-19T09:08:28+00:00,
361312,Mercy Health - Urbana Hospital,904 Scioto Street,Urbana,OH,43078,Champaign,(937) 653-5231,Critical Access Hospitals,Voluntary non-profit - Private,"904 SCIOTO STREET, URBANA, OH, 43078",True,2026-09-19T09:08:20+00:00,40.106781745002,-83.730439302379,2026-09-19T09:03:58+00:00,2026-09-19T09:08:28+00:00,
361313,Ohiohealth Morrow County Hospital,651 West Marion Road,Mount Gilead,OH,43338,Morrow,(419) 946-5015,Critical Access Hospitals,Government - Local,"651 WEST MARION ROAD, MOUNT GILEAD, OH, 43338",True,2026-09-19T09:08:20+00:00,40.549277019391,-82.849649920131,2026-09-19T09:03:58+00:00,2026-09-19T09:08:28+00:00,
361314,Magruder Hospital,615 Fulton St,Port Clinton,OH,43452,Ottawa,(419) 734-3131,Critical Access Hospitals,Voluntary non-profit - Private,"615 FULTON ST, PORT CLINTON, OH, 43452",True,2026-09-19T09:08:20+00:00,41.506292256043,-82.933700535269,2026-09-19T09:03:58+00:00,2026-09-19T09:08:28+00:00,
361315,Hardin Memorial Hospital,921 East Franklin Street,Kenton,OH,43326,Hardin,(419) 673-0761,Critical Access Hospitals,Voluntary non-profit - Private,"921 EAST FRANKLIN STREET, KENTON, OH, 43326",True,2026-09-19T09:08:20+00:00,40.64556221485,-83.595255011796,2026-09-19T09:03:58+00:00,2026-09-19T09:08:28+00:00,
361316,Bucyrus Community Hospital,629 North Sandusky Avenue,Bucyrus,OH,44820,Crawford,(419) 563-9376,Critical Access Hospitals,Voluntary non-profit - Other,"629 NORTH SANDUSKY AVENUE, BUCYRUS, OH, 44820",True,2026-09-19T09:08:20+00:00,40.814860791435,-82.975750912921,2026-09-19T09:03:58+00:00,2026-09-19T09:08:28+00:00,
361319,Selby General Hospital,1106 Colegate Drive,Marietta,OH,45750,Washington,(740) 568-2000,Critical Access Hospitals,Voluntary non-profit - Private,"1106 COLEGATE DRIVE, MARIETTA, OH, 45750",True,2026-09-19T09:08:20+00:00,39.438966179401,-81.444572500715,2026-09-19T09:03:58+00:00,2026-09-19T09:08:28+00:00,
361320,Holzer Medical Center Jackson,500 Burlington Road,Jackson,OH,45640,Jackson,(740) 395-8500,Critical Access Hospitals,Voluntary non-profit - Private,"500 BURLINGTON ROAD, JACKSON, OH, 45640",True,2026-09-19T09:08:20+00:00,39.030182604188,-82.638038282645,2026-09-19T09:03:58+00:00,2026-09-19T09:08:28+00:00,
361321,"Barnesville Hospital Association, Inc",639 West Main Street,Barnesville,OH,43713,Belmont,(740) 425-3941,Critical Access Hospitals,Voluntary non-profit - Private,"639 WEST MAIN STREET, BARNESVILLE, OH, 43713",True,2026-09-19T09:08:20+00:00,39.992801783147,-81.190226420607,2026-09-19T09:03:58+00:00,2026-09-19T09:08:28+00:00,
361322,Bluffton Hospital,139 Garau Street,Bluffton,OH,45817,Allen,(419) 358-9010,Critical Access Hospitals,Voluntary non-profit - Private,"139 GARAU STREET, BLUFFTON, OH, 45817",True,2026-09-19T09:08:20+00:00,40.88757545395,-83.898018796804,2026-09-19T09:03:58+00:00,2026-09-19T09:08:28+00:00,
361323,Aultman Orrville Hospital,832 South Main Street,Orrville,OH,44667,Wayne,(330) 682-3010,Critical Access Hospitals,Voluntary non-profit - Private,"832 SOUTH MAIN STREET, ORRVILLE, OH, 44667",True,2026-09-19T09:08:20+00:00,40.831843635942,-81.764491101897,2026-09-19T09:03:58+00:00,2026-09-19T09:08:28+00:00,
361324,Ohiohealth Shelby Hospital,199 West Main Street,Shelby,OH,44875,Richland,(419) 342-5015,Critical Access Hospitals,Voluntary non-profit - Private,"199 WEST MAIN STREET, SHELBY, OH, 44875",True,2026-09-19T09:08:20+00:00,40.880698394279,-82.646506813144,2026-09-19T09:03:58+00:00,2026-09-19T09:08:28+00:00,
361326,Adams County Regional Medical Center,230 Medical Center Drive,Seaman,OH,45679,Adams,(937) 386-3400,Critical Access Hospitals,Government - Local,"230 MEDICAL CENTER DRIVE, SEAMAN, OH, 45679",True,2026-09-19T09:08:20+00:00,38.933837980749,-83.585508428165,2026-09-19T09:03:58+00:00,2026-09-19T09:08:28+00:00,
361327,Community Hospitals and Wellness Centers,909 East Snyder Avenue,Montpelier,OH,43543,Williams,(419) 636-1131,Critical Access Hospitals,Voluntary non-profit - Private,"909 EAST SNYDER AVENUE, MONTPELIER, OH, 43543",True,2026-09-19T09:08:20+00:00,41.589413265999,-84.595512581995,2026-09-19T09:03:58+00:00,2026-09-19T09:08:28+00:00,
361328,Promedica Defiance Regional Hospital,1200 Ralston Avenue,Defiance,OH,43512,Defiance,(419) 783-6955,Critical Access Hospitals,Voluntary non-profit - Private,"1200 RALSTON AVENUE, DEFIANCE, OH, 43512",True,2026-09-19T09:08:20+00:00,41.299867171335,-84.3743868909,2026-09-19T09:03:58+00:00,2026-09-19T09:08:28+00:00,
361329,Wyandot Memorial Hospital,885 North Sandusky Avenue,Upper Sandusky,OH,43351,Wyandot,(419) 294-4991,Critical Access Hospitals,Government - Hospital District or Authority,"885 NORTH SANDUSKY AVENUE, UPPER SANDUSKY, OH, 43351",True,2026-09-19T09:08:20+00:00,40.841880677797,-83.280647374992,2026-09-19T09:03:58+00:00,2026-09-19T09:08:28+00:00,
361330,Hocking Valley Community Hospital,601 State Route 664n,Logan,OH,43138,Hocking,(740) 380-8000,Critical Access Hospitals,Voluntary non-profit - Other,"601 STATE ROUTE 664N, LOGAN, OH, 43138",True,2026-09-19T09:08:20+00:00,39.5184199,-82.4142037,2026-09-19T09:03:58+00:00,2026-09-19T09:08:28+00:00,True
361331,Adena Fayette Medical Center,1430 Columbus Avenue,Washington Ch,OH,43160,Fayette,(740) 335-1210,Critical Access Hospitals,Government - Local,"1430 COLUMBUS AVENUE, WASHINGTON CH, OH, 43160",True,2026-09-19T09:08:20+00:00,39.547289545659,-83.42664620624,2026-09-19T09:03:58+00:00,2026-09-19T09:08:28+00:00,
361332,Highland District Hospital,1275 North High Street,Hillsboro,OH,45133,Highland,(937) 393-6100,Critical Access Hospitals,Government - Hospital District or Authority,"1275 NORTH HIGH STREET, HILLSBORO, OH, 45133",True,2026-09-19T09:08:20+00:00,39.222468733751,-83.609137937536,2026-09-19T09:03:58+00:00,2026-09-19T09:08:28+00:00,
361333,Fulton County Health Center,725 South Shoop Avenue,Wauseon,OH,43567,Fulton,(419) 335-2015,Critical Access Hospitals,Voluntary non-profit - Private,"725 SOUTH SHOOP AVENUE, WAUSEON, OH, 43567",True,2026-09-19T09:08:20+00:00,41.540125428158,-84.13420927875,2026-09-19T09:03:58+00:00,2026-09-19T09:08:28+00:00,
361334,Adena Pike Medical Center,100 Dawn Lane,Waverly,OH,45690,Pike,(740) 947-2186,Critical Access Hospitals,Voluntary non-profit - Private,"100 DAWN LANE, WAVERLY, OH, 45690",True,2026-09-19T09:08:20+00:00,39.116425712729,-83.005765516193,2026-09-19T09:03:58+00:00,2026-09-19T09:08:28+00:00,
361335,Wayne Hospital,835 Sweitzer St,Greenville,OH,45331,Darke,(937) 548-1141,Critical Access Hospitals,Voluntary non-profit - Private,"835 SWEITZER ST, GREENVILLE, OH, 45331",True,2026-09-19T09:08:20+00:00,40.088180886985,-84.635019022276,2026-09-19T09:03:58+00:00,2026-09-19T09:08:28+00:00,
363300,Cincinnati Children's Hospital Medical Center,3333 Burnet Avenue,Cincinnati,OH,45229,Hamilton,(513) 636-3333,Childrens,Voluntary non-profit - Private,"3333 BURNET AVENUE, CINCINNATI, OH, 45229",True,2026-09-19T09:08:20+00:00,39.141244472964,-84.500436044145,2026-09-19T09:03:58+00:00,2026-09-19T09:08:28+00:00,
363305,Nationwide Children's Hospital,700 Children's Drive,Columbus,OH,43205,Franklin,(614) 722-2000,Childrens,Voluntary non-profit - Private,"700 CHILDREN'S DRIVE, COLUMBUS, OH, 43205",True,2026-09-19T09:08:20+00:00,39.952231562082,-82.979595136192,2026-09-19T09:03:58+00:00,2026-09-19T09:08:28+00:00,
363306,Dayton Childrens Hospital,1 Childrens Plz,Dayton,OH,45404,Montgomery,(937) 641-5509,Childrens,Voluntary non-profit - Private,"1 CHILDRENS PLZ, DAYTON, OH, 45404",True,2026-09-19T09:08:20+00:00,39.774173937913,-84.169703693909,2026-09-19T09:03:58+00:00,2026-09-19T09:08:28+00:00,
364007,Twin Valley Behavioral Healthcare,2200 West Broad Street,Columbus,OH,43223,Franklin,(614) 752-0333,Psychiatric,Government - Local,"2200 WEST BROAD STREET, COLUMBUS, OH, 43223",True,2026-09-19T09:08:20+00:00,39.955762103486,-83.058050776735,2026-09-19T09:03:58+00:00,2026-09-19T09:08:28+00:00,
364014,Northwest Ohio Psychiatric Hospital,930 South Detroit Avenue,Toledo,OH,43614,Lucas,(419) 381-1881,Psychiatric,Government - State,"930 SOUTH DETROIT AVENUE, TOLEDO, OH, 43614",True,2026-09-19T09:08:20+00:00,41.622122978967,-83.597650823945,2026-09-19T09:03:58+00:00,2026-09-19T09:08:28+00:00,
364047,Ridgeview Hospital,17872 Lincoln Highway,Middle Point,OH,45863,Van Wert,(419) 968-2950,Psychiatric,Proprietary,"17872 LINCOLN HIGHWAY, MIDDLE POINT, OH, 45863",True,2026-09-19T09:08:20+00:00,40.878516858311,-84.477480149169,2026-09-19T09:03:58+00:00,2026-09-19T09:08:28+00:00,
364056,Assurance Health Cincinnati Llc,11690 Grooms Road,Cincinnati,OH,45242,Hamilton,(513) 469-7800,Psychiatric,Voluntary non-profit - Private,"11690 GROOMS ROAD, CINCINNATI, OH, 45242",True,2026-09-19T09:08:20+00:00,39.281580318214,-84.367975845957,2026-09-19T09:03:58+00:00,2026-09-19T09:08:28+00:00,
