resource_type_id,name,planning_display_name,category,source,owner_agency,description,default_unit,typical_quantity,typical_team_size,is_kit_cache,is_consumable,is_active,notes,created_at,updated_at,created_by,updated_by,aliases,capability_ids,capability_names,components,fema_mappings
1,Aerial Apparatus – Fire,Aerial Apparatus – Fire,Equipment,FEMA/NIMS,FEMA / NIMS,The Aerial Apparatus – Fire is a specialized fire apparatus equipped with an aerial ladder or elevated platform Resource Category Fire/Hazardous Materials Primary,each,1.0,,False,False,True,,2026-06-10T02:32:14,2026-06-10T02:32:14,fema_seed,fema_seed,[],"[10, 12]","[""Structural Firefighting"", ""Aerial Firefighting""]",[],"[{""nims_name"": ""Aerial Apparatus – Fire"", ""discipline"": ""Fire / Hazardous Materials"", ""type_code"": ""4-508-1273"", ""kind"": ""Equipment"", ""reference_url"": ""https://rtlt.preptoolkit.fema.gov/Public/Resource/View/4-508-1273"", ""notes"": """", ""typed_level"": ""Type I""}, {""nims_name"": ""Aerial Apparatus – Fire"", ""discipline"": ""Fire / Hazardous Materials"", ""type_code"": ""4-508-1273"", ""kind"": ""Equipment"", ""reference_url"": ""https://rtlt.preptoolkit.fema.gov/Public/Resource/View/4-508-1273"", ""notes"": """", ""typed_level"": ""Type II""}, {""nims_name"": ""Aerial Apparatus – Fire"", ""discipline"": ""Fire / Hazardous Materials"", ""type_code"": ""4-508-1273"", ""kind"": ""Equipment"", ""reference_url"": ""https://rtlt.preptoolkit.fema.gov/Public/Resource/View/4-508-1273"", ""notes"": """", ""typed_level"": ""Type III""}]"
2,Air Ambulance Fixed-Wing (Critical Care Transport),Air Ambulance Fixed-Wing (Critical Care Transport),Other,FEMA/NIMS,FEMA / NIMS,,each,1.0,,False,False,True,,2026-06-10T02:32:14,2026-06-10T02:32:14,fema_seed,fema_seed,[],"[19, 20, 37]","[""Mass Casualty Operations"", ""Aeromedical Transport"", ""Ground Transport""]",[],"[{""nims_name"": ""Air Ambulance Fixed-Wing (Critical Care Transport)"", ""discipline"": ""Emergency Medical Services"", ""type_code"": ""3-508-1194"", ""kind"": """", ""reference_url"": ""https://rtlt.preptoolkit.fema.gov/Public/Resource/View/3-508-1194"", ""notes"": """", ""typed_level"": ""Type I""}, {""nims_name"": ""Air Ambulance Fixed-Wing (Critical Care Transport)"", ""discipline"": ""Emergency Medical Services"", ""type_code"": ""3-508-1194"", ""kind"": """", ""reference_url"": ""https://rtlt.preptoolkit.fema.gov/Public/Resource/View/3-508-1194"", ""notes"": """", ""typed_level"": ""Type II""}, {""nims_name"": ""Air Ambulance Fixed-Wing (Critical Care Transport)"", ""discipline"": ""Emergency Medical Services"", ""type_code"": ""3-508-1194"", ""kind"": """", ""reference_url"": ""https://rtlt.preptoolkit.fema.gov/Public/Resource/View/3-508-1194"", ""notes"": """", ""typed_level"": ""Type III""}]"
3,Air Ambulance Fixed-Wing (Non-Critical Care Transport),Air Ambulance Fixed-Wing (Non-Critical Care Transport),Other,FEMA/NIMS,FEMA / NIMS,,each,1.0,,False,False,True,,2026-06-10T02:32:14,2026-06-10T02:32:14,fema_seed,fema_seed,[],"[19, 20, 37]","[""Mass Casualty Operations"", ""Aeromedical Transport"", ""Ground Transport""]",[],"[{""nims_name"": ""Air Ambulance Fixed-Wing (Non-Critical Care Transport)"", ""discipline"": ""Emergency Medical Services"", ""type_code"": ""3-508-1026"", ""kind"": """", ""reference_url"": ""https://rtlt.preptoolkit.fema.gov/Public/Resource/View/3-508-1026"", ""notes"": """", ""typed_level"": ""Type I""}, {""nims_name"": ""Air Ambulance Fixed-Wing (Non-Critical Care Transport)"", ""discipline"": ""Emergency Medical Services"", ""type_code"": ""3-508-1026"", ""kind"": """", ""reference_url"": ""https://rtlt.preptoolkit.fema.gov/Public/Resource/View/3-508-1026"", ""notes"": """", ""typed_level"": ""Type II""}, {""nims_name"": ""Air Ambulance Fixed-Wing (Non-Critical Care Transport)"", ""discipline"": ""Emergency Medical Services"", ""type_code"": ""3-508-1026"", ""kind"": """", ""reference_url"": ""https://rtlt.preptoolkit.fema.gov/Public/Resource/View/3-508-1026"", ""notes"": """", ""typed_level"": ""Type III""}, {""nims_name"": ""Air Ambulance Fixed-Wing (Non-Critical Care Transport)"", ""discipline"": ""Emergency Medical Services"", ""type_code"": ""3-508-1026"", ""kind"": """", ""reference_url"": ""https://rtlt.preptoolkit.fema.gov/Public/Resource/View/3-508-1026"", ""notes"": """", ""typed_level"": ""Type IV""}]"
4,Air Ambulance Rotary-Wing (Critical Care Transport),Air Ambulance Rotary-Wing (Critical Care Transport),Other,FEMA/NIMS,FEMA / NIMS,,each,1.0,,False,False,True,,2026-06-10T02:32:14,2026-06-10T02:32:14,fema_seed,fema_seed,[],"[19, 20, 37]","[""Mass Casualty Operations"", ""Aeromedical Transport"", ""Ground Transport""]",[],"[{""nims_name"": ""Air Ambulance Rotary-Wing (Critical Care Transport)"", ""discipline"": ""Emergency Medical Services"", ""type_code"": ""3-508-1195"", ""kind"": """", ""reference_url"": ""https://rtlt.preptoolkit.fema.gov/Public/Resource/View/3-508-1195"", ""notes"": """", ""typed_level"": ""Type I""}, {""nims_name"": ""Air Ambulance Rotary-Wing (Critical Care Transport)"", ""discipline"": ""Emergency Medical Services"", ""type_code"": ""3-508-1195"", ""kind"": """", ""reference_url"": ""https://rtlt.preptoolkit.fema.gov/Public/Resource/View/3-508-1195"", ""notes"": """", ""typed_level"": ""Type II""}]"
5,Air Ambulance Rotary-Wing (Non-Critical Care),Air Ambulance Rotary-Wing (Non-Critical Care),Other,FEMA/NIMS,FEMA / NIMS,,each,1.0,,False,False,True,,2026-06-10T02:32:14,2026-06-10T02:32:14,fema_seed,fema_seed,[],"[19, 20, 37]","[""Mass Casualty Operations"", ""Aeromedical Transport"", ""Ground Transport""]",[],"[{""nims_name"": ""Air Ambulance Rotary-Wing (Non-Critical Care)"", ""discipline"": ""Emergency Medical Services"", ""type_code"": ""3-508-1027"", ""kind"": """", ""reference_url"": ""https://rtlt.preptoolkit.fema.gov/Public/Resource/View/3-508-1027"", ""notes"": """", ""typed_level"": ""Type I""}, {""nims_name"": ""Air Ambulance Rotary-Wing (Non-Critical Care)"", ""discipline"": ""Emergency Medical Services"", ""type_code"": ""3-508-1027"", ""kind"": """", ""reference_url"": ""https://rtlt.preptoolkit.fema.gov/Public/Resource/View/3-508-1027"", ""notes"": """", ""typed_level"": ""Type II""}, {""nims_name"": ""Air Ambulance Rotary-Wing (Non-Critical Care)"", ""discipline"": ""Emergency Medical Services"", ""type_code"": ""3-508-1027"", ""kind"": """", ""reference_url"": ""https://rtlt.preptoolkit.fema.gov/Public/Resource/View/3-508-1027"", ""notes"": """", ""typed_level"": ""Type III""}, {""nims_name"": ""Air Ambulance Rotary-Wing (Non-Critical Care)"", ""discipline"": ""Emergency Medical Services"", ""type_code"": ""3-508-1027"", ""kind"": """", ""reference_url"": ""https://rtlt.preptoolkit.fema.gov/Public/Resource/View/3-508-1027"", ""notes"": """", ""typed_level"": ""Type IV""}]"
6,Air Search Team (Fixed-Wing),Air Search Team (Fixed-Wing),Team,FEMA/NIMS,FEMA / NIMS,Resource Category Search and Rescue Primary,each,1.0,,False,False,True,,2026-06-10T02:32:14,2026-06-10T02:32:14,fema_seed,fema_seed,[],"[1, 7, 38]","[""Technical Rescue"", ""Wildland Search Operations"", ""Air Transport""]",[],"[{""nims_name"": ""Air Search Team (Fixed-Wing)"", ""discipline"": ""Search and Rescue"", ""type_code"": ""8-508-1007"", ""kind"": ""Team"", ""reference_url"": ""https://rtlt.preptoolkit.fema.gov/Public/Resource/View/8-508-1007"", ""notes"": """", ""typed_level"": ""Type I""}, {""nims_name"": ""Air Search Team (Fixed-Wing)"", ""discipline"": ""Search and Rescue"", ""type_code"": ""8-508-1007"", ""kind"": ""Team"", ""reference_url"": ""https://rtlt.preptoolkit.fema.gov/Public/Resource/View/8-508-1007"", ""notes"": """", ""typed_level"": ""Type II""}, {""nims_name"": ""Air Search Team (Fixed-Wing)"", ""discipline"": ""Search and Rescue"", ""type_code"": ""8-508-1007"", ""kind"": ""Team"", ""reference_url"": ""https://rtlt.preptoolkit.fema.gov/Public/Resource/View/8-508-1007"", ""notes"": """", ""typed_level"": ""Type III""}, {""nims_name"": ""Air Search Team (Fixed-Wing)"", ""discipline"": ""Search and Rescue"", ""type_code"": ""8-508-1007"", ""kind"": ""Team"", ""reference_url"": ""https://rtlt.preptoolkit.fema.gov/Public/Resource/View/8-508-1007"", ""notes"": """", ""typed_level"": ""Type IV""}]"
7,Airborne Communications Relay (Fixed-Wing) (CAP),Airborne Communications Relay (Fixed-Wing) (CAP),Aircraft,FEMA/NIMS,FEMA / NIMS,Resource Category Incident Management Primary,each,1.0,,False,False,True,,2026-06-10T02:32:15,2026-06-10T02:32:15,fema_seed,fema_seed,[],"[31, 32, 38, 45, 46, 50]","[""Voice Radio Communications"", ""Satellite Communications"", ""Air Transport"", ""Planning / Intelligence"", ""Operations Coordination"", ""EOC Operations""]",[],"[{""nims_name"": ""Airborne Communications Relay (Fixed-Wing) (CAP)"", ""discipline"": ""Incident Management"", ""type_code"": ""2-508-1038"", ""kind"": ""Aircraft"", ""reference_url"": ""https://rtlt.preptoolkit.fema.gov/Public/Resource/View/2-508-1038"", ""notes"": """", ""typed_level"": ""Type I""}, {""nims_name"": ""Airborne Communications Relay (Fixed-Wing) (CAP)"", ""discipline"": ""Incident Management"", ""type_code"": ""2-508-1038"", ""kind"": ""Aircraft"", ""reference_url"": ""https://rtlt.preptoolkit.fema.gov/Public/Resource/View/2-508-1038"", ""notes"": """", ""typed_level"": ""Type II""}, {""nims_name"": ""Airborne Communications Relay (Fixed-Wing) (CAP)"", ""discipline"": ""Incident Management"", ""type_code"": ""2-508-1038"", ""kind"": ""Aircraft"", ""reference_url"": ""https://rtlt.preptoolkit.fema.gov/Public/Resource/View/2-508-1038"", ""notes"": """", ""typed_level"": ""Type III""}, {""nims_name"": ""Airborne Communications Relay (Fixed-Wing) (CAP)"", ""discipline"": ""Incident Management"", ""type_code"": ""2-508-1038"", ""kind"": ""Aircraft"", ""reference_url"": ""https://rtlt.preptoolkit.fema.gov/Public/Resource/View/2-508-1038"", ""notes"": """", ""typed_level"": ""Type IV""}]"
8,Airborne Communications Relay Team (Fixed-Wing),Airborne Communications Relay Team (Fixed-Wing),Aircraft,FEMA/NIMS,FEMA / NIMS,Resource Category Incident Management Primary,each,1.0,,False,False,True,,2026-06-10T02:32:15,2026-06-10T02:32:15,fema_seed,fema_seed,[],"[31, 32, 38, 45, 46, 50]","[""Voice Radio Communications"", ""Satellite Communications"", ""Air Transport"", ""Planning / Intelligence"", ""Operations Coordination"", ""EOC Operations""]",[],"[{""nims_name"": ""Airborne Communications Relay Team (Fixed-Wing)"", ""discipline"": ""Incident Management"", ""type_code"": ""2-508-1037"", ""kind"": ""Aircraft"", ""reference_url"": ""https://rtlt.preptoolkit.fema.gov/Public/Resource/View/2-508-1037"", ""notes"": """", ""typed_level"": ""Type I""}, {""nims_name"": ""Airborne Communications Relay Team (Fixed-Wing)"", ""discipline"": ""Incident Management"", ""type_code"": ""2-508-1037"", ""kind"": ""Aircraft"", ""reference_url"": ""https://rtlt.preptoolkit.fema.gov/Public/Resource/View/2-508-1037"", ""notes"": """", ""typed_level"": ""Type II""}, {""nims_name"": ""Airborne Communications Relay Team (Fixed-Wing)"", ""discipline"": ""Incident Management"", ""type_code"": ""2-508-1037"", ""kind"": ""Aircraft"", ""reference_url"": ""https://rtlt.preptoolkit.fema.gov/Public/Resource/View/2-508-1037"", ""notes"": """", ""typed_level"": ""Type III""}, {""nims_name"": ""Airborne Communications Relay Team (Fixed-Wing)"", ""discipline"": ""Incident Management"", ""type_code"": ""2-508-1037"", ""kind"": ""Aircraft"", ""reference_url"": ""https://rtlt.preptoolkit.fema.gov/Public/Resource/View/2-508-1037"", ""notes"": """", ""typed_level"": ""Type IV""}]"
9,Airborne Reconnaissance (Fixed Wing),Airborne Reconnaissance (Fixed Wing),Team,FEMA/NIMS,FEMA / NIMS,Resource Category Search and Rescue Primary,each,1.0,,False,False,True,,2026-06-10T02:32:15,2026-06-10T02:32:15,fema_seed,fema_seed,[],"[1, 7, 38]","[""Technical Rescue"", ""Wildland Search Operations"", ""Air Transport""]",[],"[{""nims_name"": ""Airborne Reconnaissance (Fixed Wing)"", ""discipline"": ""Search and Rescue"", ""type_code"": ""8-508-1008"", ""kind"": ""Team"", ""reference_url"": ""https://rtlt.preptoolkit.fema.gov/Public/Resource/View/8-508-1008"", ""notes"": """", ""typed_level"": ""Type I""}, {""nims_name"": ""Airborne Reconnaissance (Fixed Wing)"", ""discipline"": ""Search and Rescue"", ""type_code"": ""8-508-1008"", ""kind"": ""Team"", ""reference_url"": ""https://rtlt.preptoolkit.fema.gov/Public/Resource/View/8-508-1008"", ""notes"": """", ""typed_level"": ""Type II""}, {""nims_name"": ""Airborne Reconnaissance (Fixed Wing)"", ""discipline"": ""Search and Rescue"", ""type_code"": ""8-508-1008"", ""kind"": ""Team"", ""reference_url"": ""https://rtlt.preptoolkit.fema.gov/Public/Resource/View/8-508-1008"", ""notes"": """", ""typed_level"": ""Type III""}, {""nims_name"": ""Airborne Reconnaissance (Fixed Wing)"", ""discipline"": ""Search and Rescue"", ""type_code"": ""8-508-1008"", ""kind"": ""Team"", ""reference_url"": ""https://rtlt.preptoolkit.fema.gov/Public/Resource/View/8-508-1008"", ""notes"": """", ""typed_level"": ""Type IV""}]"
10,Ambulance Ground Team - Advanced Life Support (ALS),Ambulance Ground Team - Advanced Life Support (ALS),Team,FEMA/NIMS,FEMA / NIMS,The Ambulance Ground Team – Advanced Life Support (ALS) provides Emergency Medical Services (EMS) at a Paramedic level and deploys with,each,1.0,,False,False,True,,2026-06-10T02:32:15,2026-06-10T02:32:15,fema_seed,fema_seed,[],"[17, 18, 19, 37]","[""Advanced Life Support (ALS)"", ""Basic Life Support (BLS)"", ""Mass Casualty Operations"", ""Ground Transport""]",[],"[{""nims_name"": ""Ambulance Ground Team - Advanced Life Support (ALS)"", ""discipline"": ""Emergency Medical Services"", ""type_code"": ""3-508-1292"", ""kind"": ""Team"", ""reference_url"": ""https://rtlt.preptoolkit.fema.gov/Public/Resource/View/3-508-1292"", ""notes"": """", ""typed_level"": ""Type I""}]"
11,Ambulance Ground Team - Basic Life Support (BLS),Ambulance Ground Team - Basic Life Support (BLS),Team,FEMA/NIMS,FEMA / NIMS,The Ambulance Ground Team – Basic Life Support (BLS) provides Emergency Medical Services (EMS) at an Emergency Medical Technician (EMT) level and deploys with,each,1.0,,False,False,True,,2026-06-10T02:32:15,2026-06-10T02:32:15,fema_seed,fema_seed,[],"[17, 18, 19, 37]","[""Advanced Life Support (ALS)"", ""Basic Life Support (BLS)"", ""Mass Casualty Operations"", ""Ground Transport""]",[],"[{""nims_name"": ""Ambulance Ground Team - Basic Life Support (BLS)"", ""discipline"": ""Emergency Medical Services"", ""type_code"": ""3-508-1293"", ""kind"": ""Team"", ""reference_url"": ""https://rtlt.preptoolkit.fema.gov/Public/Resource/View/3-508-1293"", ""notes"": """", ""typed_level"": ""Type I""}]"
12,Ambulance Strike Team - Advanced Life Support (ALS),Ambulance Strike Team - Advanced Life Support (ALS),Team,FEMA/NIMS,FEMA / NIMS,,each,1.0,,False,False,True,,2026-06-10T02:32:15,2026-06-10T02:32:15,fema_seed,fema_seed,[],"[17, 19, 37]","[""Advanced Life Support (ALS)"", ""Mass Casualty Operations"", ""Ground Transport""]",[],"[{""nims_name"": ""Ambulance Strike Team - Advanced Life Support (ALS)"", ""discipline"": ""Emergency Medical Services"", ""type_code"": ""3-508-1294"", ""kind"": ""Team"", ""reference_url"": ""https://rtlt.preptoolkit.fema.gov/Public/Resource/View/3-508-1294"", ""notes"": """", ""typed_level"": ""Type I""}]"
13,Ambulance Strike Team - Basic Life Support (BLS),Ambulance Strike Team - Basic Life Support (BLS),Team,FEMA/NIMS,FEMA / NIMS,,each,1.0,,False,False,True,,2026-06-10T02:32:15,2026-06-10T02:32:15,fema_seed,fema_seed,[],"[18, 19, 37]","[""Basic Life Support (BLS)"", ""Mass Casualty Operations"", ""Ground Transport""]",[],"[{""nims_name"": ""Ambulance Strike Team - Basic Life Support (BLS)"", ""discipline"": ""Emergency Medical Services"", ""type_code"": ""3-508-1295"", ""kind"": ""Team"", ""reference_url"": ""https://rtlt.preptoolkit.fema.gov/Public/Resource/View/3-508-1295"", ""notes"": """", ""typed_level"": ""Type I""}]"
14,Ambulance Task Force,Ambulance Task Force,Other,FEMA/NIMS,FEMA / NIMS,Resource Category Emergency Medical Services Primary,each,1.0,,False,False,True,,2026-06-10T02:32:15,2026-06-10T02:32:15,fema_seed,fema_seed,[],"[17, 18, 19, 37]","[""Advanced Life Support (ALS)"", ""Basic Life Support (BLS)"", ""Mass Casualty Operations"", ""Ground Transport""]",[],"[{""nims_name"": ""Ambulance Task Force"", ""discipline"": ""Emergency Medical Services"", ""type_code"": ""3-508-1030"", ""kind"": """", ""reference_url"": ""https://rtlt.preptoolkit.fema.gov/Public/Resource/View/3-508-1030"", ""notes"": """", ""typed_level"": ""Type I""}]"
15,Animal and Agriculture Damage Assessment Team,Animal and Agriculture Damage Assessment Team,Team,FEMA/NIMS,FEMA / NIMS,,each,1.0,,False,False,True,,2026-06-10T02:32:15,2026-06-10T02:32:15,fema_seed,fema_seed,[],"[55, 63]","[""Damage Assessment"", ""Small Animal Sheltering""]",[],"[{""nims_name"": ""Animal and Agriculture Damage Assessment Team"", ""discipline"": ""Animal Emergency Response"", ""type_code"": ""1-508-1221"", ""kind"": ""Team"", ""reference_url"": ""https://rtlt.preptoolkit.fema.gov/Public/Resource/View/1-508-1221"", ""notes"": """", ""typed_level"": ""Type I""}]"
16,Animal Depopulation Team,Animal Depopulation Team,Team,FEMA/NIMS,FEMA / NIMS,,each,1.0,,False,False,True,,2026-06-10T02:32:15,2026-06-10T02:32:15,fema_seed,fema_seed,[],"[62, 64]","[""Large Animal Rescue"", ""Veterinary Care""]",[],"[{""nims_name"": ""Animal Depopulation Team"", ""discipline"": ""Animal Emergency Response"", ""type_code"": ""1-508-1222"", ""kind"": ""Team"", ""reference_url"": ""https://rtlt.preptoolkit.fema.gov/Public/Resource/View/1-508-1222"", ""notes"": """", ""typed_level"": ""Type I""}]"
17,"Animal Evacuation, Transport, and Re-Entry Team","Animal Evacuation, Transport, and Re-Entry Team",Team,FEMA/NIMS,FEMA / NIMS,"The Animal Evacuation, Transport, and Re-Entry Team evacuates animals from disaster areas to non-impacted areas by receiving animals from search and rescue teams, animal control",each,1.0,,False,False,True,,2026-06-10T02:32:15,2026-06-10T02:32:15,fema_seed,fema_seed,[],"[58, 62, 63, 64]","[""Evacuation Support"", ""Large Animal Rescue"", ""Small Animal Sheltering"", ""Veterinary Care""]",[],"[{""nims_name"": ""Animal Evacuation, Transport, and Re-Entry Team"", ""discipline"": ""Animal Emergency Response"", ""type_code"": ""1-508-1223"", ""kind"": ""Team"", ""reference_url"": ""https://rtlt.preptoolkit.fema.gov/Public/Resource/View/1-508-1223"", ""notes"": """", ""typed_level"": ""Type I""}, {""nims_name"": ""Animal Evacuation, Transport, and Re-Entry Team"", ""discipline"": ""Animal Emergency Response"", ""type_code"": ""1-508-1223"", ""kind"": ""Team"", ""reference_url"": ""https://rtlt.preptoolkit.fema.gov/Public/Resource/View/1-508-1223"", ""notes"": """", ""typed_level"": ""Type II""}, {""nims_name"": ""Animal Evacuation, Transport, and Re-Entry Team"", ""discipline"": ""Animal Emergency Response"", ""type_code"": ""1-508-1223"", ""kind"": ""Team"", ""reference_url"": ""https://rtlt.preptoolkit.fema.gov/Public/Resource/View/1-508-1223"", ""notes"": """", ""typed_level"": ""Type III""}, {""nims_name"": ""Animal Evacuation, Transport, and Re-Entry Team"", ""discipline"": ""Animal Emergency Response"", ""type_code"": ""1-508-1223"", ""kind"": ""Team"", ""reference_url"": ""https://rtlt.preptoolkit.fema.gov/Public/Resource/View/1-508-1223"", ""notes"": """", ""typed_level"": ""Type IV""}]"
18,Animal Search and Rescue Team,Animal Search and Rescue Team,Team,FEMA/NIMS,FEMA / NIMS,"The Animal Search and Rescue Team locates, stabilizes, extricates and evacuates animals in a disaster environment Resource Category Animal Emergency Response Primary",each,1.0,,False,False,True,,2026-06-10T02:32:15,2026-06-10T02:32:15,fema_seed,fema_seed,[],"[8, 62, 64]","[""K9 Search"", ""Large Animal Rescue"", ""Veterinary Care""]",[],"[{""nims_name"": ""Animal Search and Rescue Team"", ""discipline"": ""Animal Emergency Response"", ""type_code"": ""1-508-1224"", ""kind"": ""Team"", ""reference_url"": ""https://rtlt.preptoolkit.fema.gov/Public/Resource/View/1-508-1224"", ""notes"": """", ""typed_level"": ""Type I""}, {""nims_name"": ""Animal Search and Rescue Team"", ""discipline"": ""Animal Emergency Response"", ""type_code"": ""1-508-1224"", ""kind"": ""Team"", ""reference_url"": ""https://rtlt.preptoolkit.fema.gov/Public/Resource/View/1-508-1224"", ""notes"": """", ""typed_level"": ""Type II""}, {""nims_name"": ""Animal Search and Rescue Team"", ""discipline"": ""Animal Emergency Response"", ""type_code"": ""1-508-1224"", ""kind"": ""Team"", ""reference_url"": ""https://rtlt.preptoolkit.fema.gov/Public/Resource/View/1-508-1224"", ""notes"": """", ""typed_level"": ""Type III""}]"
19,Animal Sheltering Team - Animal-Only Shelter,Animal Sheltering Team - Animal-Only Shelter,Team,FEMA/NIMS,FEMA / NIMS,,each,1.0,,False,False,True,,2026-06-10T02:32:15,2026-06-10T02:32:15,fema_seed,fema_seed,[],"[63, 64]","[""Small Animal Sheltering"", ""Veterinary Care""]",[],"[{""nims_name"": ""Animal Sheltering Team - Animal-Only Shelter"", ""discipline"": ""Animal Emergency Response"", ""type_code"": ""1-508-1226"", ""kind"": ""Team"", ""reference_url"": ""https://rtlt.preptoolkit.fema.gov/Public/Resource/View/1-508-1226"", ""notes"": """", ""typed_level"": ""Type I""}, {""nims_name"": ""Animal Sheltering Team - Animal-Only Shelter"", ""discipline"": ""Animal Emergency Response"", ""type_code"": ""1-508-1226"", ""kind"": ""Team"", ""reference_url"": ""https://rtlt.preptoolkit.fema.gov/Public/Resource/View/1-508-1226"", ""notes"": """", ""typed_level"": ""Type II""}, {""nims_name"": ""Animal Sheltering Team - Animal-Only Shelter"", ""discipline"": ""Animal Emergency Response"", ""type_code"": ""1-508-1226"", ""kind"": ""Team"", ""reference_url"": ""https://rtlt.preptoolkit.fema.gov/Public/Resource/View/1-508-1226"", ""notes"": """", ""typed_level"": ""Type III""}, {""nims_name"": ""Animal Sheltering Team - Animal-Only Shelter"", ""discipline"": ""Animal Emergency Response"", ""type_code"": ""1-508-1226"", ""kind"": ""Team"", ""reference_url"": ""https://rtlt.preptoolkit.fema.gov/Public/Resource/View/1-508-1226"", ""notes"": """", ""typed_level"": ""Type IV""}]"
20,Animal Sheltering Team - Cohabitated Shelter,Animal Sheltering Team - Cohabitated Shelter,Team,FEMA/NIMS,FEMA / NIMS,,each,1.0,,False,False,True,,2026-06-10T02:32:15,2026-06-10T02:32:15,fema_seed,fema_seed,[],"[57, 61, 63, 64]","[""Emergency Shelter Operations"", ""Access and Functional Needs Support"", ""Small Animal Sheltering"", ""Veterinary Care""]",[],"[{""nims_name"": ""Animal Sheltering Team - Cohabitated Shelter"", ""discipline"": ""Animal Emergency Response"", ""type_code"": ""1-508-1227"", ""kind"": ""Team"", ""reference_url"": ""https://rtlt.preptoolkit.fema.gov/Public/Resource/View/1-508-1227"", ""notes"": """", ""typed_level"": ""Type I""}, {""nims_name"": ""Animal Sheltering Team - Cohabitated Shelter"", ""discipline"": ""Animal Emergency Response"", ""type_code"": ""1-508-1227"", ""kind"": ""Team"", ""reference_url"": ""https://rtlt.preptoolkit.fema.gov/Public/Resource/View/1-508-1227"", ""notes"": """", ""typed_level"": ""Type II""}, {""nims_name"": ""Animal Sheltering Team - Cohabitated Shelter"", ""discipline"": ""Animal Emergency Response"", ""type_code"": ""1-508-1227"", ""kind"": ""Team"", ""reference_url"": ""https://rtlt.preptoolkit.fema.gov/Public/Resource/View/1-508-1227"", ""notes"": """", ""typed_level"": ""Type III""}, {""nims_name"": ""Animal Sheltering Team - Cohabitated Shelter"", ""discipline"": ""Animal Emergency Response"", ""type_code"": ""1-508-1227"", ""kind"": ""Team"", ""reference_url"": ""https://rtlt.preptoolkit.fema.gov/Public/Resource/View/1-508-1227"", ""notes"": """", ""typed_level"": ""Type IV""}]"
21,Animal Sheltering Team - Collocated Shelter,Animal Sheltering Team - Collocated Shelter,Team,FEMA/NIMS,FEMA / NIMS,,each,1.0,,False,False,True,,2026-06-10T02:32:15,2026-06-10T02:32:15,fema_seed,fema_seed,[],"[57, 61, 63, 64]","[""Emergency Shelter Operations"", ""Access and Functional Needs Support"", ""Small Animal Sheltering"", ""Veterinary Care""]",[],"[{""nims_name"": ""Animal Sheltering Team - Collocated Shelter"", ""discipline"": ""Animal Emergency Response"", ""type_code"": ""1-508-1228"", ""kind"": ""Team"", ""reference_url"": ""https://rtlt.preptoolkit.fema.gov/Public/Resource/View/1-508-1228"", ""notes"": """", ""typed_level"": ""Type I""}, {""nims_name"": ""Animal Sheltering Team - Collocated Shelter"", ""discipline"": ""Animal Emergency Response"", ""type_code"": ""1-508-1228"", ""kind"": ""Team"", ""reference_url"": ""https://rtlt.preptoolkit.fema.gov/Public/Resource/View/1-508-1228"", ""notes"": """", ""typed_level"": ""Type II""}, {""nims_name"": ""Animal Sheltering Team - Collocated Shelter"", ""discipline"": ""Animal Emergency Response"", ""type_code"": ""1-508-1228"", ""kind"": ""Team"", ""reference_url"": ""https://rtlt.preptoolkit.fema.gov/Public/Resource/View/1-508-1228"", ""notes"": """", ""typed_level"": ""Type III""}, {""nims_name"": ""Animal Sheltering Team - Collocated Shelter"", ""discipline"": ""Animal Emergency Response"", ""type_code"": ""1-508-1228"", ""kind"": ""Team"", ""reference_url"": ""https://rtlt.preptoolkit.fema.gov/Public/Resource/View/1-508-1228"", ""notes"": """", ""typed_level"": ""Type IV""}]"
22,Area Command Team – Firefighting,Area Command Team – Firefighting,Team,FEMA/NIMS,FEMA / NIMS,"The Area Command Team – Firefighting supports the area command, which may be activated to manage a very large incident with multiple Incident Management Teams Resource Category Fire/Hazardous Materials Primary",each,1.0,,False,False,True,,2026-06-10T02:32:15,2026-06-10T02:32:15,fema_seed,fema_seed,[],"[10, 44]","[""Structural Firefighting"", ""Incident Command""]",[],"[{""nims_name"": ""Area Command Team – Firefighting"", ""discipline"": ""Fire / Hazardous Materials"", ""type_code"": ""4-508-1274"", ""kind"": ""Team"", ""reference_url"": ""https://rtlt.preptoolkit.fema.gov/Public/Resource/View/4-508-1274"", ""notes"": """", ""typed_level"": ""Type I""}]"
23,Behavioral Health Community Services Team,Behavioral Health Community Services Team,Team,FEMA/NIMS,FEMA / NIMS,,each,1.0,,False,False,True,,2026-06-10T02:32:15,2026-06-10T02:32:15,fema_seed,fema_seed,[],"[22, 24]","[""Public Health Surveillance"", ""Mental Health / Crisis Intervention""]",[],"[{""nims_name"": ""Behavioral Health Community Services Team"", ""discipline"": ""Medical and Public Health"", ""type_code"": ""12-508-1186"", ""kind"": ""Team"", ""reference_url"": ""https://rtlt.preptoolkit.fema.gov/Public/Resource/View/12-508-1186"", ""notes"": """", ""typed_level"": ""Type I""}, {""nims_name"": ""Behavioral Health Community Services Team"", ""discipline"": ""Medical and Public Health"", ""type_code"": ""12-508-1186"", ""kind"": ""Team"", ""reference_url"": ""https://rtlt.preptoolkit.fema.gov/Public/Resource/View/12-508-1186"", ""notes"": """", ""typed_level"": ""Type II""}, {""nims_name"": ""Behavioral Health Community Services Team"", ""discipline"": ""Medical and Public Health"", ""type_code"": ""12-508-1186"", ""kind"": ""Team"", ""reference_url"": ""https://rtlt.preptoolkit.fema.gov/Public/Resource/View/12-508-1186"", ""notes"": """", ""typed_level"": ""Type III""}]"
24,Bomb Response Team,Bomb Response Team,Team,FEMA/NIMS,FEMA / NIMS,A team of Bomb Technicians that investigates suspicious items and renders safe hazardous devices Resource Category Law Enforcement Operations Primary,each,1.0,,False,False,True,,2026-06-10T02:32:15,2026-06-10T02:32:15,fema_seed,fema_seed,[],[26],"[""Explosive Ordnance Disposal""]",[],"[{""nims_name"": ""Bomb Response Team"", ""discipline"": ""Law Enforcement Operations"", ""type_code"": ""6-508-1176"", ""kind"": ""Team"", ""reference_url"": ""https://rtlt.preptoolkit.fema.gov/Public/Resource/View/6-508-1176"", ""notes"": """", ""typed_level"": ""Type I""}, {""nims_name"": ""Bomb Response Team"", ""discipline"": ""Law Enforcement Operations"", ""type_code"": ""6-508-1176"", ""kind"": ""Team"", ""reference_url"": ""https://rtlt.preptoolkit.fema.gov/Public/Resource/View/6-508-1176"", ""notes"": """", ""typed_level"": ""Type II""}, {""nims_name"": ""Bomb Response Team"", ""discipline"": ""Law Enforcement Operations"", ""type_code"": ""6-508-1176"", ""kind"": ""Team"", ""reference_url"": ""https://rtlt.preptoolkit.fema.gov/Public/Resource/View/6-508-1176"", ""notes"": """", ""typed_level"": ""Type III""}]"
25,Canine Detection Team - Explosives,Canine Detection Team - Explosives,Team,FEMA/NIMS,FEMA / NIMS,The Explosives Detection Canine Team (EDCT) conducts screening and searches to detect the presence of explosives and explosives-related substances. A team is comprised of both a Canine Handler - Explosives and an Explosives Detection Canine (EDC) Resource Category Law Enforcement Operations Primary,each,1.0,,False,False,True,,2026-06-10T02:32:15,2026-06-10T02:32:15,fema_seed,fema_seed,[],"[8, 26]","[""K9 Search"", ""Explosive Ordnance Disposal""]",[],"[{""nims_name"": ""Canine Detection Team - Explosives"", ""discipline"": ""Law Enforcement Operations"", ""type_code"": ""6-508-1290"", ""kind"": ""Team"", ""reference_url"": ""https://rtlt.preptoolkit.fema.gov/Public/Resource/View/6-508-1290"", ""notes"": """", ""typed_level"": ""Type I""}, {""nims_name"": ""Canine Detection Team - Explosives"", ""discipline"": ""Law Enforcement Operations"", ""type_code"": ""6-508-1290"", ""kind"": ""Team"", ""reference_url"": ""https://rtlt.preptoolkit.fema.gov/Public/Resource/View/6-508-1290"", ""notes"": """", ""typed_level"": ""Type II""}, {""nims_name"": ""Canine Detection Team - Explosives"", ""discipline"": ""Law Enforcement Operations"", ""type_code"": ""6-508-1290"", ""kind"": ""Team"", ""reference_url"": ""https://rtlt.preptoolkit.fema.gov/Public/Resource/View/6-508-1290"", ""notes"": """", ""typed_level"": ""Type III""}]"
26,Canine Search Team - Disaster/Structural Collapse Human Remains,Canine Search Team - Disaster/Structural Collapse Human Remains,Team,FEMA/NIMS,FEMA / NIMS,A Canine Search Team – Disaster/Structural Collapse Human Remains searches for and detects the scent of human remains in failed structures and debris fields. Resource Category Search and Rescue Primary,each,1.0,,False,False,True,,2026-06-10T02:32:15,2026-06-10T02:32:15,fema_seed,fema_seed,[],"[1, 2, 8]","[""Technical Rescue"", ""Structural Collapse Search & Rescue"", ""K9 Search""]",[],"[{""nims_name"": ""Canine Search Team - Disaster/Structural Collapse Human Remains"", ""discipline"": ""Search and Rescue"", ""type_code"": ""8-508-1164"", ""kind"": ""Team"", ""reference_url"": ""https://rtlt.preptoolkit.fema.gov/Public/Resource/View/8-508-1164"", ""notes"": """", ""typed_level"": ""Type I""}, {""nims_name"": ""Canine Search Team - Disaster/Structural Collapse Human Remains"", ""discipline"": ""Search and Rescue"", ""type_code"": ""8-508-1164"", ""kind"": ""Team"", ""reference_url"": ""https://rtlt.preptoolkit.fema.gov/Public/Resource/View/8-508-1164"", ""notes"": """", ""typed_level"": ""Type II""}]"
27,Canine Search Team - Disaster/Structural Collapse Live,Canine Search Team - Disaster/Structural Collapse Live,Team,FEMA/NIMS,FEMA / NIMS,The Canine Search Team – Disaster/Structural Collapse Live searches for and detects live human scent in failed structures and debris fields Resource Category Search and Rescue Primary,each,1.0,,False,False,True,,2026-06-10T02:32:15,2026-06-10T02:32:15,fema_seed,fema_seed,[],"[1, 2, 8]","[""Technical Rescue"", ""Structural Collapse Search & Rescue"", ""K9 Search""]",[],"[{""nims_name"": ""Canine Search Team - Disaster/Structural Collapse Live"", ""discipline"": ""Search and Rescue"", ""type_code"": ""8-508-1165"", ""kind"": ""Team"", ""reference_url"": ""https://rtlt.preptoolkit.fema.gov/Public/Resource/View/8-508-1165"", ""notes"": """", ""typed_level"": ""Type I""}, {""nims_name"": ""Canine Search Team - Disaster/Structural Collapse Live"", ""discipline"": ""Search and Rescue"", ""type_code"": ""8-508-1165"", ""kind"": ""Team"", ""reference_url"": ""https://rtlt.preptoolkit.fema.gov/Public/Resource/View/8-508-1165"", ""notes"": """", ""typed_level"": ""Type II""}]"
28,Canine Search Team – Land Human Remains,Canine Search Team – Land Human Remains,Team,FEMA/NIMS,FEMA / NIMS,"A Canine Search Team – Land Human Remains searches for human remains outside the urban collapsed structure environment, in debris fields and in areas of varied terrain with limited structures Resource Category Search and Rescue Primary",each,1.0,,False,False,True,,2026-06-10T02:32:15,2026-06-10T02:32:15,fema_seed,fema_seed,[],"[1, 7, 8]","[""Technical Rescue"", ""Wildland Search Operations"", ""K9 Search""]",[],"[{""nims_name"": ""Canine Search Team – Land Human Remains"", ""discipline"": ""Search and Rescue"", ""type_code"": ""8-508-1166"", ""kind"": ""Team"", ""reference_url"": ""https://rtlt.preptoolkit.fema.gov/Public/Resource/View/8-508-1166"", ""notes"": """", ""typed_level"": ""Type I""}]"
29,Canine Search Team - Land Live,Canine Search Team - Land Live,Team,FEMA/NIMS,FEMA / NIMS,"A Canine Search Team – Land Live searches for and detects live subjects outside of the urban collapsed structure environment, in debris field and in areas of varied terrain with limited structures. Resource Category Search and Rescue Primary",each,1.0,,False,False,True,,2026-06-10T02:32:15,2026-06-10T02:32:15,fema_seed,fema_seed,[],"[1, 7, 8]","[""Technical Rescue"", ""Wildland Search Operations"", ""K9 Search""]",[],"[{""nims_name"": ""Canine Search Team - Land Live"", ""discipline"": ""Search and Rescue"", ""type_code"": ""8-508-1167"", ""kind"": ""Team"", ""reference_url"": ""https://rtlt.preptoolkit.fema.gov/Public/Resource/View/8-508-1167"", ""notes"": """", ""typed_level"": ""Type I""}]"
30,Canine Search Team - Water Human Remains,Canine Search Team - Water Human Remains,Team,FEMA/NIMS,FEMA / NIMS,The Canine Search Team – Water Human Remains searches for and detects human remains in and along bodies of water and debris fields Resource Category Search and Rescue Primary,each,1.0,,False,False,True,,2026-06-10T02:32:15,2026-06-10T02:32:15,fema_seed,fema_seed,[],"[1, 6, 8]","[""Technical Rescue"", ""Dive / Underwater Search"", ""K9 Search""]",[],"[{""nims_name"": ""Canine Search Team - Water Human Remains"", ""discipline"": ""Search and Rescue"", ""type_code"": ""8-508-1168"", ""kind"": ""Team"", ""reference_url"": ""https://rtlt.preptoolkit.fema.gov/Public/Resource/View/8-508-1168"", ""notes"": """", ""typed_level"": ""Type I""}, {""nims_name"": ""Canine Search Team - Water Human Remains"", ""discipline"": ""Search and Rescue"", ""type_code"": ""8-508-1168"", ""kind"": ""Team"", ""reference_url"": ""https://rtlt.preptoolkit.fema.gov/Public/Resource/View/8-508-1168"", ""notes"": """", ""typed_level"": ""Type II""}]"
31,Cave Search and Rescue (SAR) Team,Cave Search and Rescue (SAR) Team,Team,FEMA/NIMS,FEMA / NIMS,"A Cave Search and Rescue (SAR) Team conducts search, rescue and recovery in naturally formed caves Resource Category Search and Rescue Primary",each,1.0,,False,False,True,,2026-06-10T02:32:15,2026-06-10T02:32:15,fema_seed,fema_seed,[],"[1, 3]","[""Technical Rescue"", ""Confined Space Rescue""]",[],"[{""nims_name"": ""Cave Search and Rescue (SAR) Team"", ""discipline"": ""Search and Rescue"", ""type_code"": ""8-508-1015"", ""kind"": ""Team"", ""reference_url"": ""https://rtlt.preptoolkit.fema.gov/Public/Resource/View/8-508-1015"", ""notes"": """", ""typed_level"": ""Type I""}, {""nims_name"": ""Cave Search and Rescue (SAR) Team"", ""discipline"": ""Search and Rescue"", ""type_code"": ""8-508-1015"", ""kind"": ""Team"", ""reference_url"": ""https://rtlt.preptoolkit.fema.gov/Public/Resource/View/8-508-1015"", ""notes"": """", ""typed_level"": ""Type II""}]"
32,Companion Animal Decontamination Team,Companion Animal Decontamination Team,Team,FEMA/NIMS,FEMA / NIMS,,each,1.0,,False,False,True,,2026-06-10T02:32:15,2026-06-10T02:32:15,fema_seed,fema_seed,[],"[14, 63, 64]","[""Decontamination Operations"", ""Small Animal Sheltering"", ""Veterinary Care""]",[],"[{""nims_name"": ""Companion Animal Decontamination Team"", ""discipline"": ""Animal Emergency Response"", ""type_code"": ""1-508-1229"", ""kind"": ""Team"", ""reference_url"": ""https://rtlt.preptoolkit.fema.gov/Public/Resource/View/1-508-1229"", ""notes"": """", ""typed_level"": ""Type I""}, {""nims_name"": ""Companion Animal Decontamination Team"", ""discipline"": ""Animal Emergency Response"", ""type_code"": ""1-508-1229"", ""kind"": ""Team"", ""reference_url"": ""https://rtlt.preptoolkit.fema.gov/Public/Resource/View/1-508-1229"", ""notes"": """", ""typed_level"": ""Type II""}, {""nims_name"": ""Companion Animal Decontamination Team"", ""discipline"": ""Animal Emergency Response"", ""type_code"": ""1-508-1229"", ""kind"": ""Team"", ""reference_url"": ""https://rtlt.preptoolkit.fema.gov/Public/Resource/View/1-508-1229"", ""notes"": """", ""typed_level"": ""Type III""}]"
33,Crew Transport (Firefighting Crew),Crew Transport (Firefighting Crew),Equipment,FEMA/NIMS,FEMA / NIMS,The Crew Transport (Firefighting Crew) is a vehicle that transports firefighting crews Resource Category Fire/Hazardous Materials Primary,each,1.0,,False,False,True,,2026-06-10T02:32:15,2026-06-10T02:32:15,fema_seed,fema_seed,[],[37],"[""Ground Transport""]",[],"[{""nims_name"": ""Crew Transport (Firefighting Crew)"", ""discipline"": ""Fire / Hazardous Materials"", ""type_code"": ""4-508-1275"", ""kind"": ""Equipment"", ""reference_url"": ""https://rtlt.preptoolkit.fema.gov/Public/Resource/View/4-508-1275"", ""notes"": """", ""typed_level"": ""Type I""}, {""nims_name"": ""Crew Transport (Firefighting Crew)"", ""discipline"": ""Fire / Hazardous Materials"", ""type_code"": ""4-508-1275"", ""kind"": ""Equipment"", ""reference_url"": ""https://rtlt.preptoolkit.fema.gov/Public/Resource/View/4-508-1275"", ""notes"": """", ""typed_level"": ""Type II""}, {""nims_name"": ""Crew Transport (Firefighting Crew)"", ""discipline"": ""Fire / Hazardous Materials"", ""type_code"": ""4-508-1275"", ""kind"": ""Equipment"", ""reference_url"": ""https://rtlt.preptoolkit.fema.gov/Public/Resource/View/4-508-1275"", ""notes"": """", ""typed_level"": ""Type III""}]"
34,Crisis Negotiation Team,Crisis Negotiation Team,Team,FEMA/NIMS,FEMA / NIMS,"The Crisis Negotiation Team consists of individuals who negotiate with a person or group of people actively involved in a criminal, domestic or mental health incident Resource Category Law Enforcement Operations Primary",each,1.0,,False,False,True,,2026-06-10T02:32:15,2026-06-10T02:32:15,fema_seed,fema_seed,[],[25],"[""Tactical Law Enforcement""]",[],"[{""nims_name"": ""Crisis Negotiation Team"", ""discipline"": ""Law Enforcement Operations"", ""type_code"": ""6-508-1231"", ""kind"": ""Team"", ""reference_url"": ""https://rtlt.preptoolkit.fema.gov/Public/Resource/View/6-508-1231"", ""notes"": """", ""typed_level"": ""Type I""}, {""nims_name"": ""Crisis Negotiation Team"", ""discipline"": ""Law Enforcement Operations"", ""type_code"": ""6-508-1231"", ""kind"": ""Team"", ""reference_url"": ""https://rtlt.preptoolkit.fema.gov/Public/Resource/View/6-508-1231"", ""notes"": """", ""typed_level"": ""Type II""}]"
35,Critical Incident Stress Management (CISM) Team,Critical Incident Stress Management (CISM) Team,Team,FEMA/NIMS,FEMA / NIMS,,each,1.0,,False,False,True,,2026-06-10T02:32:15,2026-06-10T02:32:15,fema_seed,fema_seed,[],"[24, 44, 45, 46, 50]","[""Mental Health / Crisis Intervention"", ""Incident Command"", ""Planning / Intelligence"", ""Operations Coordination"", ""EOC Operations""]",[],"[{""nims_name"": ""Critical Incident Stress Management (CISM) Team"", ""discipline"": ""Incident Management"", ""type_code"": ""2-508-1041"", ""kind"": ""Team"", ""reference_url"": ""https://rtlt.preptoolkit.fema.gov/Public/Resource/View/2-508-1041"", ""notes"": """", ""typed_level"": ""Type I""}]"
36,Cyber Incident Response Team,Cyber Incident Response Team,Team,FEMA/NIMS,FEMA / NIMS,"The Cyber Incident Response Team responds to crises or urgent situations within the pertinent cyber domain to address, manage and mitigate immediate and potential threats Resource Category Cybersecurity Primary",each,1.0,,False,False,True,,2026-06-10T02:32:15,2026-06-10T02:32:15,fema_seed,fema_seed,[],[30],"[""Cybersecurity Operations""]",[],"[{""nims_name"": ""Cyber Incident Response Team"", ""discipline"": ""Cybersecurity"", ""type_code"": ""13-508-1212"", ""kind"": ""Team"", ""reference_url"": ""https://rtlt.preptoolkit.fema.gov/Public/Resource/View/13-508-1212"", ""notes"": """", ""typed_level"": ""Type I""}, {""nims_name"": ""Cyber Incident Response Team"", ""discipline"": ""Cybersecurity"", ""type_code"": ""13-508-1212"", ""kind"": ""Team"", ""reference_url"": ""https://rtlt.preptoolkit.fema.gov/Public/Resource/View/13-508-1212"", ""notes"": """", ""typed_level"": ""Type II""}]"
37,Damage Assessment Team – Public Works,Damage Assessment Team – Public Works,Team,FEMA/NIMS,FEMA / NIMS,"The Damage Assessment Team – Public Works assesses the magnitude of damage an incident has caused to public infrastructure such as facilities, roadways, piping systems and bridges. Resource Category Public Works Primary",each,1.0,,False,False,True,,2026-06-10T02:32:15,2026-06-10T02:32:15,fema_seed,fema_seed,[],"[52, 55]","[""Water Supply and Distribution"", ""Damage Assessment""]",[],"[{""nims_name"": ""Damage Assessment Team – Public Works"", ""discipline"": ""Public Works"", ""type_code"": ""7-508-1232"", ""kind"": ""Team"", ""reference_url"": ""https://rtlt.preptoolkit.fema.gov/Public/Resource/View/7-508-1232"", ""notes"": """", ""typed_level"": ""Type I""}]"
38,Debris Assessment Team,Debris Assessment Team,Team,FEMA/NIMS,FEMA / NIMS,The Debris Assessment Team conducts an assessment of the amount and types of debris in a given geographic area in the aftermath of an incident. Resource Category Public Works Primary,each,1.0,,False,False,True,,2026-06-10T02:32:15,2026-06-10T02:32:15,fema_seed,fema_seed,[],"[52, 54, 55]","[""Water Supply and Distribution"", ""Debris Removal and Clearance"", ""Damage Assessment""]",[],"[{""nims_name"": ""Debris Assessment Team"", ""discipline"": ""Public Works"", ""type_code"": ""7-508-1233"", ""kind"": ""Team"", ""reference_url"": ""https://rtlt.preptoolkit.fema.gov/Public/Resource/View/7-508-1233"", ""notes"": """", ""typed_level"": ""Type I""}]"
39,Debris Monitoring Team,Debris Monitoring Team,Team,FEMA/NIMS,FEMA / NIMS,"The Debris Monitoring Team oversees debris removal operations in the aftermath of an incident, according to the debris management plan. Resource Category Public Works Primary",each,1.0,,False,False,True,,2026-06-10T02:32:15,2026-06-10T02:32:15,fema_seed,fema_seed,[],"[52, 54, 55]","[""Water Supply and Distribution"", ""Debris Removal and Clearance"", ""Damage Assessment""]",[],"[{""nims_name"": ""Debris Monitoring Team"", ""discipline"": ""Public Works"", ""type_code"": ""7-508-1234"", ""kind"": ""Team"", ""reference_url"": ""https://rtlt.preptoolkit.fema.gov/Public/Resource/View/7-508-1234"", ""notes"": """", ""typed_level"": ""Type I""}]"
40,Disaster Cost Recovery Management Team,Disaster Cost Recovery Management Team,Team,FEMA/NIMS,FEMA / NIMS,,each,1.0,,False,False,True,,2026-06-10T02:32:15,2026-06-10T02:32:15,fema_seed,fema_seed,[],"[45, 47, 50]","[""Planning / Intelligence"", ""Finance and Administration"", ""EOC Operations""]",[],"[{""nims_name"": ""Disaster Cost Recovery Management Team"", ""discipline"": ""Emergency Management"", ""type_code"": ""10-508-1200"", ""kind"": ""Team"", ""reference_url"": ""https://rtlt.preptoolkit.fema.gov/Public/Resource/View/10-508-1200"", ""notes"": """", ""typed_level"": ""Type I""}]"
41,Distribution of Emergency Supplies (DES) Task Force,Distribution of Emergency Supplies (DES) Task Force,Team,FEMA/NIMS,FEMA / NIMS,,each,1.0,,False,False,True,,2026-06-10T02:32:15,2026-06-10T02:32:15,fema_seed,fema_seed,[],"[42, 58, 61]","[""Supply Chain / Ordering"", ""Evacuation Support"", ""Access and Functional Needs Support""]",[],"[{""nims_name"": ""Distribution of Emergency Supplies (DES) Task Force"", ""discipline"": ""Mass Care Services"", ""type_code"": ""9-508-1185"", ""kind"": ""Task Force"", ""reference_url"": ""https://rtlt.preptoolkit.fema.gov/Public/Resource/View/9-508-1185"", ""notes"": """", ""typed_level"": ""Type I""}]"
42,Distribution Support Team,Distribution Support Team,Team,FEMA/NIMS,FEMA / NIMS,,each,1.0,,False,False,True,,2026-06-10T02:32:15,2026-06-10T02:32:15,fema_seed,fema_seed,[],"[37, 40, 42]","[""Ground Transport"", ""Base Camp / Staging Support"", ""Supply Chain / Ordering""]",[],"[{""nims_name"": ""Distribution Support Team"", ""discipline"": ""Logistics and Transportation"", ""type_code"": ""11-508-1251"", ""kind"": ""Team"", ""reference_url"": ""https://rtlt.preptoolkit.fema.gov/Public/Resource/View/11-508-1251"", ""notes"": """", ""typed_level"": ""Type I""}, {""nims_name"": ""Distribution Support Team"", ""discipline"": ""Logistics and Transportation"", ""type_code"": ""11-508-1251"", ""kind"": ""Team"", ""reference_url"": ""https://rtlt.preptoolkit.fema.gov/Public/Resource/View/11-508-1251"", ""notes"": """", ""typed_level"": ""Type III""}]"
43,Donated Goods Warehouse Management Team,Donated Goods Warehouse Management Team,Team,FEMA/NIMS,FEMA / NIMS,The Donated Goods Warehouse Management Team manages donated goods in a warehouse and coordinates with the Donations Coordination Task Force Resource Category Mass Care Services Primary,each,1.0,,False,False,True,,2026-06-10T02:32:15,2026-06-10T02:32:15,fema_seed,fema_seed,[],"[58, 60, 61]","[""Evacuation Support"", ""Donations and Volunteer Management"", ""Access and Functional Needs Support""]",[],"[{""nims_name"": ""Donated Goods Warehouse Management Team"", ""discipline"": ""Mass Care Services"", ""type_code"": ""9-508-1190"", ""kind"": ""Team"", ""reference_url"": ""https://rtlt.preptoolkit.fema.gov/Public/Resource/View/9-508-1190"", ""notes"": """", ""typed_level"": ""Type I""}, {""nims_name"": ""Donated Goods Warehouse Management Team"", ""discipline"": ""Mass Care Services"", ""type_code"": ""9-508-1190"", ""kind"": ""Team"", ""reference_url"": ""https://rtlt.preptoolkit.fema.gov/Public/Resource/View/9-508-1190"", ""notes"": """", ""typed_level"": ""Type II""}, {""nims_name"": ""Donated Goods Warehouse Management Team"", ""discipline"": ""Mass Care Services"", ""type_code"": ""9-508-1190"", ""kind"": ""Team"", ""reference_url"": ""https://rtlt.preptoolkit.fema.gov/Public/Resource/View/9-508-1190"", ""notes"": """", ""typed_level"": ""Type III""}]"
44,Donations Coordination Task Force,Donations Coordination Task Force,Team,FEMA/NIMS,FEMA / NIMS,,each,1.0,,False,False,True,,2026-06-10T02:32:15,2026-06-10T02:32:15,fema_seed,fema_seed,[],"[58, 60, 61]","[""Evacuation Support"", ""Donations and Volunteer Management"", ""Access and Functional Needs Support""]",[],"[{""nims_name"": ""Donations Coordination Task Force"", ""discipline"": ""Mass Care Services"", ""type_code"": ""9-508-1191"", ""kind"": ""Task Force"", ""reference_url"": ""https://rtlt.preptoolkit.fema.gov/Public/Resource/View/9-508-1191"", ""notes"": """", ""typed_level"": ""Type I""}, {""nims_name"": ""Donations Coordination Task Force"", ""discipline"": ""Mass Care Services"", ""type_code"": ""9-508-1191"", ""kind"": ""Task Force"", ""reference_url"": ""https://rtlt.preptoolkit.fema.gov/Public/Resource/View/9-508-1191"", ""notes"": """", ""typed_level"": ""Type II""}]"
45,Drive-Through Point of Distribution Team,Drive-Through Point of Distribution Team,Team,FEMA/NIMS,FEMA / NIMS,,each,1.0,,False,False,True,,2026-06-10T02:32:15,2026-06-10T02:32:15,fema_seed,fema_seed,[],"[42, 58, 61]","[""Supply Chain / Ordering"", ""Evacuation Support"", ""Access and Functional Needs Support""]",[],"[{""nims_name"": ""Drive-Through Point of Distribution Team"", ""discipline"": ""Mass Care Services"", ""type_code"": ""9-508-1187"", ""kind"": ""Team"", ""reference_url"": ""https://rtlt.preptoolkit.fema.gov/Public/Resource/View/9-508-1187"", ""notes"": """", ""typed_level"": ""Type I""}, {""nims_name"": ""Drive-Through Point of Distribution Team"", ""discipline"": ""Mass Care Services"", ""type_code"": ""9-508-1187"", ""kind"": ""Team"", ""reference_url"": ""https://rtlt.preptoolkit.fema.gov/Public/Resource/View/9-508-1187"", ""notes"": """", ""typed_level"": ""Type II""}, {""nims_name"": ""Drive-Through Point of Distribution Team"", ""discipline"": ""Mass Care Services"", ""type_code"": ""9-508-1187"", ""kind"": ""Team"", ""reference_url"": ""https://rtlt.preptoolkit.fema.gov/Public/Resource/View/9-508-1187"", ""notes"": """", ""typed_level"": ""Type III""}]"
46,Emergency Care Task Force,Emergency Care Task Force,Team,FEMA/NIMS,FEMA / NIMS,,each,1.0,,False,False,True,,2026-06-10T02:32:15,2026-06-10T02:32:15,fema_seed,fema_seed,[],"[17, 18, 19]","[""Advanced Life Support (ALS)"", ""Basic Life Support (BLS)"", ""Mass Casualty Operations""]",[],"[{""nims_name"": ""Emergency Care Task Force"", ""discipline"": ""Emergency Medical Services"", ""type_code"": ""3-508-1031"", ""kind"": ""Task Force"", ""reference_url"": ""https://rtlt.preptoolkit.fema.gov/Public/Resource/View/3-508-1031"", ""notes"": """", ""typed_level"": ""Type I""}, {""nims_name"": ""Emergency Care Task Force"", ""discipline"": ""Emergency Medical Services"", ""type_code"": ""3-508-1031"", ""kind"": ""Task Force"", ""reference_url"": ""https://rtlt.preptoolkit.fema.gov/Public/Resource/View/3-508-1031"", ""notes"": """", ""typed_level"": ""Type II""}, {""nims_name"": ""Emergency Care Task Force"", ""discipline"": ""Emergency Medical Services"", ""type_code"": ""3-508-1031"", ""kind"": ""Task Force"", ""reference_url"": ""https://rtlt.preptoolkit.fema.gov/Public/Resource/View/3-508-1031"", ""notes"": """", ""typed_level"": ""Type III""}]"
47,Emergency Medical Services Task Force,Emergency Medical Services Task Force,Team,FEMA/NIMS,FEMA / NIMS,The Emergency Medical Services (EMS) Task Force is an operational grouping of EMS resources for a medical mission with common communications and a leader that interfaces with the supported healthcare resources Resource Category Emergency Medical Services Primary,each,1.0,,False,False,True,,2026-06-10T02:32:15,2026-06-10T02:32:15,fema_seed,fema_seed,[],"[17, 18, 19]","[""Advanced Life Support (ALS)"", ""Basic Life Support (BLS)"", ""Mass Casualty Operations""]",[],"[{""nims_name"": ""Emergency Medical Services Task Force"", ""discipline"": ""Emergency Medical Services"", ""type_code"": ""3-508-1236"", ""kind"": ""Task Force"", ""reference_url"": ""https://rtlt.preptoolkit.fema.gov/Public/Resource/View/3-508-1236"", ""notes"": """", ""typed_level"": ""Type I""}, {""nims_name"": ""Emergency Medical Services Task Force"", ""discipline"": ""Emergency Medical Services"", ""type_code"": ""3-508-1236"", ""kind"": ""Task Force"", ""reference_url"": ""https://rtlt.preptoolkit.fema.gov/Public/Resource/View/3-508-1236"", ""notes"": """", ""typed_level"": ""Type II""}, {""nims_name"": ""Emergency Medical Services Task Force"", ""discipline"": ""Emergency Medical Services"", ""type_code"": ""3-508-1236"", ""kind"": ""Task Force"", ""reference_url"": ""https://rtlt.preptoolkit.fema.gov/Public/Resource/View/3-508-1236"", ""notes"": """", ""typed_level"": ""Type III""}]"
48,Emergency Operations Center Management Support Team,Emergency Operations Center Management Support Team,Team,FEMA/NIMS,FEMA / NIMS,,each,1.0,,False,False,True,,2026-06-10T02:32:15,2026-06-10T02:32:15,fema_seed,fema_seed,[],"[44, 45, 46, 50]","[""Incident Command"", ""Planning / Intelligence"", ""Operations Coordination"", ""EOC Operations""]",[],"[{""nims_name"": ""Emergency Operations Center Management Support Team"", ""discipline"": """", ""type_code"": ""23-508-1289"", ""kind"": ""Team"", ""reference_url"": ""https://rtlt.preptoolkit.fema.gov/Public/Resource/View/23-508-1289"", ""notes"": """", ""typed_level"": ""Type I""}, {""nims_name"": ""Emergency Operations Center Management Support Team"", ""discipline"": """", ""type_code"": ""23-508-1289"", ""kind"": ""Team"", ""reference_url"": ""https://rtlt.preptoolkit.fema.gov/Public/Resource/View/23-508-1289"", ""notes"": """", ""typed_level"": ""Type II""}, {""nims_name"": ""Emergency Operations Center Management Support Team"", ""discipline"": """", ""type_code"": ""23-508-1289"", ""kind"": ""Team"", ""reference_url"": ""https://rtlt.preptoolkit.fema.gov/Public/Resource/View/23-508-1289"", ""notes"": """", ""typed_level"": ""Type III""}]"
49,Engine – Fire (Pumper),Engine – Fire (Pumper),Equipment,FEMA/NIMS,FEMA / NIMS,The Engine – Fire (Pumper) combats structural and associated fires Resource Category Fire/Hazardous Materials Primary,each,1.0,,False,False,True,,2026-06-10T02:32:15,2026-06-10T02:32:15,fema_seed,fema_seed,[],[10],"[""Structural Firefighting""]",[],"[{""nims_name"": ""Engine – Fire (Pumper)"", ""discipline"": ""Fire / Hazardous Materials"", ""type_code"": ""4-508-1276"", ""kind"": ""Equipment"", ""reference_url"": ""https://rtlt.preptoolkit.fema.gov/Public/Resource/View/4-508-1276"", ""notes"": """", ""typed_level"": ""Type I""}, {""nims_name"": ""Engine – Fire (Pumper)"", ""discipline"": ""Fire / Hazardous Materials"", ""type_code"": ""4-508-1276"", ""kind"": ""Equipment"", ""reference_url"": ""https://rtlt.preptoolkit.fema.gov/Public/Resource/View/4-508-1276"", ""notes"": """", ""typed_level"": ""Type II""}, {""nims_name"": ""Engine – Fire (Pumper)"", ""discipline"": ""Fire / Hazardous Materials"", ""type_code"": ""4-508-1276"", ""kind"": ""Equipment"", ""reference_url"": ""https://rtlt.preptoolkit.fema.gov/Public/Resource/View/4-508-1276"", ""notes"": """", ""typed_level"": ""Type III""}, {""nims_name"": ""Engine – Fire (Pumper)"", ""discipline"": ""Fire / Hazardous Materials"", ""type_code"": ""4-508-1276"", ""kind"": ""Equipment"", ""reference_url"": ""https://rtlt.preptoolkit.fema.gov/Public/Resource/View/4-508-1276"", ""notes"": """", ""typed_level"": ""Type IV""}]"
50,Environmental Health Team,Environmental Health Team,Team,FEMA/NIMS,FEMA / NIMS,,each,1.0,,False,False,True,,2026-06-10T02:32:15,2026-06-10T02:32:15,fema_seed,fema_seed,[],"[19, 22]","[""Mass Casualty Operations"", ""Public Health Surveillance""]",[],"[{""nims_name"": ""Environmental Health Team"", ""discipline"": ""Medical and Public Health"", ""type_code"": ""12-508-1135"", ""kind"": ""Team"", ""reference_url"": ""https://rtlt.preptoolkit.fema.gov/Public/Resource/View/12-508-1135"", ""notes"": """", ""typed_level"": ""Type I""}, {""nims_name"": ""Environmental Health Team"", ""discipline"": ""Medical and Public Health"", ""type_code"": ""12-508-1135"", ""kind"": ""Team"", ""reference_url"": ""https://rtlt.preptoolkit.fema.gov/Public/Resource/View/12-508-1135"", ""notes"": """", ""typed_level"": ""Type II""}]"
51,Epidemiological Response Team,Epidemiological Response Team,Team,FEMA/NIMS,FEMA / NIMS,"The Epidemiological Response Team identifies, monitors, and investigates disease outbreaks, injuries or other conditions of public health importance following an incident or declared disaster Resource Category Medical and Public Health Primary",each,1.0,,False,False,True,,2026-06-10T02:32:15,2026-06-10T02:32:15,fema_seed,fema_seed,[],"[19, 22]","[""Mass Casualty Operations"", ""Public Health Surveillance""]",[],"[{""nims_name"": ""Epidemiological Response Team"", ""discipline"": ""Medical and Public Health"", ""type_code"": ""12-508-1133"", ""kind"": ""Team"", ""reference_url"": ""https://rtlt.preptoolkit.fema.gov/Public/Resource/View/12-508-1133"", ""notes"": """", ""typed_level"": ""Type I""}, {""nims_name"": ""Epidemiological Response Team"", ""discipline"": ""Medical and Public Health"", ""type_code"": ""12-508-1133"", ""kind"": ""Team"", ""reference_url"": ""https://rtlt.preptoolkit.fema.gov/Public/Resource/View/12-508-1133"", ""notes"": """", ""typed_level"": ""Type II""}, {""nims_name"": ""Epidemiological Response Team"", ""discipline"": ""Medical and Public Health"", ""type_code"": ""12-508-1133"", ""kind"": ""Team"", ""reference_url"": ""https://rtlt.preptoolkit.fema.gov/Public/Resource/View/12-508-1133"", ""notes"": """", ""typed_level"": ""Type III""}]"
52,Evacuation Coordination Team,Evacuation Coordination Team,Team,FEMA/NIMS,FEMA / NIMS,,each,1.0,,False,False,True,,2026-06-10T02:32:15,2026-06-10T02:32:15,fema_seed,fema_seed,[],"[44, 45, 46, 49, 50, 58]","[""Incident Command"", ""Planning / Intelligence"", ""Operations Coordination"", ""Safety Officer"", ""EOC Operations"", ""Evacuation Support""]",[],"[{""nims_name"": ""Evacuation Coordination Team"", ""discipline"": ""Incident Management"", ""type_code"": ""2-508-1048"", ""kind"": ""Team"", ""reference_url"": ""https://rtlt.preptoolkit.fema.gov/Public/Resource/View/2-508-1048"", ""notes"": """", ""typed_level"": ""Type I""}]"
53,Evacuation Shelter,Evacuation Shelter,Facility,FEMA/NIMS,FEMA / NIMS,,each,1.0,,False,False,True,,2026-06-10T02:32:15,2026-06-10T02:32:15,fema_seed,fema_seed,[],"[40, 57, 58, 61]","[""Base Camp / Staging Support"", ""Emergency Shelter Operations"", ""Evacuation Support"", ""Access and Functional Needs Support""]",[],"[{""nims_name"": ""Evacuation Shelter"", ""discipline"": ""Mass Care Services"", ""type_code"": ""9-508-1192"", ""kind"": ""Facility"", ""reference_url"": ""https://rtlt.preptoolkit.fema.gov/Public/Resource/View/9-508-1192"", ""notes"": """", ""typed_level"": ""Type I""}, {""nims_name"": ""Evacuation Shelter"", ""discipline"": ""Mass Care Services"", ""type_code"": ""9-508-1192"", ""kind"": ""Facility"", ""reference_url"": ""https://rtlt.preptoolkit.fema.gov/Public/Resource/View/9-508-1192"", ""notes"": """", ""typed_level"": ""Type II""}, {""nims_name"": ""Evacuation Shelter"", ""discipline"": ""Mass Care Services"", ""type_code"": ""9-508-1192"", ""kind"": ""Facility"", ""reference_url"": ""https://rtlt.preptoolkit.fema.gov/Public/Resource/View/9-508-1192"", ""notes"": """", ""typed_level"": ""Type III""}, {""nims_name"": ""Evacuation Shelter"", ""discipline"": ""Mass Care Services"", ""type_code"": ""9-508-1192"", ""kind"": ""Facility"", ""reference_url"": ""https://rtlt.preptoolkit.fema.gov/Public/Resource/View/9-508-1192"", ""notes"": """", ""typed_level"": ""Type IV""}]"
54,Fatality Management Disaster Portable Morgue Unit,Fatality Management Disaster Portable Morgue Unit,Team,FEMA/NIMS,FEMA / NIMS,The Fatality Management (FM) Disaster Portable Morgue Unit (DPMU) is a mobile facility consisting of,each,1.0,,False,False,True,,2026-06-10T02:32:15,2026-06-10T02:32:15,fema_seed,fema_seed,[],[19],"[""Mass Casualty Operations""]",[],"[{""nims_name"": ""Fatality Management Disaster Portable Morgue Unit"", ""discipline"": ""Medical and Public Health"", ""type_code"": ""12-508-1217"", ""kind"": ""Unit"", ""reference_url"": ""https://rtlt.preptoolkit.fema.gov/Public/Resource/View/12-508-1217"", ""notes"": """", ""typed_level"": ""Type I""}, {""nims_name"": ""Fatality Management Disaster Portable Morgue Unit"", ""discipline"": ""Medical and Public Health"", ""type_code"": ""12-508-1217"", ""kind"": ""Unit"", ""reference_url"": ""https://rtlt.preptoolkit.fema.gov/Public/Resource/View/12-508-1217"", ""notes"": """", ""typed_level"": ""Type II""}]"
55,Fatality Management Human Remains Recovery Team,Fatality Management Human Remains Recovery Team,Team,FEMA/NIMS,FEMA / NIMS,,each,1.0,,False,False,True,,2026-06-10T02:32:15,2026-06-10T02:32:15,fema_seed,fema_seed,[],[19],"[""Mass Casualty Operations""]",[],"[{""nims_name"": ""Fatality Management Human Remains Recovery Team"", ""discipline"": ""Medical and Public Health"", ""type_code"": ""12-508-1218"", ""kind"": ""Team"", ""reference_url"": ""https://rtlt.preptoolkit.fema.gov/Public/Resource/View/12-508-1218"", ""notes"": """", ""typed_level"": ""Type I""}, {""nims_name"": ""Fatality Management Human Remains Recovery Team"", ""discipline"": ""Medical and Public Health"", ""type_code"": ""12-508-1218"", ""kind"": ""Team"", ""reference_url"": ""https://rtlt.preptoolkit.fema.gov/Public/Resource/View/12-508-1218"", ""notes"": """", ""typed_level"": ""Type II""}]"
56,Fatality Management Morgue Forensic Team,Fatality Management Morgue Forensic Team,Team,FEMA/NIMS,FEMA / NIMS,"The Fatality Management (FM) Morgue Forensic Team processes and assists in the identification of human remains in a temporary site during a mass fatality event, under the medico-legal authority of the Medical Examiner or Coroner Resource Category Medical and Public Health Primary",each,1.0,,False,False,True,,2026-06-10T02:32:15,2026-06-10T02:32:15,fema_seed,fema_seed,[],[19],"[""Mass Casualty Operations""]",[],"[{""nims_name"": ""Fatality Management Morgue Forensic Team"", ""discipline"": ""Medical and Public Health"", ""type_code"": ""12-508-1219"", ""kind"": ""Team"", ""reference_url"": ""https://rtlt.preptoolkit.fema.gov/Public/Resource/View/12-508-1219"", ""notes"": """", ""typed_level"": ""Type I""}, {""nims_name"": ""Fatality Management Morgue Forensic Team"", ""discipline"": ""Medical and Public Health"", ""type_code"": ""12-508-1219"", ""kind"": ""Team"", ""reference_url"": ""https://rtlt.preptoolkit.fema.gov/Public/Resource/View/12-508-1219"", ""notes"": """", ""typed_level"": ""Type II""}]"
57,Fatality Management Morgue Processing Unit,Fatality Management Morgue Processing Unit,Team,FEMA/NIMS,FEMA / NIMS,The Fatality Management (FM) Morgue Processing Unit (MPU) provides,each,1.0,,False,False,True,,2026-06-10T02:32:15,2026-06-10T02:32:15,fema_seed,fema_seed,[],[19],"[""Mass Casualty Operations""]",[],"[{""nims_name"": ""Fatality Management Morgue Processing Unit"", ""discipline"": ""Medical and Public Health"", ""type_code"": ""12-508-1220"", ""kind"": ""Unit"", ""reference_url"": ""https://rtlt.preptoolkit.fema.gov/Public/Resource/View/12-508-1220"", ""notes"": """", ""typed_level"": ""Type I""}, {""nims_name"": ""Fatality Management Morgue Processing Unit"", ""discipline"": ""Medical and Public Health"", ""type_code"": ""12-508-1220"", ""kind"": ""Unit"", ""reference_url"": ""https://rtlt.preptoolkit.fema.gov/Public/Resource/View/12-508-1220"", ""notes"": """", ""typed_level"": ""Type II""}, {""nims_name"": ""Fatality Management Morgue Processing Unit"", ""discipline"": ""Medical and Public Health"", ""type_code"": ""12-508-1220"", ""kind"": ""Unit"", ""reference_url"": ""https://rtlt.preptoolkit.fema.gov/Public/Resource/View/12-508-1220"", ""notes"": """", ""typed_level"": ""Type III""}, {""nims_name"": ""Fatality Management Morgue Processing Unit"", ""discipline"": ""Medical and Public Health"", ""type_code"": ""12-508-1220"", ""kind"": ""Unit"", ""reference_url"": ""https://rtlt.preptoolkit.fema.gov/Public/Resource/View/12-508-1220"", ""notes"": """", ""typed_level"": ""Type IV""}]"
58,Fatality Management Victim Information Center Team,Fatality Management Victim Information Center Team,Team,FEMA/NIMS,FEMA / NIMS,,each,1.0,,False,False,True,,2026-06-10T02:32:15,2026-06-10T02:32:15,fema_seed,fema_seed,[],[19],"[""Mass Casualty Operations""]",[],"[{""nims_name"": ""Fatality Management Victim Information Center Team"", ""discipline"": ""Medical and Public Health"", ""type_code"": ""12-508-1249"", ""kind"": ""Team"", ""reference_url"": ""https://rtlt.preptoolkit.fema.gov/Public/Resource/View/12-508-1249"", ""notes"": """", ""typed_level"": ""Type I""}, {""nims_name"": ""Fatality Management Victim Information Center Team"", ""discipline"": ""Medical and Public Health"", ""type_code"": ""12-508-1249"", ""kind"": ""Team"", ""reference_url"": ""https://rtlt.preptoolkit.fema.gov/Public/Resource/View/12-508-1249"", ""notes"": """", ""typed_level"": ""Type II""}]"
59,Field Kitchen Unit,Field Kitchen Unit,Team,FEMA/NIMS,FEMA / NIMS,"The Field Kitchen Unit deploys as an operational feeding unit pulled by a truck or trailer and set up at a fixed central location, with",each,1.0,,False,False,True,,2026-06-10T02:32:15,2026-06-10T02:32:15,fema_seed,fema_seed,[],"[43, 58, 61]","[""Feeding Operations"", ""Evacuation Support"", ""Access and Functional Needs Support""]",[],"[{""nims_name"": ""Field Kitchen Unit"", ""discipline"": ""Mass Care Services"", ""type_code"": ""9-508-1000"", ""kind"": ""Unit"", ""reference_url"": ""https://rtlt.preptoolkit.fema.gov/Public/Resource/View/9-508-1000"", ""notes"": """", ""typed_level"": ""Type I""}, {""nims_name"": ""Field Kitchen Unit"", ""discipline"": ""Mass Care Services"", ""type_code"": ""9-508-1000"", ""kind"": ""Unit"", ""reference_url"": ""https://rtlt.preptoolkit.fema.gov/Public/Resource/View/9-508-1000"", ""notes"": """", ""typed_level"": ""Type II""}, {""nims_name"": ""Field Kitchen Unit"", ""discipline"": ""Mass Care Services"", ""type_code"": ""9-508-1000"", ""kind"": ""Unit"", ""reference_url"": ""https://rtlt.preptoolkit.fema.gov/Public/Resource/View/9-508-1000"", ""notes"": """", ""typed_level"": ""Type III""}, {""nims_name"": ""Field Kitchen Unit"", ""discipline"": ""Mass Care Services"", ""type_code"": ""9-508-1000"", ""kind"": ""Unit"", ""reference_url"": ""https://rtlt.preptoolkit.fema.gov/Public/Resource/View/9-508-1000"", ""notes"": """", ""typed_level"": ""Type IV""}]"
60,Fire Boat,Fire Boat,Equipment,FEMA/NIMS,FEMA / NIMS,"A Fire Boat is a vessel equipped with master stream appliances, pumps, and other firefighting equipment to combat fires on vessels and in waterfront areas Resource Category Fire/Hazardous Materials Primary",each,1.0,,False,False,True,,2026-06-10T02:32:15,2026-06-10T02:32:15,fema_seed,fema_seed,[],"[10, 29]","[""Structural Firefighting"", ""Maritime / Port Security""]",[],"[{""nims_name"": ""Fire Boat"", ""discipline"": ""Fire / Hazardous Materials"", ""type_code"": ""4-508-1277"", ""kind"": ""Equipment"", ""reference_url"": ""https://rtlt.preptoolkit.fema.gov/Public/Resource/View/4-508-1277"", ""notes"": """", ""typed_level"": ""Type I""}, {""nims_name"": ""Fire Boat"", ""discipline"": ""Fire / Hazardous Materials"", ""type_code"": ""4-508-1277"", ""kind"": ""Equipment"", ""reference_url"": ""https://rtlt.preptoolkit.fema.gov/Public/Resource/View/4-508-1277"", ""notes"": """", ""typed_level"": ""Type II""}, {""nims_name"": ""Fire Boat"", ""discipline"": ""Fire / Hazardous Materials"", ""type_code"": ""4-508-1277"", ""kind"": ""Equipment"", ""reference_url"": ""https://rtlt.preptoolkit.fema.gov/Public/Resource/View/4-508-1277"", ""notes"": """", ""typed_level"": ""Type III""}, {""nims_name"": ""Fire Boat"", ""discipline"": ""Fire / Hazardous Materials"", ""type_code"": ""4-508-1277"", ""kind"": ""Equipment"", ""reference_url"": ""https://rtlt.preptoolkit.fema.gov/Public/Resource/View/4-508-1277"", ""notes"": """", ""typed_level"": ""Type IV""}]"
61,Fire Engine Strike Team – Structural,Fire Engine Strike Team – Structural,Team,FEMA/NIMS,FEMA / NIMS,,each,1.0,,False,False,True,,2026-06-10T02:32:15,2026-06-10T02:32:15,fema_seed,fema_seed,[],[10],"[""Structural Firefighting""]",[],"[{""nims_name"": ""Fire Engine Strike Team – Structural"", ""discipline"": ""Fire / Hazardous Materials"", ""type_code"": ""4-508-1278"", ""kind"": ""Team"", ""reference_url"": ""https://rtlt.preptoolkit.fema.gov/Public/Resource/View/4-508-1278"", ""notes"": """", ""typed_level"": ""Type I""}, {""nims_name"": ""Fire Engine Strike Team – Structural"", ""discipline"": ""Fire / Hazardous Materials"", ""type_code"": ""4-508-1278"", ""kind"": ""Team"", ""reference_url"": ""https://rtlt.preptoolkit.fema.gov/Public/Resource/View/4-508-1278"", ""notes"": """", ""typed_level"": ""Type II""}]"
62,Fixed Wing Search Team / Disaster Reconnaissance,Fixed Wing Search Team / Disaster Reconnaissance,Team,FEMA/NIMS,FEMA / NIMS,The Fixed Wing Search Team / Disaster Reconnaissance conducts fixed wing search and disaster reconnaissance missions and provides law enforcement support. Resource Category Search and Rescue Primary,each,1.0,,False,False,True,,2026-06-10T02:32:15,2026-06-10T02:32:15,fema_seed,fema_seed,[],"[1, 7, 38]","[""Technical Rescue"", ""Wildland Search Operations"", ""Air Transport""]",[],"[{""nims_name"": ""Fixed Wing Search Team / Disaster Reconnaissance"", ""discipline"": ""Search and Rescue"", ""type_code"": ""8-508-1265"", ""kind"": ""Team"", ""reference_url"": ""https://rtlt.preptoolkit.fema.gov/Public/Resource/View/8-508-1265"", ""notes"": """", ""typed_level"": ""Type I""}, {""nims_name"": ""Fixed Wing Search Team / Disaster Reconnaissance"", ""discipline"": ""Search and Rescue"", ""type_code"": ""8-508-1265"", ""kind"": ""Team"", ""reference_url"": ""https://rtlt.preptoolkit.fema.gov/Public/Resource/View/8-508-1265"", ""notes"": """", ""typed_level"": ""Type II""}, {""nims_name"": ""Fixed Wing Search Team / Disaster Reconnaissance"", ""discipline"": ""Search and Rescue"", ""type_code"": ""8-508-1265"", ""kind"": ""Team"", ""reference_url"": ""https://rtlt.preptoolkit.fema.gov/Public/Resource/View/8-508-1265"", ""notes"": """", ""typed_level"": ""Type III""}, {""nims_name"": ""Fixed Wing Search Team / Disaster Reconnaissance"", ""discipline"": ""Search and Rescue"", ""type_code"": ""8-508-1265"", ""kind"": ""Team"", ""reference_url"": ""https://rtlt.preptoolkit.fema.gov/Public/Resource/View/8-508-1265"", ""notes"": """", ""typed_level"": ""Type IV""}]"
63,Foam Tender – Firefighting,Foam Tender – Firefighting,Equipment,FEMA/NIMS,FEMA / NIMS,The Foam Tender – Firefighting acts as a mobile foam source and suppresses fires that are resistant to traditional water-based operations Resource Category Fire/Hazardous Materials Primary,each,1.0,,False,False,True,,2026-06-10T02:32:15,2026-06-10T02:32:15,fema_seed,fema_seed,[],"[10, 16]","[""Structural Firefighting"", ""Foam / Class B Fire Suppression""]",[],"[{""nims_name"": ""Foam Tender – Firefighting"", ""discipline"": ""Fire / Hazardous Materials"", ""type_code"": ""4-508-1279"", ""kind"": ""Equipment"", ""reference_url"": ""https://rtlt.preptoolkit.fema.gov/Public/Resource/View/4-508-1279"", ""notes"": """", ""typed_level"": ""Type I""}, {""nims_name"": ""Foam Tender – Firefighting"", ""discipline"": ""Fire / Hazardous Materials"", ""type_code"": ""4-508-1279"", ""kind"": ""Equipment"", ""reference_url"": ""https://rtlt.preptoolkit.fema.gov/Public/Resource/View/4-508-1279"", ""notes"": """", ""typed_level"": ""Type II""}]"
64,Food Service Delivery Unit,Food Service Delivery Unit,Team,FEMA/NIMS,FEMA / NIMS,The Food Service Delivery Unit deploys as an operational vehicle with,each,1.0,,False,False,True,,2026-06-10T02:32:15,2026-06-10T02:32:15,fema_seed,fema_seed,[],"[43, 58, 61]","[""Feeding Operations"", ""Evacuation Support"", ""Access and Functional Needs Support""]",[],"[{""nims_name"": ""Food Service Delivery Unit"", ""discipline"": ""Mass Care Services"", ""type_code"": ""9-508-1272"", ""kind"": ""Unit"", ""reference_url"": ""https://rtlt.preptoolkit.fema.gov/Public/Resource/View/9-508-1272"", ""notes"": """", ""typed_level"": ""Type I""}, {""nims_name"": ""Food Service Delivery Unit"", ""discipline"": ""Mass Care Services"", ""type_code"": ""9-508-1272"", ""kind"": ""Unit"", ""reference_url"": ""https://rtlt.preptoolkit.fema.gov/Public/Resource/View/9-508-1272"", ""notes"": """", ""typed_level"": ""Type II""}]"
65,Fuel Tender,Fuel Tender,Equipment,FEMA/NIMS,FEMA / NIMS,"The Fuel Tender, also known as a gas tanker, carries fuel, such as gasoline, diesel, or avgas Resource Category Fire/Hazardous Materials Primary",each,1.0,,False,False,True,,2026-06-10T02:32:15,2026-06-10T02:32:15,fema_seed,fema_seed,[],[39],"[""Fuel and POL Services""]",[],"[{""nims_name"": ""Fuel Tender"", ""discipline"": ""Fire / Hazardous Materials"", ""type_code"": ""4-508-1280"", ""kind"": ""Equipment"", ""reference_url"": ""https://rtlt.preptoolkit.fema.gov/Public/Resource/View/4-508-1280"", ""notes"": """", ""typed_level"": ""Type I""}, {""nims_name"": ""Fuel Tender"", ""discipline"": ""Fire / Hazardous Materials"", ""type_code"": ""4-508-1280"", ""kind"": ""Equipment"", ""reference_url"": ""https://rtlt.preptoolkit.fema.gov/Public/Resource/View/4-508-1280"", ""notes"": """", ""typed_level"": ""Type II""}]"
66,Geographic Information Systems (GIS) Field Data Collection Team,Geographic Information Systems (GIS) Field Data Collection Team,Team,FEMA/NIMS,FEMA / NIMS,,each,1.0,,False,False,True,,2026-06-10T02:32:15,2026-06-10T02:32:15,fema_seed,fema_seed,[],"[35, 45]","[""Data / Network Communications"", ""Planning / Intelligence""]",[],"[{""nims_name"": ""Geographic Information Systems (GIS) Field Data Collection Team"", ""discipline"": ""Geographic Info Systems and Info Technology"", ""type_code"": ""14-508-1210"", ""kind"": ""Team"", ""reference_url"": ""https://rtlt.preptoolkit.fema.gov/Public/Resource/View/14-508-1210"", ""notes"": """", ""typed_level"": ""Type I""}, {""nims_name"": ""Geographic Information Systems (GIS) Field Data Collection Team"", ""discipline"": ""Geographic Info Systems and Info Technology"", ""type_code"": ""14-508-1210"", ""kind"": ""Team"", ""reference_url"": ""https://rtlt.preptoolkit.fema.gov/Public/Resource/View/14-508-1210"", ""notes"": """", ""typed_level"": ""Type II""}]"
67,Geographic Information Systems (GIS) Map Support Team,Geographic Information Systems (GIS) Map Support Team,Team,FEMA/NIMS,FEMA / NIMS,"The Geographic Information Systems (GIS) Map Support Team is responsible for the production of GIS-based computer maps used for decision making, navigation, incident assessment and threat and hazard identification Resource Category Geographic Info Systems and Info Technology Primary",each,1.0,,False,False,True,,2026-06-10T02:32:15,2026-06-10T02:32:15,fema_seed,fema_seed,[],"[35, 45]","[""Data / Network Communications"", ""Planning / Intelligence""]",[],"[{""nims_name"": ""Geographic Information Systems (GIS) Map Support Team"", ""discipline"": ""Geographic Info Systems and Info Technology"", ""type_code"": ""14-508-1211"", ""kind"": ""Team"", ""reference_url"": ""https://rtlt.preptoolkit.fema.gov/Public/Resource/View/14-508-1211"", ""notes"": """", ""typed_level"": ""Type I""}, {""nims_name"": ""Geographic Information Systems (GIS) Map Support Team"", ""discipline"": ""Geographic Info Systems and Info Technology"", ""type_code"": ""14-508-1211"", ""kind"": ""Team"", ""reference_url"": ""https://rtlt.preptoolkit.fema.gov/Public/Resource/View/14-508-1211"", ""notes"": """", ""typed_level"": ""Type II""}, {""nims_name"": ""Geographic Information Systems (GIS) Map Support Team"", ""discipline"": ""Geographic Info Systems and Info Technology"", ""type_code"": ""14-508-1211"", ""kind"": ""Team"", ""reference_url"": ""https://rtlt.preptoolkit.fema.gov/Public/Resource/View/14-508-1211"", ""notes"": """", ""typed_level"": ""Type III""}]"
68,Geology Field Reconnaissance Team,Geology Field Reconnaissance Team,Team,FEMA/NIMS,FEMA / NIMS,The Geology Field Reconnaissance Team collects field data for geo-hazard related emergencies Resource Category Damage Assessment Primary,each,1.0,,False,False,True,,2026-06-10T02:32:15,2026-06-10T02:32:15,fema_seed,fema_seed,[],[55],"[""Damage Assessment""]",[],"[{""nims_name"": ""Geology Field Reconnaissance Team"", ""discipline"": ""Damage Assessment"", ""type_code"": ""21-508-1263"", ""kind"": ""Team"", ""reference_url"": ""https://rtlt.preptoolkit.fema.gov/Public/Resource/View/21-508-1263"", ""notes"": """", ""typed_level"": ""Type I""}]"
69,Hand Crew,Hand Crew,Team,FEMA/NIMS,FEMA / NIMS,"The Hand Crew conducts wildland fire operations in the wildland fire environment consisting of topography, fuel, and air mass Resource Category Fire/Hazardous Materials Primary",each,1.0,,False,False,True,,2026-06-10T02:32:15,2026-06-10T02:32:15,fema_seed,fema_seed,[],[11],"[""Wildland Firefighting""]",[],"[{""nims_name"": ""Hand Crew"", ""discipline"": ""Fire / Hazardous Materials"", ""type_code"": ""4-508-1281"", ""kind"": ""Crew"", ""reference_url"": ""https://rtlt.preptoolkit.fema.gov/Public/Resource/View/4-508-1281"", ""notes"": """", ""typed_level"": ""Type I""}, {""nims_name"": ""Hand Crew"", ""discipline"": ""Fire / Hazardous Materials"", ""type_code"": ""4-508-1281"", ""kind"": ""Crew"", ""reference_url"": ""https://rtlt.preptoolkit.fema.gov/Public/Resource/View/4-508-1281"", ""notes"": """", ""typed_level"": ""Type II""}, {""nims_name"": ""Hand Crew"", ""discipline"": ""Fire / Hazardous Materials"", ""type_code"": ""4-508-1281"", ""kind"": ""Crew"", ""reference_url"": ""https://rtlt.preptoolkit.fema.gov/Public/Resource/View/4-508-1281"", ""notes"": """", ""typed_level"": ""Type III""}, {""nims_name"": ""Hand Crew"", ""discipline"": ""Fire / Hazardous Materials"", ""type_code"": ""4-508-1281"", ""kind"": ""Crew"", ""reference_url"": ""https://rtlt.preptoolkit.fema.gov/Public/Resource/View/4-508-1281"", ""notes"": """", ""typed_level"": ""Type IV""}]"
70,Hazard Mitigation Operations Team,Hazard Mitigation Operations Team,Team,FEMA/NIMS,FEMA / NIMS,,each,1.0,,False,False,True,,2026-06-10T02:32:15,2026-06-10T02:32:15,fema_seed,fema_seed,[],"[55, 56]","[""Damage Assessment"", ""Hazard Mitigation""]",[],"[{""nims_name"": ""Hazard Mitigation Operations Team"", ""discipline"": ""Hazard Mitigation"", ""type_code"": ""15-508-1175"", ""kind"": ""Team"", ""reference_url"": ""https://rtlt.preptoolkit.fema.gov/Public/Resource/View/15-508-1175"", ""notes"": """", ""typed_level"": ""Type I""}, {""nims_name"": ""Hazard Mitigation Operations Team"", ""discipline"": ""Hazard Mitigation"", ""type_code"": ""15-508-1175"", ""kind"": ""Team"", ""reference_url"": ""https://rtlt.preptoolkit.fema.gov/Public/Resource/View/15-508-1175"", ""notes"": """", ""typed_level"": ""Type II""}]"
71,Hazard Mitigation Planning Team,Hazard Mitigation Planning Team,Team,FEMA/NIMS,FEMA / NIMS,,each,1.0,,False,False,True,,2026-06-10T02:32:15,2026-06-10T02:32:15,fema_seed,fema_seed,[],"[55, 56]","[""Damage Assessment"", ""Hazard Mitigation""]",[],"[{""nims_name"": ""Hazard Mitigation Planning Team"", ""discipline"": ""Hazard Mitigation"", ""type_code"": ""15-508-1174"", ""kind"": ""Team"", ""reference_url"": ""https://rtlt.preptoolkit.fema.gov/Public/Resource/View/15-508-1174"", ""notes"": """", ""typed_level"": ""Type I""}, {""nims_name"": ""Hazard Mitigation Planning Team"", ""discipline"": ""Hazard Mitigation"", ""type_code"": ""15-508-1174"", ""kind"": ""Team"", ""reference_url"": ""https://rtlt.preptoolkit.fema.gov/Public/Resource/View/15-508-1174"", ""notes"": """", ""typed_level"": ""Type II""}]"
72,Hazardous Materials Response Team,Hazardous Materials Response Team,Team,FEMA/NIMS,FEMA / NIMS,"A Hazardous Materials Response Team is an organized group of hazardous materials (HAZMAT) technicians who respond to HAZMAT incidents, including those involving Weapons of Mass Destruction (WMD). Additional",each,1.0,,False,False,True,,2026-06-10T02:32:15,2026-06-10T02:32:15,fema_seed,fema_seed,[],"[10, 13]","[""Structural Firefighting"", ""Hazardous Materials Response""]",[],"[{""nims_name"": ""Hazardous Materials Response Team"", ""discipline"": ""Fire / Hazardous Materials"", ""type_code"": ""4-508-1248"", ""kind"": ""Team"", ""reference_url"": ""https://rtlt.preptoolkit.fema.gov/Public/Resource/View/4-508-1248"", ""notes"": """", ""typed_level"": ""Type I""}, {""nims_name"": ""Hazardous Materials Response Team"", ""discipline"": ""Fire / Hazardous Materials"", ""type_code"": ""4-508-1248"", ""kind"": ""Team"", ""reference_url"": ""https://rtlt.preptoolkit.fema.gov/Public/Resource/View/4-508-1248"", ""notes"": """", ""typed_level"": ""Type II""}, {""nims_name"": ""Hazardous Materials Response Team"", ""discipline"": ""Fire / Hazardous Materials"", ""type_code"": ""4-508-1248"", ""kind"": ""Team"", ""reference_url"": ""https://rtlt.preptoolkit.fema.gov/Public/Resource/View/4-508-1248"", ""notes"": """", ""typed_level"": ""Type III""}]"
73,Healthcare Resource Coordination and Support Team,Healthcare Resource Coordination and Support Team,Team,FEMA/NIMS,FEMA / NIMS,,each,1.0,,False,False,True,,2026-06-10T02:32:15,2026-06-10T02:32:15,fema_seed,fema_seed,[],"[19, 22, 42]","[""Mass Casualty Operations"", ""Public Health Surveillance"", ""Supply Chain / Ordering""]",[],"[{""nims_name"": ""Healthcare Resource Coordination and Support Team"", ""discipline"": ""Medical and Public Health"", ""type_code"": ""12-508-1238"", ""kind"": ""Team"", ""reference_url"": ""https://rtlt.preptoolkit.fema.gov/Public/Resource/View/12-508-1238"", ""notes"": """", ""typed_level"": ""Type I""}]"
74,Helicopter – Firefighting and Rescue,Helicopter – Firefighting and Rescue,Equipment,FEMA/NIMS,FEMA / NIMS,"A Helicopter – Firefighting and Rescue is a helicopter and aircrew used primarily during firefighting operations and other emergency operations for suppression/containment, transporting",each,1.0,,False,False,True,,2026-06-10T02:32:15,2026-06-10T02:32:15,fema_seed,fema_seed,[],"[10, 12, 38]","[""Structural Firefighting"", ""Aerial Firefighting"", ""Air Transport""]",[],"[{""nims_name"": ""Helicopter – Firefighting and Rescue"", ""discipline"": ""Fire / Hazardous Materials"", ""type_code"": ""4-508-1282"", ""kind"": ""Equipment"", ""reference_url"": ""https://rtlt.preptoolkit.fema.gov/Public/Resource/View/4-508-1282"", ""notes"": """", ""typed_level"": ""Type I""}, {""nims_name"": ""Helicopter – Firefighting and Rescue"", ""discipline"": ""Fire / Hazardous Materials"", ""type_code"": ""4-508-1282"", ""kind"": ""Equipment"", ""reference_url"": ""https://rtlt.preptoolkit.fema.gov/Public/Resource/View/4-508-1282"", ""notes"": """", ""typed_level"": ""Type II""}, {""nims_name"": ""Helicopter – Firefighting and Rescue"", ""discipline"": ""Fire / Hazardous Materials"", ""type_code"": ""4-508-1282"", ""kind"": ""Equipment"", ""reference_url"": ""https://rtlt.preptoolkit.fema.gov/Public/Resource/View/4-508-1282"", ""notes"": """", ""typed_level"": ""Type III""}]"
75,Helicopter/Rotary Wing Search and Rescue (SAR) Team,Helicopter/Rotary Wing Search and Rescue (SAR) Team,Team,FEMA/NIMS,FEMA / NIMS,"The Helicopter/Rotary Wing Search and Rescue (SAR) Team is equipped to conduct helicopter-based search, rescue and recovery operations Resource Category Search and Rescue Primary",each,1.0,,False,False,True,,2026-06-10T02:32:15,2026-06-10T02:32:15,fema_seed,fema_seed,[],"[1, 38]","[""Technical Rescue"", ""Air Transport""]",[],"[{""nims_name"": ""Helicopter/Rotary Wing Search and Rescue (SAR) Team"", ""discipline"": ""Search and Rescue"", ""type_code"": ""8-508-1162"", ""kind"": ""Team"", ""reference_url"": ""https://rtlt.preptoolkit.fema.gov/Public/Resource/View/8-508-1162"", ""notes"": """", ""typed_level"": ""Type I""}, {""nims_name"": ""Helicopter/Rotary Wing Search and Rescue (SAR) Team"", ""discipline"": ""Search and Rescue"", ""type_code"": ""8-508-1162"", ""kind"": ""Team"", ""reference_url"": ""https://rtlt.preptoolkit.fema.gov/Public/Resource/View/8-508-1162"", ""notes"": """", ""typed_level"": ""Type II""}, {""nims_name"": ""Helicopter/Rotary Wing Search and Rescue (SAR) Team"", ""discipline"": ""Search and Rescue"", ""type_code"": ""8-508-1162"", ""kind"": ""Team"", ""reference_url"": ""https://rtlt.preptoolkit.fema.gov/Public/Resource/View/8-508-1162"", ""notes"": """", ""typed_level"": ""Type III""}, {""nims_name"": ""Helicopter/Rotary Wing Search and Rescue (SAR) Team"", ""discipline"": ""Search and Rescue"", ""type_code"": ""8-508-1162"", ""kind"": ""Team"", ""reference_url"": ""https://rtlt.preptoolkit.fema.gov/Public/Resource/View/8-508-1162"", ""notes"": """", ""typed_level"": ""Type IV""}]"
76,Housing Task Force (NQS),Housing Task Force (NQS),Team,FEMA/NIMS,FEMA / NIMS,"The Housing Task Force develops and coordinates strategies for both short-term and innovative, resilient long-term recovery housing for disaster survivors Resource Category Emergency Management Primary",each,1.0,,False,False,True,,2026-06-10T02:32:15,2026-06-10T02:32:15,fema_seed,fema_seed,[],"[45, 50, 58]","[""Planning / Intelligence"", ""EOC Operations"", ""Evacuation Support""]",[],"[{""nims_name"": ""Housing Task Force (NQS)"", ""discipline"": ""Emergency Management"", ""type_code"": ""10-508-1254"", ""kind"": ""Task Force"", ""reference_url"": ""https://rtlt.preptoolkit.fema.gov/Public/Resource/View/10-508-1254"", ""notes"": """", ""typed_level"": ""Type I""}]"
77,Human Services Disaster Assessment Team,Human Services Disaster Assessment Team,Team,FEMA/NIMS,FEMA / NIMS,,each,1.0,,False,False,True,,2026-06-10T02:32:15,2026-06-10T02:32:15,fema_seed,fema_seed,[],"[45, 50, 55]","[""Planning / Intelligence"", ""EOC Operations"", ""Damage Assessment""]",[],"[{""nims_name"": ""Human Services Disaster Assessment Team"", ""discipline"": ""Emergency Management"", ""type_code"": ""10-508-1214"", ""kind"": ""Team"", ""reference_url"": ""https://rtlt.preptoolkit.fema.gov/Public/Resource/View/10-508-1214"", ""notes"": """", ""typed_level"": ""Type I""}, {""nims_name"": ""Human Services Disaster Assessment Team"", ""discipline"": ""Emergency Management"", ""type_code"": ""10-508-1214"", ""kind"": ""Team"", ""reference_url"": ""https://rtlt.preptoolkit.fema.gov/Public/Resource/View/10-508-1214"", ""notes"": """", ""typed_level"": ""Type II""}]"
78,Human Services Recovery Support Team,Human Services Recovery Support Team,Team,FEMA/NIMS,FEMA / NIMS,"The Human Services Recovery Support Team assists in providing services to disaster survivors, using identified needs from the Human Services Disaster Assessment Team’s initial assessment Resource Category Emergency Management Primary",each,1.0,,False,False,True,,2026-06-10T02:32:15,2026-06-10T02:32:15,fema_seed,fema_seed,[],"[45, 50, 60]","[""Planning / Intelligence"", ""EOC Operations"", ""Donations and Volunteer Management""]",[],"[{""nims_name"": ""Human Services Recovery Support Team"", ""discipline"": ""Emergency Management"", ""type_code"": ""10-508-1213"", ""kind"": ""Team"", ""reference_url"": ""https://rtlt.preptoolkit.fema.gov/Public/Resource/View/10-508-1213"", ""notes"": """", ""typed_level"": ""Type I""}, {""nims_name"": ""Human Services Recovery Support Team"", ""discipline"": ""Emergency Management"", ""type_code"": ""10-508-1213"", ""kind"": ""Team"", ""reference_url"": ""https://rtlt.preptoolkit.fema.gov/Public/Resource/View/10-508-1213"", ""notes"": """", ""typed_level"": ""Type II""}]"
79,Human-Portable Radiation Detector,Human-Portable Radiation Detector,Equipment,FEMA/NIMS,FEMA / NIMS,"This Human-Portable Radiation Detector comprises several radiation detection components placed inside a backpack or similar enclosure, along with an optional external control device Resource Category Prevention Primary",each,1.0,,False,False,True,,2026-06-10T02:32:15,2026-06-10T02:32:15,fema_seed,fema_seed,[],[15],"[""CBRN Detection""]",[],"[{""nims_name"": ""Human-Portable Radiation Detector"", ""discipline"": ""Prevention"", ""type_code"": ""0-508-1179"", ""kind"": ""Equipment"", ""reference_url"": ""https://rtlt.preptoolkit.fema.gov/Public/Resource/View/0-508-1179"", ""notes"": """", ""typed_level"": ""Type I""}, {""nims_name"": ""Human-Portable Radiation Detector"", ""discipline"": ""Prevention"", ""type_code"": ""0-508-1179"", ""kind"": ""Equipment"", ""reference_url"": ""https://rtlt.preptoolkit.fema.gov/Public/Resource/View/0-508-1179"", ""notes"": """", ""typed_level"": ""Type II""}, {""nims_name"": ""Human-Portable Radiation Detector"", ""discipline"": ""Prevention"", ""type_code"": ""0-508-1179"", ""kind"": ""Equipment"", ""reference_url"": ""https://rtlt.preptoolkit.fema.gov/Public/Resource/View/0-508-1179"", ""notes"": """", ""typed_level"": ""Type III""}, {""nims_name"": ""Human-Portable Radiation Detector"", ""discipline"": ""Prevention"", ""type_code"": ""0-508-1179"", ""kind"": ""Equipment"", ""reference_url"": ""https://rtlt.preptoolkit.fema.gov/Public/Resource/View/0-508-1179"", ""notes"": """", ""typed_level"": ""Type IV""}]"
80,Incident Management Team,Incident Management Team,Team,FEMA/NIMS,FEMA / NIMS,,each,1.0,,False,False,True,,2026-06-10T02:32:15,2026-06-10T02:32:15,fema_seed,fema_seed,[],"[44, 45, 46, 49, 50]","[""Incident Command"", ""Planning / Intelligence"", ""Operations Coordination"", ""Safety Officer"", ""EOC Operations""]",[],"[{""nims_name"": ""Incident Management Team"", ""discipline"": ""Incident Management"", ""type_code"": ""2-508-1050"", ""kind"": ""Team"", ""reference_url"": ""https://rtlt.preptoolkit.fema.gov/Public/Resource/View/2-508-1050"", ""notes"": """", ""typed_level"": ""Type I""}, {""nims_name"": ""Incident Management Team"", ""discipline"": ""Incident Management"", ""type_code"": ""2-508-1050"", ""kind"": ""Team"", ""reference_url"": ""https://rtlt.preptoolkit.fema.gov/Public/Resource/View/2-508-1050"", ""notes"": """", ""typed_level"": ""Type II""}, {""nims_name"": ""Incident Management Team"", ""discipline"": ""Incident Management"", ""type_code"": ""2-508-1050"", ""kind"": ""Team"", ""reference_url"": ""https://rtlt.preptoolkit.fema.gov/Public/Resource/View/2-508-1050"", ""notes"": """", ""typed_level"": ""Type III""}, {""nims_name"": ""Incident Management Team"", ""discipline"": ""Incident Management"", ""type_code"": ""2-508-1050"", ""kind"": ""Team"", ""reference_url"": ""https://rtlt.preptoolkit.fema.gov/Public/Resource/View/2-508-1050"", ""notes"": """", ""typed_level"": ""Type IV""}]"
81,Incident Management Team – Firefighting,Incident Management Team – Firefighting,Team,FEMA/NIMS,FEMA / NIMS,,each,1.0,,False,False,True,,2026-06-10T02:32:15,2026-06-10T02:32:15,fema_seed,fema_seed,[],"[44, 45, 46]","[""Incident Command"", ""Planning / Intelligence"", ""Operations Coordination""]",[],"[{""nims_name"": ""Incident Management Team – Firefighting"", ""discipline"": ""Fire / Hazardous Materials"", ""type_code"": ""4-508-1283"", ""kind"": ""Team"", ""reference_url"": ""https://rtlt.preptoolkit.fema.gov/Public/Resource/View/4-508-1283"", ""notes"": """", ""typed_level"": ""Type I""}, {""nims_name"": ""Incident Management Team – Firefighting"", ""discipline"": ""Fire / Hazardous Materials"", ""type_code"": ""4-508-1283"", ""kind"": ""Team"", ""reference_url"": ""https://rtlt.preptoolkit.fema.gov/Public/Resource/View/4-508-1283"", ""notes"": """", ""typed_level"": ""Type II""}, {""nims_name"": ""Incident Management Team – Firefighting"", ""discipline"": ""Fire / Hazardous Materials"", ""type_code"": ""4-508-1283"", ""kind"": ""Team"", ""reference_url"": ""https://rtlt.preptoolkit.fema.gov/Public/Resource/View/4-508-1283"", ""notes"": """", ""typed_level"": ""Type III""}, {""nims_name"": ""Incident Management Team – Firefighting"", ""discipline"": ""Fire / Hazardous Materials"", ""type_code"": ""4-508-1283"", ""kind"": ""Team"", ""reference_url"": ""https://rtlt.preptoolkit.fema.gov/Public/Resource/View/4-508-1283"", ""notes"": """", ""typed_level"": ""Type IV""}]"
82,Interagency Buying Team – Firefighting,Interagency Buying Team – Firefighting,Team,FEMA/NIMS,FEMA / NIMS,The Interagency Buying Team – Firefighting supports incident acquisition through coordination with the incident agency administrative staff by procuring services and supplies or renting land and equipment Resource Category Fire/Hazardous Materials Primary,each,1.0,,False,False,True,,2026-06-10T02:32:16,2026-06-10T02:32:16,fema_seed,fema_seed,[],"[42, 47]","[""Supply Chain / Ordering"", ""Finance and Administration""]",[],"[{""nims_name"": ""Interagency Buying Team – Firefighting"", ""discipline"": ""Fire / Hazardous Materials"", ""type_code"": ""4-508-1284"", ""kind"": ""Team"", ""reference_url"": ""https://rtlt.preptoolkit.fema.gov/Public/Resource/View/4-508-1284"", ""notes"": """", ""typed_level"": ""Type I""}]"
83,Isolation and Quarantine Team,Isolation and Quarantine Team,Team,FEMA/NIMS,FEMA / NIMS,The Isolation and Quarantine Team helps support local disease control activities during a communicable disease outbreak or other conditions of public health importance Resource Category Medical and Public Health Primary,each,1.0,,False,False,True,,2026-06-10T02:32:16,2026-06-10T02:32:16,fema_seed,fema_seed,[],"[19, 22]","[""Mass Casualty Operations"", ""Public Health Surveillance""]",[],"[{""nims_name"": ""Isolation and Quarantine Team"", ""discipline"": ""Medical and Public Health"", ""type_code"": ""12-508-1134"", ""kind"": ""Team"", ""reference_url"": ""https://rtlt.preptoolkit.fema.gov/Public/Resource/View/12-508-1134"", ""notes"": """", ""typed_level"": ""Type I""}, {""nims_name"": ""Isolation and Quarantine Team"", ""discipline"": ""Medical and Public Health"", ""type_code"": ""12-508-1134"", ""kind"": ""Team"", ""reference_url"": ""https://rtlt.preptoolkit.fema.gov/Public/Resource/View/12-508-1134"", ""notes"": """", ""typed_level"": ""Type II""}, {""nims_name"": ""Isolation and Quarantine Team"", ""discipline"": ""Medical and Public Health"", ""type_code"": ""12-508-1134"", ""kind"": ""Team"", ""reference_url"": ""https://rtlt.preptoolkit.fema.gov/Public/Resource/View/12-508-1134"", ""notes"": """", ""typed_level"": ""Type III""}]"
84,Laboratory Team,Laboratory Team,Team,FEMA/NIMS,FEMA / NIMS,"The Laboratory Team provides hospitals, outpatient facilities, and mobile units with a wide range of clinical laboratory (patient diagnostic) services, which may include basic chemistry, hematology, coagulation, urine, and microbiology testing Resource Category Medical and Public Health Primary",each,1.0,,False,False,True,,2026-06-10T02:32:16,2026-06-10T02:32:16,fema_seed,fema_seed,[],"[19, 22]","[""Mass Casualty Operations"", ""Public Health Surveillance""]",[],"[{""nims_name"": ""Laboratory Team"", ""discipline"": ""Medical and Public Health"", ""type_code"": ""12-508-1241"", ""kind"": ""Team"", ""reference_url"": ""https://rtlt.preptoolkit.fema.gov/Public/Resource/View/12-508-1241"", ""notes"": """", ""typed_level"": ""Type I""}]"
85,Land Mobile Radio Support Team,Land Mobile Radio Support Team,Team,FEMA/NIMS,FEMA / NIMS,The Land Mobile Radio Support Team deploys to support disaster emergency communications by providing and maintaining operable and interoperable radio communications in an incident area Resource Category Communications Primary,each,1.0,,False,False,True,,2026-06-10T02:32:16,2026-06-10T02:32:16,fema_seed,fema_seed,[],"[31, 34]","[""Voice Radio Communications"", ""Interoperability / Radio Patching""]",[],"[{""nims_name"": ""Land Mobile Radio Support Team"", ""discipline"": ""Communications"", ""type_code"": ""5-508-1247"", ""kind"": ""Team"", ""reference_url"": ""https://rtlt.preptoolkit.fema.gov/Public/Resource/View/5-508-1247"", ""notes"": """", ""typed_level"": ""Type I""}, {""nims_name"": ""Land Mobile Radio Support Team"", ""discipline"": ""Communications"", ""type_code"": ""5-508-1247"", ""kind"": ""Team"", ""reference_url"": ""https://rtlt.preptoolkit.fema.gov/Public/Resource/View/5-508-1247"", ""notes"": """", ""typed_level"": ""Type II""}, {""nims_name"": ""Land Mobile Radio Support Team"", ""discipline"": ""Communications"", ""type_code"": ""5-508-1247"", ""kind"": ""Team"", ""reference_url"": ""https://rtlt.preptoolkit.fema.gov/Public/Resource/View/5-508-1247"", ""notes"": """", ""typed_level"": ""Type III""}, {""nims_name"": ""Land Mobile Radio Support Team"", ""discipline"": ""Communications"", ""type_code"": ""5-508-1247"", ""kind"": ""Team"", ""reference_url"": ""https://rtlt.preptoolkit.fema.gov/Public/Resource/View/5-508-1247"", ""notes"": """", ""typed_level"": ""Type IV""}]"
86,Land Search and Rescue (SAR) Team,Land Search and Rescue (SAR) Team,Team,FEMA/NIMS,FEMA / NIMS,"A Land Search and Rescue (SAR) Team conducts search, rescue and recovery in one or more of the environments of land or wilderness, in response to natural and human-caused events Resource Category Search and Rescue Primary",each,1.0,,False,False,True,,2026-06-10T02:32:16,2026-06-10T02:32:16,fema_seed,fema_seed,[],"[1, 7]","[""Technical Rescue"", ""Wildland Search Operations""]",[],"[{""nims_name"": ""Land Search and Rescue (SAR) Team"", ""discipline"": ""Search and Rescue"", ""type_code"": ""8-508-1173"", ""kind"": ""Team"", ""reference_url"": ""https://rtlt.preptoolkit.fema.gov/Public/Resource/View/8-508-1173"", ""notes"": """", ""typed_level"": ""Type I""}, {""nims_name"": ""Land Search and Rescue (SAR) Team"", ""discipline"": ""Search and Rescue"", ""type_code"": ""8-508-1173"", ""kind"": ""Team"", ""reference_url"": ""https://rtlt.preptoolkit.fema.gov/Public/Resource/View/8-508-1173"", ""notes"": """", ""typed_level"": ""Type II""}]"
87,Law Enforcement Aviation - Helicopters - Patrol & Surveillance,Law Enforcement Aviation - Helicopters - Patrol & Surveillance,Aircraft,FEMA/NIMS,FEMA / NIMS,Resource Category Law Enforcement Operations Primary,each,1.0,,False,False,True,,2026-06-10T02:32:16,2026-06-10T02:32:16,fema_seed,fema_seed,[],"[25, 27, 28, 38]","[""Tactical Law Enforcement"", ""Crowd Management"", ""Traffic Control"", ""Air Transport""]",[],"[{""nims_name"": ""Law Enforcement Aviation - Helicopters - Patrol & Surveillance"", ""discipline"": ""Law Enforcement Operations"", ""type_code"": ""6-508-1002"", ""kind"": ""Aircraft"", ""reference_url"": ""https://rtlt.preptoolkit.fema.gov/Public/Resource/View/6-508-1002"", ""notes"": """", ""typed_level"": ""Type I""}, {""nims_name"": ""Law Enforcement Aviation - Helicopters - Patrol & Surveillance"", ""discipline"": ""Law Enforcement Operations"", ""type_code"": ""6-508-1002"", ""kind"": ""Aircraft"", ""reference_url"": ""https://rtlt.preptoolkit.fema.gov/Public/Resource/View/6-508-1002"", ""notes"": """", ""typed_level"": ""Type II""}, {""nims_name"": ""Law Enforcement Aviation - Helicopters - Patrol & Surveillance"", ""discipline"": ""Law Enforcement Operations"", ""type_code"": ""6-508-1002"", ""kind"": ""Aircraft"", ""reference_url"": ""https://rtlt.preptoolkit.fema.gov/Public/Resource/View/6-508-1002"", ""notes"": """", ""typed_level"": ""Type III""}, {""nims_name"": ""Law Enforcement Aviation - Helicopters - Patrol & Surveillance"", ""discipline"": ""Law Enforcement Operations"", ""type_code"": ""6-508-1002"", ""kind"": ""Aircraft"", ""reference_url"": ""https://rtlt.preptoolkit.fema.gov/Public/Resource/View/6-508-1002"", ""notes"": """", ""typed_level"": ""Type IV""}]"
88,Law Enforcement Observation Aircraft (Fixed-Wing),Law Enforcement Observation Aircraft (Fixed-Wing),Aircraft,FEMA/NIMS,FEMA / NIMS,Resource Category Law Enforcement Operations Primary,each,1.0,,False,False,True,,2026-06-10T02:32:16,2026-06-10T02:32:16,fema_seed,fema_seed,[],"[25, 27, 28, 38]","[""Tactical Law Enforcement"", ""Crowd Management"", ""Traffic Control"", ""Air Transport""]",[],"[{""nims_name"": ""Law Enforcement Observation Aircraft (Fixed-Wing)"", ""discipline"": ""Law Enforcement Operations"", ""type_code"": ""6-508-1003"", ""kind"": ""Aircraft"", ""reference_url"": ""https://rtlt.preptoolkit.fema.gov/Public/Resource/View/6-508-1003"", ""notes"": """", ""typed_level"": ""Type I""}, {""nims_name"": ""Law Enforcement Observation Aircraft (Fixed-Wing)"", ""discipline"": ""Law Enforcement Operations"", ""type_code"": ""6-508-1003"", ""kind"": ""Aircraft"", ""reference_url"": ""https://rtlt.preptoolkit.fema.gov/Public/Resource/View/6-508-1003"", ""notes"": """", ""typed_level"": ""Type II""}]"
89,Locating Team – Water Sector Infrastructure,Locating Team – Water Sector Infrastructure,Team,FEMA/NIMS,FEMA / NIMS,"The Locating Team – Water Sector Infrastructure is responsible for locating water and sewer mains, manholes and valves Resource Category Public Works Primary",each,1.0,,False,False,True,,2026-06-10T02:32:16,2026-06-10T02:32:16,fema_seed,fema_seed,[],"[52, 55]","[""Water Supply and Distribution"", ""Damage Assessment""]",[],"[{""nims_name"": ""Locating Team – Water Sector Infrastructure"", ""discipline"": ""Public Works"", ""type_code"": ""7-508-1255"", ""kind"": ""Team"", ""reference_url"": ""https://rtlt.preptoolkit.fema.gov/Public/Resource/View/7-508-1255"", ""notes"": """", ""typed_level"": ""Type I""}]"
90,Logistics Staging Unit,Logistics Staging Unit,Team,FEMA/NIMS,FEMA / NIMS,"The Logistics Staging Unit supports response and recovery operations by receiving, warehousing and distributing emergency supplies and equipment, and by providing a staging area (LSA) for response and recovery",each,1.0,,False,False,True,,2026-06-10T02:32:16,2026-06-10T02:32:16,fema_seed,fema_seed,[],"[37, 40, 42]","[""Ground Transport"", ""Base Camp / Staging Support"", ""Supply Chain / Ordering""]",[],"[{""nims_name"": ""Logistics Staging Unit"", ""discipline"": ""Logistics and Transportation"", ""type_code"": ""11-508-1252"", ""kind"": ""Unit"", ""reference_url"": ""https://rtlt.preptoolkit.fema.gov/Public/Resource/View/11-508-1252"", ""notes"": """", ""typed_level"": ""Type I""}, {""nims_name"": ""Logistics Staging Unit"", ""discipline"": ""Logistics and Transportation"", ""type_code"": ""11-508-1252"", ""kind"": ""Unit"", ""reference_url"": ""https://rtlt.preptoolkit.fema.gov/Public/Resource/View/11-508-1252"", ""notes"": """", ""typed_level"": ""Type II""}, {""nims_name"": ""Logistics Staging Unit"", ""discipline"": ""Logistics and Transportation"", ""type_code"": ""11-508-1252"", ""kind"": ""Unit"", ""reference_url"": ""https://rtlt.preptoolkit.fema.gov/Public/Resource/View/11-508-1252"", ""notes"": """", ""typed_level"": ""Type III""}]"
91,Logistics Support Team,Logistics Support Team,Team,FEMA/NIMS,FEMA / NIMS,The Logistics Support Team is a group of qualified,each,1.0,,False,False,True,,2026-06-10T02:32:16,2026-06-10T02:32:16,fema_seed,fema_seed,[],"[37, 40, 42]","[""Ground Transport"", ""Base Camp / Staging Support"", ""Supply Chain / Ordering""]",[],"[{""nims_name"": ""Logistics Support Team"", ""discipline"": ""Logistics and Transportation"", ""type_code"": ""11-508-1253"", ""kind"": ""Team"", ""reference_url"": ""https://rtlt.preptoolkit.fema.gov/Public/Resource/View/11-508-1253"", ""notes"": """", ""typed_level"": ""Type I""}, {""nims_name"": ""Logistics Support Team"", ""discipline"": ""Logistics and Transportation"", ""type_code"": ""11-508-1253"", ""kind"": ""Team"", ""reference_url"": ""https://rtlt.preptoolkit.fema.gov/Public/Resource/View/11-508-1253"", ""notes"": """", ""typed_level"": ""Type II""}, {""nims_name"": ""Logistics Support Team"", ""discipline"": ""Logistics and Transportation"", ""type_code"": ""11-508-1253"", ""kind"": ""Team"", ""reference_url"": ""https://rtlt.preptoolkit.fema.gov/Public/Resource/View/11-508-1253"", ""notes"": """", ""typed_level"": ""Type III""}]"
92,Long-Term Shelter,Long-Term Shelter,Facility,FEMA/NIMS,FEMA / NIMS,,each,1.0,,False,False,True,,2026-06-10T02:32:16,2026-06-10T02:32:16,fema_seed,fema_seed,[],"[40, 57, 58, 61]","[""Base Camp / Staging Support"", ""Emergency Shelter Operations"", ""Evacuation Support"", ""Access and Functional Needs Support""]",[],"[{""nims_name"": ""Long-Term Shelter"", ""discipline"": ""Mass Care Services"", ""type_code"": ""9-508-1193"", ""kind"": ""Facility"", ""reference_url"": ""https://rtlt.preptoolkit.fema.gov/Public/Resource/View/9-508-1193"", ""notes"": """", ""typed_level"": ""Type I""}, {""nims_name"": ""Long-Term Shelter"", ""discipline"": ""Mass Care Services"", ""type_code"": ""9-508-1193"", ""kind"": ""Facility"", ""reference_url"": ""https://rtlt.preptoolkit.fema.gov/Public/Resource/View/9-508-1193"", ""notes"": """", ""typed_level"": ""Type II""}, {""nims_name"": ""Long-Term Shelter"", ""discipline"": ""Mass Care Services"", ""type_code"": ""9-508-1193"", ""kind"": ""Facility"", ""reference_url"": ""https://rtlt.preptoolkit.fema.gov/Public/Resource/View/9-508-1193"", ""notes"": """", ""typed_level"": ""Type III""}, {""nims_name"": ""Long-Term Shelter"", ""discipline"": ""Mass Care Services"", ""type_code"": ""9-508-1193"", ""kind"": ""Facility"", ""reference_url"": ""https://rtlt.preptoolkit.fema.gov/Public/Resource/View/9-508-1193"", ""notes"": """", ""typed_level"": ""Type IV""}]"
93,Maritime Preventive Radiological Nuclear Detection Team,Maritime Preventive Radiological Nuclear Detection Team,Other,FEMA/NIMS,FEMA / NIMS,A team composed of maritime public safety,each,1.0,,False,False,True,,2026-06-10T02:32:16,2026-06-10T02:32:16,fema_seed,fema_seed,[],[15],"[""CBRN Detection""]",[],"[{""nims_name"": ""Maritime Preventive Radiological Nuclear Detection Team"", ""discipline"": ""Prevention"", ""type_code"": ""0-508-1177"", ""kind"": """", ""reference_url"": ""https://rtlt.preptoolkit.fema.gov/Public/Resource/View/0-508-1177"", ""notes"": """", ""typed_level"": ""Type I""}, {""nims_name"": ""Maritime Preventive Radiological Nuclear Detection Team"", ""discipline"": ""Prevention"", ""type_code"": ""0-508-1177"", ""kind"": """", ""reference_url"": ""https://rtlt.preptoolkit.fema.gov/Public/Resource/View/0-508-1177"", ""notes"": """", ""typed_level"": ""Type II""}, {""nims_name"": ""Maritime Preventive Radiological Nuclear Detection Team"", ""discipline"": ""Prevention"", ""type_code"": ""0-508-1177"", ""kind"": """", ""reference_url"": ""https://rtlt.preptoolkit.fema.gov/Public/Resource/View/0-508-1177"", ""notes"": """", ""typed_level"": ""Type III""}]"
94,Mass Evacuee Support Task Force,Mass Evacuee Support Task Force,Team,FEMA/NIMS,FEMA / NIMS,"The Mass Evacuee Support Task Force provides technical and functional expertise for the registration, tracking, movement and needs of disaster survivors at a mass evacuee support site Resource Category Mass Care Services Primary",each,1.0,,False,False,True,,2026-06-10T02:32:16,2026-06-10T02:32:16,fema_seed,fema_seed,[],"[57, 58, 61]","[""Emergency Shelter Operations"", ""Evacuation Support"", ""Access and Functional Needs Support""]",[],"[{""nims_name"": ""Mass Evacuee Support Task Force"", ""discipline"": ""Mass Care Services"", ""type_code"": ""9-508-1199"", ""kind"": ""Team"", ""reference_url"": ""https://rtlt.preptoolkit.fema.gov/Public/Resource/View/9-508-1199"", ""notes"": """", ""typed_level"": ""Type I""}, {""nims_name"": ""Mass Evacuee Support Task Force"", ""discipline"": ""Mass Care Services"", ""type_code"": ""9-508-1199"", ""kind"": ""Team"", ""reference_url"": ""https://rtlt.preptoolkit.fema.gov/Public/Resource/View/9-508-1199"", ""notes"": """", ""typed_level"": ""Type II""}, {""nims_name"": ""Mass Evacuee Support Task Force"", ""discipline"": ""Mass Care Services"", ""type_code"": ""9-508-1199"", ""kind"": ""Team"", ""reference_url"": ""https://rtlt.preptoolkit.fema.gov/Public/Resource/View/9-508-1199"", ""notes"": """", ""typed_level"": ""Type III""}, {""nims_name"": ""Mass Evacuee Support Task Force"", ""discipline"": ""Mass Care Services"", ""type_code"": ""9-508-1199"", ""kind"": ""Team"", ""reference_url"": ""https://rtlt.preptoolkit.fema.gov/Public/Resource/View/9-508-1199"", ""notes"": """", ""typed_level"": ""Type IV""}]"
95,Mass Evacuee Support Team,Mass Evacuee Support Team,Team,FEMA/NIMS,FEMA / NIMS,The Mass Evacuee Support Team provides coordination and functional support for mass care and emergency assistance-related activities at individual mass evacuee support sites Resource Category Mass Care Services Primary,each,1.0,,False,False,True,,2026-06-10T02:32:16,2026-06-10T02:32:16,fema_seed,fema_seed,[],"[57, 58, 61]","[""Emergency Shelter Operations"", ""Evacuation Support"", ""Access and Functional Needs Support""]",[],"[{""nims_name"": ""Mass Evacuee Support Team"", ""discipline"": ""Mass Care Services"", ""type_code"": ""9-508-1198"", ""kind"": ""Team"", ""reference_url"": ""https://rtlt.preptoolkit.fema.gov/Public/Resource/View/9-508-1198"", ""notes"": """", ""typed_level"": ""Type I""}, {""nims_name"": ""Mass Evacuee Support Team"", ""discipline"": ""Mass Care Services"", ""type_code"": ""9-508-1198"", ""kind"": ""Team"", ""reference_url"": ""https://rtlt.preptoolkit.fema.gov/Public/Resource/View/9-508-1198"", ""notes"": """", ""typed_level"": ""Type II""}]"
96,Medical Ambulance Bus (MAB),Medical Ambulance Bus (MAB),Vehicle,FEMA/NIMS,FEMA / NIMS,Multi-patient medical transportation vehicle for the provision of medical care to patients before and during transport to medical receiving facilities Resource Category Emergency Medical Services Primary,each,1.0,,False,False,True,,2026-06-10T02:32:16,2026-06-10T02:32:16,fema_seed,fema_seed,[],"[17, 18, 19, 37]","[""Advanced Life Support (ALS)"", ""Basic Life Support (BLS)"", ""Mass Casualty Operations"", ""Ground Transport""]",[],"[{""nims_name"": ""Medical Ambulance Bus (MAB)"", ""discipline"": ""Emergency Medical Services"", ""type_code"": ""3-508-1296"", ""kind"": ""Vehicle"", ""reference_url"": ""https://rtlt.preptoolkit.fema.gov/Public/Resource/View/3-508-1296"", ""notes"": """", ""typed_level"": ""Type I""}]"
97,Medical Countermeasure (MCM) Point of Dispensing (POD) Management Team,Medical Countermeasure (MCM) Point of Dispensing (POD) Management Team,Team,FEMA/NIMS,FEMA / NIMS,"The Medical Countermeasure (MCM) Point of Dispensing (POD) Management Team oversees and provides direction, coordination and consultation to local",each,1.0,,False,False,True,,2026-06-10T02:32:16,2026-06-10T02:32:16,fema_seed,fema_seed,[],"[19, 22, 23]","[""Mass Casualty Operations"", ""Public Health Surveillance"", ""Pharmaceutical Cache""]",[],"[{""nims_name"": ""Medical Countermeasure (MCM) Point of Dispensing (POD) Management Team"", ""discipline"": ""Medical and Public Health"", ""type_code"": ""12-508-1239"", ""kind"": ""Team"", ""reference_url"": ""https://rtlt.preptoolkit.fema.gov/Public/Resource/View/12-508-1239"", ""notes"": """", ""typed_level"": ""Type I""}, {""nims_name"": ""Medical Countermeasure (MCM) Point of Dispensing (POD) Management Team"", ""discipline"": ""Medical and Public Health"", ""type_code"": ""12-508-1239"", ""kind"": ""Team"", ""reference_url"": ""https://rtlt.preptoolkit.fema.gov/Public/Resource/View/12-508-1239"", ""notes"": """", ""typed_level"": ""Type III""}]"
98,Mine Search and Rescue (SAR) Team,Mine Search and Rescue (SAR) Team,Team,FEMA/NIMS,FEMA / NIMS,"A Mine Search and Rescue (SAR) Team conducts search, rescue and recovery in underground mine environments, including active, inactive and abandoned mines Resource Category Search and Rescue Primary",each,1.0,,False,False,True,,2026-06-10T02:32:16,2026-06-10T02:32:16,fema_seed,fema_seed,[],"[1, 3]","[""Technical Rescue"", ""Confined Space Rescue""]",[],"[{""nims_name"": ""Mine Search and Rescue (SAR) Team"", ""discipline"": ""Search and Rescue"", ""type_code"": ""8-508-1169"", ""kind"": ""Team"", ""reference_url"": ""https://rtlt.preptoolkit.fema.gov/Public/Resource/View/8-508-1169"", ""notes"": """", ""typed_level"": ""Type I""}, {""nims_name"": ""Mine Search and Rescue (SAR) Team"", ""discipline"": ""Search and Rescue"", ""type_code"": ""8-508-1169"", ""kind"": ""Team"", ""reference_url"": ""https://rtlt.preptoolkit.fema.gov/Public/Resource/View/8-508-1169"", ""notes"": """", ""typed_level"": ""Type II""}]"
99,"Mobile Communications Center (Also referred to as ""Mobile EOC"")","Mobile Communications Center (Also referred to as ""Mobile EOC"")",Vehicle,FEMA/NIMS,FEMA / NIMS,Resource Category Incident Management Primary,each,1.0,,False,False,True,,2026-06-10T02:32:16,2026-06-10T02:32:16,fema_seed,fema_seed,[],"[31, 33, 34, 37, 44, 45, 46, 50]","[""Voice Radio Communications"", ""Mobile Command Operations"", ""Interoperability / Radio Patching"", ""Ground Transport"", ""Incident Command"", ""Planning / Intelligence"", ""Operations Coordination"", ""EOC Operations""]",[],"[{""nims_name"": ""Mobile Communications Center (Also referred to as \""Mobile EOC\"")"", ""discipline"": ""Incident Management"", ""type_code"": ""2-508-1053"", ""kind"": ""Vehicle"", ""reference_url"": ""https://rtlt.preptoolkit.fema.gov/Public/Resource/View/2-508-1053"", ""notes"": """", ""typed_level"": ""Type I""}, {""nims_name"": ""Mobile Communications Center (Also referred to as \""Mobile EOC\"")"", ""discipline"": ""Incident Management"", ""type_code"": ""2-508-1053"", ""kind"": ""Vehicle"", ""reference_url"": ""https://rtlt.preptoolkit.fema.gov/Public/Resource/View/2-508-1053"", ""notes"": """", ""typed_level"": ""Type II""}, {""nims_name"": ""Mobile Communications Center (Also referred to as \""Mobile EOC\"")"", ""discipline"": ""Incident Management"", ""type_code"": ""2-508-1053"", ""kind"": ""Vehicle"", ""reference_url"": ""https://rtlt.preptoolkit.fema.gov/Public/Resource/View/2-508-1053"", ""notes"": """", ""typed_level"": ""Type III""}, {""nims_name"": ""Mobile Communications Center (Also referred to as \""Mobile EOC\"")"", ""discipline"": ""Incident Management"", ""type_code"": ""2-508-1053"", ""kind"": ""Vehicle"", ""reference_url"": ""https://rtlt.preptoolkit.fema.gov/Public/Resource/View/2-508-1053"", ""notes"": """", ""typed_level"": ""Type IV""}]"
100,Mobile Communications Unit (Law/Fire),Mobile Communications Unit (Law/Fire),Vehicle,FEMA/NIMS,FEMA / NIMS,Resource Category Fire/Hazardous Materials Primary,each,1.0,,False,False,True,,2026-06-10T02:32:16,2026-06-10T02:32:16,fema_seed,fema_seed,[],"[31, 33, 34, 37]","[""Voice Radio Communications"", ""Mobile Command Operations"", ""Interoperability / Radio Patching"", ""Ground Transport""]",[],"[{""nims_name"": ""Mobile Communications Unit (Law/Fire)"", ""discipline"": ""Fire / Hazardous Materials"", ""type_code"": ""4-508-1128"", ""kind"": ""Vehicle"", ""reference_url"": ""https://rtlt.preptoolkit.fema.gov/Public/Resource/View/4-508-1128"", ""notes"": """", ""typed_level"": ""Type I""}, {""nims_name"": ""Mobile Communications Unit (Law/Fire)"", ""discipline"": ""Fire / Hazardous Materials"", ""type_code"": ""4-508-1128"", ""kind"": ""Vehicle"", ""reference_url"": ""https://rtlt.preptoolkit.fema.gov/Public/Resource/View/4-508-1128"", ""notes"": """", ""typed_level"": ""Type II""}]"
101,Mobile Distribution Team,Mobile Distribution Team,Team,FEMA/NIMS,FEMA / NIMS,,each,1.0,,False,False,True,,2026-06-10T02:32:16,2026-06-10T02:32:16,fema_seed,fema_seed,[],"[57, 58, 61]","[""Emergency Shelter Operations"", ""Evacuation Support"", ""Access and Functional Needs Support""]",[],"[{""nims_name"": ""Mobile Distribution Team"", ""discipline"": ""Mass Care Services"", ""type_code"": ""9-508-1188"", ""kind"": ""Team"", ""reference_url"": ""https://rtlt.preptoolkit.fema.gov/Public/Resource/View/9-508-1188"", ""notes"": """", ""typed_level"": ""Type I""}, {""nims_name"": ""Mobile Distribution Team"", ""discipline"": ""Mass Care Services"", ""type_code"": ""9-508-1188"", ""kind"": ""Team"", ""reference_url"": ""https://rtlt.preptoolkit.fema.gov/Public/Resource/View/9-508-1188"", ""notes"": """", ""typed_level"": ""Type II""}]"
102,Mobile Field Force,Mobile Field Force,Team,FEMA/NIMS,FEMA / NIMS,The Mobile Field Force (MFF) is a mobile team capable of providing a fast and effective platoon- or squad-size tactical force for a wide variety of policing functions and missions Resource Category Law Enforcement Operations Primary,each,1.0,,False,False,True,,2026-06-10T02:32:16,2026-06-10T02:32:16,fema_seed,fema_seed,[],"[25, 27]","[""Tactical Law Enforcement"", ""Crowd Management""]",[],"[{""nims_name"": ""Mobile Field Force"", ""discipline"": ""Law Enforcement Operations"", ""type_code"": ""6-508-1240"", ""kind"": ""Team"", ""reference_url"": ""https://rtlt.preptoolkit.fema.gov/Public/Resource/View/6-508-1240"", ""notes"": """", ""typed_level"": ""Type I""}, {""nims_name"": ""Mobile Field Force"", ""discipline"": ""Law Enforcement Operations"", ""type_code"": ""6-508-1240"", ""kind"": ""Team"", ""reference_url"": ""https://rtlt.preptoolkit.fema.gov/Public/Resource/View/6-508-1240"", ""notes"": """", ""typed_level"": ""Type II""}]"
103,Mobile Kitchen Unit,Mobile Kitchen Unit,Team,FEMA/NIMS,FEMA / NIMS,"The Mobile Kitchen Unit deploys as an operational feeding unit on wheels, designed for meal preparation and direct food service, with accompanying",each,1.0,,False,False,True,,2026-06-10T02:32:16,2026-06-10T02:32:16,fema_seed,fema_seed,[],"[43, 58, 61]","[""Feeding Operations"", ""Evacuation Support"", ""Access and Functional Needs Support""]",[],"[{""nims_name"": ""Mobile Kitchen Unit"", ""discipline"": ""Mass Care Services"", ""type_code"": ""9-508-1271"", ""kind"": ""Unit"", ""reference_url"": ""https://rtlt.preptoolkit.fema.gov/Public/Resource/View/9-508-1271"", ""notes"": """", ""typed_level"": ""Type I""}, {""nims_name"": ""Mobile Kitchen Unit"", ""discipline"": ""Mass Care Services"", ""type_code"": ""9-508-1271"", ""kind"": ""Unit"", ""reference_url"": ""https://rtlt.preptoolkit.fema.gov/Public/Resource/View/9-508-1271"", ""notes"": """", ""typed_level"": ""Type II""}, {""nims_name"": ""Mobile Kitchen Unit"", ""discipline"": ""Mass Care Services"", ""type_code"": ""9-508-1271"", ""kind"": ""Unit"", ""reference_url"": ""https://rtlt.preptoolkit.fema.gov/Public/Resource/View/9-508-1271"", ""notes"": """", ""typed_level"": ""Type III""}, {""nims_name"": ""Mobile Kitchen Unit"", ""discipline"": ""Mass Care Services"", ""type_code"": ""9-508-1271"", ""kind"": ""Unit"", ""reference_url"": ""https://rtlt.preptoolkit.fema.gov/Public/Resource/View/9-508-1271"", ""notes"": """", ""typed_level"": ""Type IV""}]"
104,Mountain Search and Rescue (SAR) Team,Mountain Search and Rescue (SAR) Team,Team,FEMA/NIMS,FEMA / NIMS,"A Mountain Search and Rescue (SAR) Team conducts search, rescue and recovery in one or more of the environments of low mountain, mountain and alpine, in response to natural and human-caused events Resource Category Search and Rescue Primary",each,1.0,,False,False,True,,2026-06-10T02:32:16,2026-06-10T02:32:16,fema_seed,fema_seed,[],"[1, 4]","[""Technical Rescue"", ""High Angle / Rope Rescue""]",[],"[{""nims_name"": ""Mountain Search and Rescue (SAR) Team"", ""discipline"": ""Search and Rescue"", ""type_code"": ""8-508-1171"", ""kind"": ""Team"", ""reference_url"": ""https://rtlt.preptoolkit.fema.gov/Public/Resource/View/8-508-1171"", ""notes"": """", ""typed_level"": ""Type I""}, {""nims_name"": ""Mountain Search and Rescue (SAR) Team"", ""discipline"": ""Search and Rescue"", ""type_code"": ""8-508-1171"", ""kind"": ""Team"", ""reference_url"": ""https://rtlt.preptoolkit.fema.gov/Public/Resource/View/8-508-1171"", ""notes"": """", ""typed_level"": ""Type II""}]"
105,Operations Team – Wastewater Treatment Facility,Operations Team – Wastewater Treatment Facility,Team,FEMA/NIMS,FEMA / NIMS,The Operations Team – Wastewater Treatment Facility operates wastewater facilities Resource Category Public Works Primary,each,1.0,,False,False,True,,2026-06-10T02:32:16,2026-06-10T02:32:16,fema_seed,fema_seed,[],[52],"[""Water Supply and Distribution""]",[],"[{""nims_name"": ""Operations Team – Wastewater Treatment Facility"", ""discipline"": ""Public Works"", ""type_code"": ""7-508-1202"", ""kind"": ""Team"", ""reference_url"": ""https://rtlt.preptoolkit.fema.gov/Public/Resource/View/7-508-1202"", ""notes"": """", ""typed_level"": ""Type I""}]"
106,Operations Team – Water Treatment Facility,Operations Team – Water Treatment Facility,Team,FEMA/NIMS,FEMA / NIMS,The Operations Team – Water Treatment Facility operates water production facilities Resource Category Public Works Primary,each,1.0,,False,False,True,,2026-06-10T02:32:16,2026-06-10T02:32:16,fema_seed,fema_seed,[],[52],"[""Water Supply and Distribution""]",[],"[{""nims_name"": ""Operations Team – Water Treatment Facility"", ""discipline"": ""Public Works"", ""type_code"": ""7-508-1256"", ""kind"": ""Team"", ""reference_url"": ""https://rtlt.preptoolkit.fema.gov/Public/Resource/View/7-508-1256"", ""notes"": """", ""typed_level"": ""Type I""}]"
107,Palliative Care Team,Palliative Care Team,Team,FEMA/NIMS,FEMA / NIMS,,each,1.0,,False,False,True,,2026-06-10T02:32:16,2026-06-10T02:32:16,fema_seed,fema_seed,[],"[22, 24]","[""Public Health Surveillance"", ""Mental Health / Crisis Intervention""]",[],"[{""nims_name"": ""Palliative Care Team"", ""discipline"": ""Medical and Public Health"", ""type_code"": ""12-508-1142"", ""kind"": ""Team"", ""reference_url"": ""https://rtlt.preptoolkit.fema.gov/Public/Resource/View/12-508-1142"", ""notes"": """", ""typed_level"": ""Type I""}, {""nims_name"": ""Palliative Care Team"", ""discipline"": ""Medical and Public Health"", ""type_code"": ""12-508-1142"", ""kind"": ""Team"", ""reference_url"": ""https://rtlt.preptoolkit.fema.gov/Public/Resource/View/12-508-1142"", ""notes"": """", ""typed_level"": ""Type II""}, {""nims_name"": ""Palliative Care Team"", ""discipline"": ""Medical and Public Health"", ""type_code"": ""12-508-1142"", ""kind"": ""Team"", ""reference_url"": ""https://rtlt.preptoolkit.fema.gov/Public/Resource/View/12-508-1142"", ""notes"": """", ""typed_level"": ""Type III""}]"
108,Patrol Team,Patrol Team,Team,FEMA/NIMS,FEMA / NIMS,The Patrol Team provides patrol functions to promote public safety and security Resource Category Law Enforcement Operations Primary,each,1.0,,False,False,True,,2026-06-10T02:32:16,2026-06-10T02:32:16,fema_seed,fema_seed,[],[28],"[""Traffic Control""]",[],"[{""nims_name"": ""Patrol Team"", ""discipline"": ""Law Enforcement Operations"", ""type_code"": ""6-508-1034"", ""kind"": ""Team"", ""reference_url"": ""https://rtlt.preptoolkit.fema.gov/Public/Resource/View/6-508-1034"", ""notes"": """", ""typed_level"": ""Type I""}, {""nims_name"": ""Patrol Team"", ""discipline"": ""Law Enforcement Operations"", ""type_code"": ""6-508-1034"", ""kind"": ""Team"", ""reference_url"": ""https://rtlt.preptoolkit.fema.gov/Public/Resource/View/6-508-1034"", ""notes"": """", ""typed_level"": ""Type II""}, {""nims_name"": ""Patrol Team"", ""discipline"": ""Law Enforcement Operations"", ""type_code"": ""6-508-1034"", ""kind"": ""Team"", ""reference_url"": ""https://rtlt.preptoolkit.fema.gov/Public/Resource/View/6-508-1034"", ""notes"": """", ""typed_level"": ""Type III""}, {""nims_name"": ""Patrol Team"", ""discipline"": ""Law Enforcement Operations"", ""type_code"": ""6-508-1034"", ""kind"": ""Team"", ""reference_url"": ""https://rtlt.preptoolkit.fema.gov/Public/Resource/View/6-508-1034"", ""notes"": """", ""typed_level"": ""Type IV""}]"
109,Pedestrian Point of Distribution Team,Pedestrian Point of Distribution Team,Team,FEMA/NIMS,FEMA / NIMS,,each,1.0,,False,False,True,,2026-06-10T02:32:16,2026-06-10T02:32:16,fema_seed,fema_seed,[],"[42, 58, 61]","[""Supply Chain / Ordering"", ""Evacuation Support"", ""Access and Functional Needs Support""]",[],"[{""nims_name"": ""Pedestrian Point of Distribution Team"", ""discipline"": ""Mass Care Services"", ""type_code"": ""9-508-1189"", ""kind"": ""Team"", ""reference_url"": ""https://rtlt.preptoolkit.fema.gov/Public/Resource/View/9-508-1189"", ""notes"": """", ""typed_level"": ""Type I""}, {""nims_name"": ""Pedestrian Point of Distribution Team"", ""discipline"": ""Mass Care Services"", ""type_code"": ""9-508-1189"", ""kind"": ""Team"", ""reference_url"": ""https://rtlt.preptoolkit.fema.gov/Public/Resource/View/9-508-1189"", ""notes"": """", ""typed_level"": ""Type II""}]"
110,Personal Radiation Detector,Personal Radiation Detector,Equipment,FEMA/NIMS,FEMA / NIMS,"An alarming Personal Radiation Detector (PRD) worn on the body to detect photons and, in some cases, neutrons Resource Category Prevention Primary",each,1.0,,False,False,True,,2026-06-10T02:32:16,2026-06-10T02:32:16,fema_seed,fema_seed,[],[15],"[""CBRN Detection""]",[],"[{""nims_name"": ""Personal Radiation Detector"", ""discipline"": ""Prevention"", ""type_code"": ""0-508-1180"", ""kind"": ""Equipment"", ""reference_url"": ""https://rtlt.preptoolkit.fema.gov/Public/Resource/View/0-508-1180"", ""notes"": """", ""typed_level"": ""Type I""}, {""nims_name"": ""Personal Radiation Detector"", ""discipline"": ""Prevention"", ""type_code"": ""0-508-1180"", ""kind"": ""Equipment"", ""reference_url"": ""https://rtlt.preptoolkit.fema.gov/Public/Resource/View/0-508-1180"", ""notes"": """", ""typed_level"": ""Type II""}]"
111,Pharmacy Team,Pharmacy Team,Team,FEMA/NIMS,FEMA / NIMS,,each,1.0,,False,False,True,,2026-06-10T02:32:16,2026-06-10T02:32:16,fema_seed,fema_seed,[],"[22, 23]","[""Public Health Surveillance"", ""Pharmaceutical Cache""]",[],"[{""nims_name"": ""Pharmacy Team"", ""discipline"": ""Medical and Public Health"", ""type_code"": ""12-508-1242"", ""kind"": ""Team"", ""reference_url"": ""https://rtlt.preptoolkit.fema.gov/Public/Resource/View/12-508-1242"", ""notes"": """", ""typed_level"": ""Type I""}, {""nims_name"": ""Pharmacy Team"", ""discipline"": ""Medical and Public Health"", ""type_code"": ""12-508-1242"", ""kind"": ""Team"", ""reference_url"": ""https://rtlt.preptoolkit.fema.gov/Public/Resource/View/12-508-1242"", ""notes"": """", ""typed_level"": ""Type II""}, {""nims_name"": ""Pharmacy Team"", ""discipline"": ""Medical and Public Health"", ""type_code"": ""12-508-1242"", ""kind"": ""Team"", ""reference_url"": ""https://rtlt.preptoolkit.fema.gov/Public/Resource/View/12-508-1242"", ""notes"": """", ""typed_level"": ""Type III""}]"
112,Plant Utility Control Systems Team – Water Sector Infrastructure,Plant Utility Control Systems Team – Water Sector Infrastructure,Team,FEMA/NIMS,FEMA / NIMS,The Plant Utility Control Systems Team – Water Sector Infrastructure restores and repairs supervisory control and data acquisition (SCADA) and radio telemetry systems Resource Category Public Works Primary,each,1.0,,False,False,True,,2026-06-10T02:32:16,2026-06-10T02:32:16,fema_seed,fema_seed,[],"[52, 55]","[""Water Supply and Distribution"", ""Damage Assessment""]",[],"[{""nims_name"": ""Plant Utility Control Systems Team – Water Sector Infrastructure"", ""discipline"": ""Public Works"", ""type_code"": ""7-508-1257"", ""kind"": ""Team"", ""reference_url"": ""https://rtlt.preptoolkit.fema.gov/Public/Resource/View/7-508-1257"", ""notes"": """", ""typed_level"": ""Type I""}, {""nims_name"": ""Plant Utility Control Systems Team – Water Sector Infrastructure"", ""discipline"": ""Public Works"", ""type_code"": ""7-508-1257"", ""kind"": ""Team"", ""reference_url"": ""https://rtlt.preptoolkit.fema.gov/Public/Resource/View/7-508-1257"", ""notes"": """", ""typed_level"": ""Type II""}, {""nims_name"": ""Plant Utility Control Systems Team – Water Sector Infrastructure"", ""discipline"": ""Public Works"", ""type_code"": ""7-508-1257"", ""kind"": ""Team"", ""reference_url"": ""https://rtlt.preptoolkit.fema.gov/Public/Resource/View/7-508-1257"", ""notes"": """", ""typed_level"": ""Type III""}]"
113,Portable Pump,Portable Pump,Equipment,FEMA/NIMS,FEMA / NIMS,"The Portable Pump is available in several volume and pressure ratings, which can be taken to a water source and used for fire suppression, rescue, de-watering, or other specialized functions Resource Category Fire/Hazardous Materials Primary",each,1.0,,False,False,True,,2026-06-10T02:32:16,2026-06-10T02:32:16,fema_seed,fema_seed,[],[10],"[""Structural Firefighting""]",[],"[{""nims_name"": ""Portable Pump"", ""discipline"": ""Fire / Hazardous Materials"", ""type_code"": ""4-508-1285"", ""kind"": ""Equipment"", ""reference_url"": ""https://rtlt.preptoolkit.fema.gov/Public/Resource/View/4-508-1285"", ""notes"": """", ""typed_level"": ""Type I""}, {""nims_name"": ""Portable Pump"", ""discipline"": ""Fire / Hazardous Materials"", ""type_code"": ""4-508-1285"", ""kind"": ""Equipment"", ""reference_url"": ""https://rtlt.preptoolkit.fema.gov/Public/Resource/View/4-508-1285"", ""notes"": """", ""typed_level"": ""Type II""}, {""nims_name"": ""Portable Pump"", ""discipline"": ""Fire / Hazardous Materials"", ""type_code"": ""4-508-1285"", ""kind"": ""Equipment"", ""reference_url"": ""https://rtlt.preptoolkit.fema.gov/Public/Resource/View/4-508-1285"", ""notes"": """", ""typed_level"": ""Type III""}]"
114,Post-Disaster Building Safety Evaluation Team,Post-Disaster Building Safety Evaluation Team,Team,FEMA/NIMS,FEMA / NIMS,The Post-Disaster Building Safety Evaluation Team (Evaluation Team) conducts evaluations of damaged or potentially damaged buildings to evaluate safety and habitability for continued use and to assess the need for restricted or prohibited entry Resource Category Emergency Management Primary,each,1.0,,False,False,True,,2026-06-10T02:32:16,2026-06-10T02:32:16,fema_seed,fema_seed,[],"[45, 50, 55]","[""Planning / Intelligence"", ""EOC Operations"", ""Damage Assessment""]",[],"[{""nims_name"": ""Post-Disaster Building Safety Evaluation Team"", ""discipline"": ""Emergency Management"", ""type_code"": ""10-508-1261"", ""kind"": ""Team"", ""reference_url"": ""https://rtlt.preptoolkit.fema.gov/Public/Resource/View/10-508-1261"", ""notes"": """", ""typed_level"": ""Type I""}, {""nims_name"": ""Post-Disaster Building Safety Evaluation Team"", ""discipline"": ""Emergency Management"", ""type_code"": ""10-508-1261"", ""kind"": ""Team"", ""reference_url"": ""https://rtlt.preptoolkit.fema.gov/Public/Resource/View/10-508-1261"", ""notes"": """", ""typed_level"": ""Type II""}, {""nims_name"": ""Post-Disaster Building Safety Evaluation Team"", ""discipline"": ""Emergency Management"", ""type_code"": ""10-508-1261"", ""kind"": ""Team"", ""reference_url"": ""https://rtlt.preptoolkit.fema.gov/Public/Resource/View/10-508-1261"", ""notes"": """", ""typed_level"": ""Type III""}]"
115,Preventive Radiological Nuclear Detection Team,Preventive Radiological Nuclear Detection Team,Team,FEMA/NIMS,FEMA / NIMS,A Preventive Radiological Nuclear Detection Team is comprised of public safety,each,1.0,,False,False,True,,2026-06-10T02:32:16,2026-06-10T02:32:16,fema_seed,fema_seed,[],[15],"[""CBRN Detection""]",[],"[{""nims_name"": ""Preventive Radiological Nuclear Detection Team"", ""discipline"": ""Prevention"", ""type_code"": ""0-508-1178"", ""kind"": ""Team"", ""reference_url"": ""https://rtlt.preptoolkit.fema.gov/Public/Resource/View/0-508-1178"", ""notes"": """", ""typed_level"": ""Type I""}, {""nims_name"": ""Preventive Radiological Nuclear Detection Team"", ""discipline"": ""Prevention"", ""type_code"": ""0-508-1178"", ""kind"": ""Team"", ""reference_url"": ""https://rtlt.preptoolkit.fema.gov/Public/Resource/View/0-508-1178"", ""notes"": """", ""typed_level"": ""Type II""}, {""nims_name"": ""Preventive Radiological Nuclear Detection Team"", ""discipline"": ""Prevention"", ""type_code"": ""0-508-1178"", ""kind"": ""Team"", ""reference_url"": ""https://rtlt.preptoolkit.fema.gov/Public/Resource/View/0-508-1178"", ""notes"": """", ""typed_level"": ""Type III""}, {""nims_name"": ""Preventive Radiological Nuclear Detection Team"", ""discipline"": ""Prevention"", ""type_code"": ""0-508-1178"", ""kind"": ""Team"", ""reference_url"": ""https://rtlt.preptoolkit.fema.gov/Public/Resource/View/0-508-1178"", ""notes"": """", ""typed_level"": ""Type IV""}]"
116,Public Health and Medical Systems Assessment Team,Public Health and Medical Systems Assessment Team,Team,FEMA/NIMS,FEMA / NIMS,,each,1.0,,False,False,True,,2026-06-10T02:32:16,2026-06-10T02:32:16,fema_seed,fema_seed,[],"[19, 22]","[""Mass Casualty Operations"", ""Public Health Surveillance""]",[],"[{""nims_name"": ""Public Health and Medical Systems Assessment Team"", ""discipline"": ""Medical and Public Health"", ""type_code"": ""12-508-1144"", ""kind"": ""Team"", ""reference_url"": ""https://rtlt.preptoolkit.fema.gov/Public/Resource/View/12-508-1144"", ""notes"": """", ""typed_level"": ""Type I""}, {""nims_name"": ""Public Health and Medical Systems Assessment Team"", ""discipline"": ""Medical and Public Health"", ""type_code"": ""12-508-1144"", ""kind"": ""Team"", ""reference_url"": ""https://rtlt.preptoolkit.fema.gov/Public/Resource/View/12-508-1144"", ""notes"": """", ""typed_level"": ""Type III""}]"
117,Public Health and Medical Team in a Shelter,Public Health and Medical Team in a Shelter,Team,FEMA/NIMS,FEMA / NIMS,Provides public health preventive services and medical support to shelter occupants Resource Category Medical and Public Health Primary,each,1.0,,False,False,True,,2026-06-10T02:32:16,2026-06-10T02:32:16,fema_seed,fema_seed,[],"[19, 22, 57, 61]","[""Mass Casualty Operations"", ""Public Health Surveillance"", ""Emergency Shelter Operations"", ""Access and Functional Needs Support""]",[],"[{""nims_name"": ""Public Health and Medical Team in a Shelter"", ""discipline"": ""Medical and Public Health"", ""type_code"": ""12-508-1143"", ""kind"": ""Team"", ""reference_url"": ""https://rtlt.preptoolkit.fema.gov/Public/Resource/View/12-508-1143"", ""notes"": """", ""typed_level"": ""Type I""}]"
118,Public Safety Dive Team,Public Safety Dive Team,Team,FEMA/NIMS,FEMA / NIMS,"The Public Safety Dive Team is a group of divers who perform underwater functions, including search and recovery for evidence and remains Resource Category Law Enforcement Operations Primary",each,1.0,,False,False,True,,2026-06-10T02:32:16,2026-06-10T02:32:16,fema_seed,fema_seed,[],[6],"[""Dive / Underwater Search""]",[],"[{""nims_name"": ""Public Safety Dive Team"", ""discipline"": ""Law Enforcement Operations"", ""type_code"": ""6-508-1005"", ""kind"": ""Team"", ""reference_url"": ""https://rtlt.preptoolkit.fema.gov/Public/Resource/View/6-508-1005"", ""notes"": """", ""typed_level"": ""Type I""}, {""nims_name"": ""Public Safety Dive Team"", ""discipline"": ""Law Enforcement Operations"", ""type_code"": ""6-508-1005"", ""kind"": ""Team"", ""reference_url"": ""https://rtlt.preptoolkit.fema.gov/Public/Resource/View/6-508-1005"", ""notes"": """", ""typed_level"": ""Type II""}, {""nims_name"": ""Public Safety Dive Team"", ""discipline"": ""Law Enforcement Operations"", ""type_code"": ""6-508-1005"", ""kind"": ""Team"", ""reference_url"": ""https://rtlt.preptoolkit.fema.gov/Public/Resource/View/6-508-1005"", ""notes"": """", ""typed_level"": ""Type III""}, {""nims_name"": ""Public Safety Dive Team"", ""discipline"": ""Law Enforcement Operations"", ""type_code"": ""6-508-1005"", ""kind"": ""Team"", ""reference_url"": ""https://rtlt.preptoolkit.fema.gov/Public/Resource/View/6-508-1005"", ""notes"": """", ""typed_level"": ""Type IV""}]"
119,Public Works Support Team,Public Works Support Team,Team,FEMA/NIMS,FEMA / NIMS,The Public Works Support Team supplements local public works management during incident response and recovery operations. Resource Category Public Works Primary,each,1.0,,False,False,True,,2026-06-10T02:32:16,2026-06-10T02:32:16,fema_seed,fema_seed,[],"[52, 55]","[""Water Supply and Distribution"", ""Damage Assessment""]",[],"[{""nims_name"": ""Public Works Support Team"", ""discipline"": ""Public Works"", ""type_code"": ""7-508-1244"", ""kind"": ""Team"", ""reference_url"": ""https://rtlt.preptoolkit.fema.gov/Public/Resource/View/7-508-1244"", ""notes"": """", ""typed_level"": ""Type I""}]"
120,Quint Fire Apparatus,Quint Fire Apparatus,Equipment,FEMA/NIMS,FEMA / NIMS,"The Quint Fire Apparatus is a specialized fire apparatus with permanently mounted fire pump, a water tank, a hose storage area, an aerial ladder or elevating platform with a permanently mounted waterway, and a complement of ground ladders Resource Category Fire/Hazardous Materials Primary",each,1.0,,False,False,True,,2026-06-10T02:32:16,2026-06-10T02:32:16,fema_seed,fema_seed,[],[10],"[""Structural Firefighting""]",[],"[{""nims_name"": ""Quint Fire Apparatus"", ""discipline"": ""Fire / Hazardous Materials"", ""type_code"": ""4-508-1286"", ""kind"": ""Equipment"", ""reference_url"": ""https://rtlt.preptoolkit.fema.gov/Public/Resource/View/4-508-1286"", ""notes"": """", ""typed_level"": ""Type I""}, {""nims_name"": ""Quint Fire Apparatus"", ""discipline"": ""Fire / Hazardous Materials"", ""type_code"": ""4-508-1286"", ""kind"": ""Equipment"", ""reference_url"": ""https://rtlt.preptoolkit.fema.gov/Public/Resource/View/4-508-1286"", ""notes"": """", ""typed_level"": ""Type II""}, {""nims_name"": ""Quint Fire Apparatus"", ""discipline"": ""Fire / Hazardous Materials"", ""type_code"": ""4-508-1286"", ""kind"": ""Equipment"", ""reference_url"": ""https://rtlt.preptoolkit.fema.gov/Public/Resource/View/4-508-1286"", ""notes"": """", ""typed_level"": ""Type III""}]"
121,Radio Direction Finding Team,Radio Direction Finding Team,Team,FEMA/NIMS,FEMA / NIMS,The Radio Direction Finding Team conducts electronic direction-finding operations in support of search and rescue (SAR) efforts Resource Category Search and Rescue Primary,each,1.0,,False,False,True,,2026-06-10T02:32:16,2026-06-10T02:32:16,fema_seed,fema_seed,[],[31],"[""Voice Radio Communications""]",[],"[{""nims_name"": ""Radio Direction Finding Team"", ""discipline"": ""Search and Rescue"", ""type_code"": ""8-508-1019"", ""kind"": ""Team"", ""reference_url"": ""https://rtlt.preptoolkit.fema.gov/Public/Resource/View/8-508-1019"", ""notes"": """", ""typed_level"": ""Type I""}, {""nims_name"": ""Radio Direction Finding Team"", ""discipline"": ""Search and Rescue"", ""type_code"": ""8-508-1019"", ""kind"": ""Team"", ""reference_url"": ""https://rtlt.preptoolkit.fema.gov/Public/Resource/View/8-508-1019"", ""notes"": """", ""typed_level"": ""Type II""}]"
122,Radio-Isotope Identification Device,Radio-Isotope Identification Device,Equipment,FEMA/NIMS,FEMA / NIMS,"The Radio-Isotope Identification Device is a portable radiation detector, also known as a radionuclide identifier, with gamma spectroscopic capabilities and neutron indication Resource Category Prevention Primary",each,1.0,,False,False,True,,2026-06-10T02:32:16,2026-06-10T02:32:16,fema_seed,fema_seed,[],[15],"[""CBRN Detection""]",[],"[{""nims_name"": ""Radio-Isotope Identification Device"", ""discipline"": ""Prevention"", ""type_code"": ""0-508-1181"", ""kind"": ""Equipment"", ""reference_url"": ""https://rtlt.preptoolkit.fema.gov/Public/Resource/View/0-508-1181"", ""notes"": """", ""typed_level"": ""Type I""}, {""nims_name"": ""Radio-Isotope Identification Device"", ""discipline"": ""Prevention"", ""type_code"": ""0-508-1181"", ""kind"": ""Equipment"", ""reference_url"": ""https://rtlt.preptoolkit.fema.gov/Public/Resource/View/0-508-1181"", ""notes"": """", ""typed_level"": ""Type II""}]"
123,Radiological Services Team,Radiological Services Team,Team,FEMA/NIMS,FEMA / NIMS,,each,1.0,,False,False,True,,2026-06-10T02:32:16,2026-06-10T02:32:16,fema_seed,fema_seed,[],"[15, 19, 22]","[""CBRN Detection"", ""Mass Casualty Operations"", ""Public Health Surveillance""]",[],"[{""nims_name"": ""Radiological Services Team"", ""discipline"": ""Medical and Public Health"", ""type_code"": ""12-508-1243"", ""kind"": ""Team"", ""reference_url"": ""https://rtlt.preptoolkit.fema.gov/Public/Resource/View/12-508-1243"", ""notes"": """", ""typed_level"": ""Type I""}, {""nims_name"": ""Radiological Services Team"", ""discipline"": ""Medical and Public Health"", ""type_code"": ""12-508-1243"", ""kind"": ""Team"", ""reference_url"": ""https://rtlt.preptoolkit.fema.gov/Public/Resource/View/12-508-1243"", ""notes"": """", ""typed_level"": ""Type II""}]"
124,Rapid Needs Assessment Team,Rapid Needs Assessment Team,Team,FEMA/NIMS,FEMA / NIMS,"The Rapid Needs Assessment (RNA) Team conducts rapid assessment on life safety issues, critical infrastructure status and human needs Resource Category Damage Assessment Primary",each,1.0,,False,False,True,,2026-06-10T02:32:16,2026-06-10T02:32:16,fema_seed,fema_seed,[],[55],"[""Damage Assessment""]",[],"[{""nims_name"": ""Rapid Needs Assessment Team"", ""discipline"": ""Damage Assessment"", ""type_code"": ""21-508-1260"", ""kind"": ""Team"", ""reference_url"": ""https://rtlt.preptoolkit.fema.gov/Public/Resource/View/21-508-1260"", ""notes"": """", ""typed_level"": ""Type I""}, {""nims_name"": ""Rapid Needs Assessment Team"", ""discipline"": ""Damage Assessment"", ""type_code"": ""21-508-1260"", ""kind"": ""Team"", ""reference_url"": ""https://rtlt.preptoolkit.fema.gov/Public/Resource/View/21-508-1260"", ""notes"": """", ""typed_level"": ""Type II""}]"
125,"Receiving, Staging, and Storage Task Force","Receiving, Staging, and Storage Task Force",Team,FEMA/NIMS,FEMA / NIMS,,each,1.0,,False,False,True,,2026-06-10T02:32:16,2026-06-10T02:32:16,fema_seed,fema_seed,[],"[19, 22, 40, 42]","[""Mass Casualty Operations"", ""Public Health Surveillance"", ""Base Camp / Staging Support"", ""Supply Chain / Ordering""]",[],"[{""nims_name"": ""Receiving, Staging, and Storage Task Force"", ""discipline"": ""Medical and Public Health"", ""type_code"": ""12-508-1137"", ""kind"": ""Team"", ""reference_url"": ""https://rtlt.preptoolkit.fema.gov/Public/Resource/View/12-508-1137"", ""notes"": """", ""typed_level"": ""Type I""}]"
126,Repair and Start-Up Team – Wastewater Treatment Facility,Repair and Start-Up Team – Wastewater Treatment Facility,Team,FEMA/NIMS,FEMA / NIMS,"The Repair and Start-Up Team – Wastewater Treatment Facility repairs all types of wastewater treatment facilities, making them operational Resource Category Public Works Primary",each,1.0,,False,False,True,,2026-06-10T02:32:16,2026-06-10T02:32:16,fema_seed,fema_seed,[],[52],"[""Water Supply and Distribution""]",[],"[{""nims_name"": ""Repair and Start-Up Team – Wastewater Treatment Facility"", ""discipline"": ""Public Works"", ""type_code"": ""7-508-1258"", ""kind"": ""Team"", ""reference_url"": ""https://rtlt.preptoolkit.fema.gov/Public/Resource/View/7-508-1258"", ""notes"": """", ""typed_level"": ""Type I""}]"
127,Repair and Start-Up Team – Water Treatment Facility,Repair and Start-Up Team – Water Treatment Facility,Team,FEMA/NIMS,FEMA / NIMS,The Repair and Start-Up Team – Water Treatment Facility repairs all types of water treatment facilities Resource Category Public Works Primary,each,1.0,,False,False,True,,2026-06-10T02:32:16,2026-06-10T02:32:16,fema_seed,fema_seed,[],[52],"[""Water Supply and Distribution""]",[],"[{""nims_name"": ""Repair and Start-Up Team – Water Treatment Facility"", ""discipline"": ""Public Works"", ""type_code"": ""7-508-1154"", ""kind"": ""Team"", ""reference_url"": ""https://rtlt.preptoolkit.fema.gov/Public/Resource/View/7-508-1154"", ""notes"": """", ""typed_level"": ""Type I""}]"
128,Repair and Start-Up Team Lift and Pump Stations – Wastewater Facility,Repair and Start-Up Team Lift and Pump Stations – Wastewater Facility,Team,FEMA/NIMS,FEMA / NIMS,The Repair and Start-Up Team Lift and Pump Stations – Wastewater Facility repairs wastewater lift and pump stations Resource Category Public Works Primary,each,1.0,,False,False,True,,2026-06-10T02:32:16,2026-06-10T02:32:16,fema_seed,fema_seed,[],[52],"[""Water Supply and Distribution""]",[],"[{""nims_name"": ""Repair and Start-Up Team Lift and Pump Stations – Wastewater Facility"", ""discipline"": ""Public Works"", ""type_code"": ""7-508-1059"", ""kind"": ""Team"", ""reference_url"": ""https://rtlt.preptoolkit.fema.gov/Public/Resource/View/7-508-1059"", ""notes"": """", ""typed_level"": ""Type I""}, {""nims_name"": ""Repair and Start-Up Team Lift and Pump Stations – Wastewater Facility"", ""discipline"": ""Public Works"", ""type_code"": ""7-508-1059"", ""kind"": ""Team"", ""reference_url"": ""https://rtlt.preptoolkit.fema.gov/Public/Resource/View/7-508-1059"", ""notes"": """", ""typed_level"": ""Type II""}, {""nims_name"": ""Repair and Start-Up Team Lift and Pump Stations – Wastewater Facility"", ""discipline"": ""Public Works"", ""type_code"": ""7-508-1059"", ""kind"": ""Team"", ""reference_url"": ""https://rtlt.preptoolkit.fema.gov/Public/Resource/View/7-508-1059"", ""notes"": """", ""typed_level"": ""Type III""}]"
129,Repair and Start-Up Team Water Pump Facilities – Water Production,Repair and Start-Up Team Water Pump Facilities – Water Production,Team,FEMA/NIMS,FEMA / NIMS,The Repair and Start-Up Team Water Pump Facilities – Water Production repairs water pump facilities Resource Category Public Works Primary,each,1.0,,False,False,True,,2026-06-10T02:32:16,2026-06-10T02:32:16,fema_seed,fema_seed,[],[52],"[""Water Supply and Distribution""]",[],"[{""nims_name"": ""Repair and Start-Up Team Water Pump Facilities – Water Production"", ""discipline"": ""Public Works"", ""type_code"": ""7-508-1145"", ""kind"": ""Team"", ""reference_url"": ""https://rtlt.preptoolkit.fema.gov/Public/Resource/View/7-508-1145"", ""notes"": """", ""typed_level"": ""Type I""}, {""nims_name"": ""Repair and Start-Up Team Water Pump Facilities – Water Production"", ""discipline"": ""Public Works"", ""type_code"": ""7-508-1145"", ""kind"": ""Team"", ""reference_url"": ""https://rtlt.preptoolkit.fema.gov/Public/Resource/View/7-508-1145"", ""notes"": """", ""typed_level"": ""Type II""}, {""nims_name"": ""Repair and Start-Up Team Water Pump Facilities – Water Production"", ""discipline"": ""Public Works"", ""type_code"": ""7-508-1145"", ""kind"": ""Team"", ""reference_url"": ""https://rtlt.preptoolkit.fema.gov/Public/Resource/View/7-508-1145"", ""notes"": """", ""typed_level"": ""Type III""}]"
130,Repair Team – Water Distribution System,Repair Team – Water Distribution System,Team,FEMA/NIMS,FEMA / NIMS,"The Repair Team – Water Distribution System repairs system mains, valves, hydrants and other parts of the water distribution infrastructure Resource Category Public Works Primary",each,1.0,,False,False,True,,2026-06-10T02:32:16,2026-06-10T02:32:16,fema_seed,fema_seed,[],[52],"[""Water Supply and Distribution""]",[],"[{""nims_name"": ""Repair Team – Water Distribution System"", ""discipline"": ""Public Works"", ""type_code"": ""7-508-1201"", ""kind"": ""Team"", ""reference_url"": ""https://rtlt.preptoolkit.fema.gov/Public/Resource/View/7-508-1201"", ""notes"": """", ""typed_level"": ""Type I""}, {""nims_name"": ""Repair Team – Water Distribution System"", ""discipline"": ""Public Works"", ""type_code"": ""7-508-1201"", ""kind"": ""Team"", ""reference_url"": ""https://rtlt.preptoolkit.fema.gov/Public/Resource/View/7-508-1201"", ""notes"": """", ""typed_level"": ""Type II""}, {""nims_name"": ""Repair Team – Water Distribution System"", ""discipline"": ""Public Works"", ""type_code"": ""7-508-1201"", ""kind"": ""Team"", ""reference_url"": ""https://rtlt.preptoolkit.fema.gov/Public/Resource/View/7-508-1201"", ""notes"": """", ""typed_level"": ""Type III""}, {""nims_name"": ""Repair Team – Water Distribution System"", ""discipline"": ""Public Works"", ""type_code"": ""7-508-1201"", ""kind"": ""Team"", ""reference_url"": ""https://rtlt.preptoolkit.fema.gov/Public/Resource/View/7-508-1201"", ""notes"": """", ""typed_level"": ""Type IV""}]"
131,Repair Team Sewer Mains – Wastewater,Repair Team Sewer Mains – Wastewater,Team,FEMA/NIMS,FEMA / NIMS,The Repair Team Sewer Mains – Wastewater repairs all types of wastewater mains and some related assets Resource Category Public Works Primary,each,1.0,,False,False,True,,2026-06-10T02:32:16,2026-06-10T02:32:16,fema_seed,fema_seed,[],[52],"[""Water Supply and Distribution""]",[],"[{""nims_name"": ""Repair Team Sewer Mains – Wastewater"", ""discipline"": ""Public Works"", ""type_code"": ""7-508-1146"", ""kind"": ""Team"", ""reference_url"": ""https://rtlt.preptoolkit.fema.gov/Public/Resource/View/7-508-1146"", ""notes"": """", ""typed_level"": ""Type I""}, {""nims_name"": ""Repair Team Sewer Mains – Wastewater"", ""discipline"": ""Public Works"", ""type_code"": ""7-508-1146"", ""kind"": ""Team"", ""reference_url"": ""https://rtlt.preptoolkit.fema.gov/Public/Resource/View/7-508-1146"", ""notes"": """", ""typed_level"": ""Type II""}, {""nims_name"": ""Repair Team Sewer Mains – Wastewater"", ""discipline"": ""Public Works"", ""type_code"": ""7-508-1146"", ""kind"": ""Team"", ""reference_url"": ""https://rtlt.preptoolkit.fema.gov/Public/Resource/View/7-508-1146"", ""notes"": """", ""typed_level"": ""Type III""}]"
132,Sewer System Cleaning – Wastewater,Sewer System Cleaning – Wastewater,Equipment,FEMA/NIMS,FEMA / NIMS,Sewer System Cleaning – Wastewater is equipment for cleaning wastewater sewer system infrastructure Resource Category Public Works Primary,each,1.0,,False,False,True,,2026-06-10T02:32:16,2026-06-10T02:32:16,fema_seed,fema_seed,[],[52],"[""Water Supply and Distribution""]",[],"[{""nims_name"": ""Sewer System Cleaning – Wastewater"", ""discipline"": ""Public Works"", ""type_code"": ""7-508-1208"", ""kind"": ""Equipment"", ""reference_url"": ""https://rtlt.preptoolkit.fema.gov/Public/Resource/View/7-508-1208"", ""notes"": """", ""typed_level"": ""Type I""}, {""nims_name"": ""Sewer System Cleaning – Wastewater"", ""discipline"": ""Public Works"", ""type_code"": ""7-508-1208"", ""kind"": ""Equipment"", ""reference_url"": ""https://rtlt.preptoolkit.fema.gov/Public/Resource/View/7-508-1208"", ""notes"": """", ""typed_level"": ""Type II""}, {""nims_name"": ""Sewer System Cleaning – Wastewater"", ""discipline"": ""Public Works"", ""type_code"": ""7-508-1208"", ""kind"": ""Equipment"", ""reference_url"": ""https://rtlt.preptoolkit.fema.gov/Public/Resource/View/7-508-1208"", ""notes"": """", ""typed_level"": ""Type III""}]"
133,Sewer System Closed Circuit Television Team – Wastewater,Sewer System Closed Circuit Television Team – Wastewater,Team,FEMA/NIMS,FEMA / NIMS,The Sewer System Closed Circuit Television (CCTV) Team – Wastewater provides nondestructive CCTV services to facilitate sewer system inspections Resource Category Public Works Primary,each,1.0,,False,False,True,,2026-06-10T02:32:16,2026-06-10T02:32:16,fema_seed,fema_seed,[],[52],"[""Water Supply and Distribution""]",[],"[{""nims_name"": ""Sewer System Closed Circuit Television Team – Wastewater"", ""discipline"": ""Public Works"", ""type_code"": ""7-508-1207"", ""kind"": ""Team"", ""reference_url"": ""https://rtlt.preptoolkit.fema.gov/Public/Resource/View/7-508-1207"", ""notes"": """", ""typed_level"": ""Type I""}]"
134,Shelter Facility Selection Team,Shelter Facility Selection Team,Team,FEMA/NIMS,FEMA / NIMS,,each,1.0,,False,False,True,,2026-06-10T02:32:16,2026-06-10T02:32:16,fema_seed,fema_seed,[],"[57, 58, 61]","[""Emergency Shelter Operations"", ""Evacuation Support"", ""Access and Functional Needs Support""]",[],"[{""nims_name"": ""Shelter Facility Selection Team"", ""discipline"": ""Mass Care Services"", ""type_code"": ""9-508-1196"", ""kind"": ""Team"", ""reference_url"": ""https://rtlt.preptoolkit.fema.gov/Public/Resource/View/9-508-1196"", ""notes"": """", ""typed_level"": ""Type I""}]"
135,Shelter Management Team,Shelter Management Team,Team,FEMA/NIMS,FEMA / NIMS,"The Shelter Management Team coordinates and manages resources in a congregate care facility, to provide a safe, accessible, and secure shelter environment for disaster survivors Resource Category Mass Care Services Primary",each,1.0,,False,False,True,,2026-06-10T02:32:16,2026-06-10T02:32:16,fema_seed,fema_seed,[],"[57, 58, 61]","[""Emergency Shelter Operations"", ""Evacuation Support"", ""Access and Functional Needs Support""]",[],"[{""nims_name"": ""Shelter Management Team"", ""discipline"": ""Mass Care Services"", ""type_code"": ""9-508-1155"", ""kind"": ""Team"", ""reference_url"": ""https://rtlt.preptoolkit.fema.gov/Public/Resource/View/9-508-1155"", ""notes"": """", ""typed_level"": ""Type I""}, {""nims_name"": ""Shelter Management Team"", ""discipline"": ""Mass Care Services"", ""type_code"": ""9-508-1155"", ""kind"": ""Team"", ""reference_url"": ""https://rtlt.preptoolkit.fema.gov/Public/Resource/View/9-508-1155"", ""notes"": """", ""typed_level"": ""Type II""}, {""nims_name"": ""Shelter Management Team"", ""discipline"": ""Mass Care Services"", ""type_code"": ""9-508-1155"", ""kind"": ""Team"", ""reference_url"": ""https://rtlt.preptoolkit.fema.gov/Public/Resource/View/9-508-1155"", ""notes"": """", ""typed_level"": ""Type III""}, {""nims_name"": ""Shelter Management Team"", ""discipline"": ""Mass Care Services"", ""type_code"": ""9-508-1155"", ""kind"": ""Team"", ""reference_url"": ""https://rtlt.preptoolkit.fema.gov/Public/Resource/View/9-508-1155"", ""notes"": """", ""typed_level"": ""Type IV""}]"
136,Short-Term Shelter,Short-Term Shelter,Facility,FEMA/NIMS,FEMA / NIMS,"A Short-Term Shelter is in an existing facility (or facilities), such as a school, community center, convention center or church temporarily converted to provide safe, accessible and secure short- term housing for disaster survivors Resource Category Mass Care Services Primary",each,1.0,,False,False,True,,2026-06-10T02:32:16,2026-06-10T02:32:16,fema_seed,fema_seed,[],"[40, 57, 58, 61]","[""Base Camp / Staging Support"", ""Emergency Shelter Operations"", ""Evacuation Support"", ""Access and Functional Needs Support""]",[],"[{""nims_name"": ""Short-Term Shelter"", ""discipline"": ""Mass Care Services"", ""type_code"": ""9-508-1197"", ""kind"": ""Facility"", ""reference_url"": ""https://rtlt.preptoolkit.fema.gov/Public/Resource/View/9-508-1197"", ""notes"": """", ""typed_level"": ""Type I""}, {""nims_name"": ""Short-Term Shelter"", ""discipline"": ""Mass Care Services"", ""type_code"": ""9-508-1197"", ""kind"": ""Facility"", ""reference_url"": ""https://rtlt.preptoolkit.fema.gov/Public/Resource/View/9-508-1197"", ""notes"": """", ""typed_level"": ""Type II""}, {""nims_name"": ""Short-Term Shelter"", ""discipline"": ""Mass Care Services"", ""type_code"": ""9-508-1197"", ""kind"": ""Facility"", ""reference_url"": ""https://rtlt.preptoolkit.fema.gov/Public/Resource/View/9-508-1197"", ""notes"": """", ""typed_level"": ""Type III""}, {""nims_name"": ""Short-Term Shelter"", ""discipline"": ""Mass Care Services"", ""type_code"": ""9-508-1197"", ""kind"": ""Facility"", ""reference_url"": ""https://rtlt.preptoolkit.fema.gov/Public/Resource/View/9-508-1197"", ""notes"": """", ""typed_level"": ""Type IV""}]"
137,Small Unmanned Aircraft System (sUAS) Team,Small Unmanned Aircraft System (sUAS) Team,Team,FEMA/NIMS,FEMA / NIMS,,each,1.0,,False,False,True,,2026-06-10T02:32:16,2026-06-10T02:32:16,fema_seed,fema_seed,[],"[38, 45, 46, 50]","[""Air Transport"", ""Planning / Intelligence"", ""Operations Coordination"", ""EOC Operations""]",[],"[{""nims_name"": ""Small Unmanned Aircraft System (sUAS) Team"", ""discipline"": ""Incident Management"", ""type_code"": ""2-508-1246"", ""kind"": ""Team"", ""reference_url"": ""https://rtlt.preptoolkit.fema.gov/Public/Resource/View/2-508-1246"", ""notes"": """", ""typed_level"": ""Type I""}, {""nims_name"": ""Small Unmanned Aircraft System (sUAS) Team"", ""discipline"": ""Incident Management"", ""type_code"": ""2-508-1246"", ""kind"": ""Team"", ""reference_url"": ""https://rtlt.preptoolkit.fema.gov/Public/Resource/View/2-508-1246"", ""notes"": """", ""typed_level"": ""Type II""}]"
138,Special Weapons and Tactics Team,Special Weapons and Tactics Team,Team,FEMA/NIMS,FEMA / NIMS,The Special Weapons and Tactics (SWAT) Team provides increased law enforcement capabilities using specially trained and equipped tactical officers to prevent or respond to high-risk emergency incidents Resource Category Law Enforcement Operations Primary,each,1.0,,False,False,True,,2026-06-10T02:32:16,2026-06-10T02:32:16,fema_seed,fema_seed,[],[25],"[""Tactical Law Enforcement""]",[],"[{""nims_name"": ""Special Weapons and Tactics Team"", ""discipline"": ""Law Enforcement Operations"", ""type_code"": ""6-508-1245"", ""kind"": ""Team"", ""reference_url"": ""https://rtlt.preptoolkit.fema.gov/Public/Resource/View/6-508-1245"", ""notes"": """", ""typed_level"": ""Type I""}, {""nims_name"": ""Special Weapons and Tactics Team"", ""discipline"": ""Law Enforcement Operations"", ""type_code"": ""6-508-1245"", ""kind"": ""Team"", ""reference_url"": ""https://rtlt.preptoolkit.fema.gov/Public/Resource/View/6-508-1245"", ""notes"": """", ""typed_level"": ""Type II""}, {""nims_name"": ""Special Weapons and Tactics Team"", ""discipline"": ""Law Enforcement Operations"", ""type_code"": ""6-508-1245"", ""kind"": ""Team"", ""reference_url"": ""https://rtlt.preptoolkit.fema.gov/Public/Resource/View/6-508-1245"", ""notes"": """", ""typed_level"": ""Type III""}]"
139,Specialty Services Team,Specialty Services Team,Team,FEMA/NIMS,FEMA / NIMS,Resource Category Medical and Public Health Primary,each,1.0,,False,False,True,,2026-06-10T02:32:16,2026-06-10T02:32:16,fema_seed,fema_seed,[],"[19, 22]","[""Mass Casualty Operations"", ""Public Health Surveillance""]",[],"[{""nims_name"": ""Specialty Services Team"", ""discipline"": ""Medical and Public Health"", ""type_code"": ""12-508-1141"", ""kind"": ""Team"", ""reference_url"": ""https://rtlt.preptoolkit.fema.gov/Public/Resource/View/12-508-1141"", ""notes"": """", ""typed_level"": ""Type I""}, {""nims_name"": ""Specialty Services Team"", ""discipline"": ""Medical and Public Health"", ""type_code"": ""12-508-1141"", ""kind"": ""Team"", ""reference_url"": ""https://rtlt.preptoolkit.fema.gov/Public/Resource/View/12-508-1141"", ""notes"": """", ""typed_level"": ""Type II""}]"
140,Stillwater/Flood Search and Rescue Team,Stillwater/Flood Search and Rescue Team,Team,FEMA/NIMS,FEMA / NIMS,"The Stillwater/Flood Search and Rescue (SAR) Team conducts search, rescue and recovery operations for humans and animals in stillwater and stillwater/flood environments. Resource Category Search and Rescue Primary",each,1.0,,False,False,True,,2026-06-10T02:32:16,2026-06-10T02:32:16,fema_seed,fema_seed,[],"[1, 5]","[""Technical Rescue"", ""Water / Swift Water Rescue""]",[],"[{""nims_name"": ""Stillwater/Flood Search and Rescue Team"", ""discipline"": ""Search and Rescue"", ""type_code"": ""8-508-1264"", ""kind"": ""Team"", ""reference_url"": ""https://rtlt.preptoolkit.fema.gov/Public/Resource/View/8-508-1264"", ""notes"": """", ""typed_level"": ""Type I""}, {""nims_name"": ""Stillwater/Flood Search and Rescue Team"", ""discipline"": ""Search and Rescue"", ""type_code"": ""8-508-1264"", ""kind"": ""Team"", ""reference_url"": ""https://rtlt.preptoolkit.fema.gov/Public/Resource/View/8-508-1264"", ""notes"": """", ""typed_level"": ""Type II""}, {""nims_name"": ""Stillwater/Flood Search and Rescue Team"", ""discipline"": ""Search and Rescue"", ""type_code"": ""8-508-1264"", ""kind"": ""Team"", ""reference_url"": ""https://rtlt.preptoolkit.fema.gov/Public/Resource/View/8-508-1264"", ""notes"": """", ""typed_level"": ""Type III""}]"
141,Structural Collapse Rescue Team,Structural Collapse Rescue Team,Team,FEMA/NIMS,FEMA / NIMS,The Structural Collapse Rescue Team conducts rescue operations in collapsed structures and debris fields resulting from natural or human causes. Resource Category Search and Rescue Primary,each,1.0,,False,False,True,,2026-06-10T02:32:16,2026-06-10T02:32:16,fema_seed,fema_seed,[],"[1, 2]","[""Technical Rescue"", ""Structural Collapse Search & Rescue""]",[],"[{""nims_name"": ""Structural Collapse Rescue Team"", ""discipline"": ""Search and Rescue"", ""type_code"": ""8-508-1159"", ""kind"": ""Team"", ""reference_url"": ""https://rtlt.preptoolkit.fema.gov/Public/Resource/View/8-508-1159"", ""notes"": """", ""typed_level"": ""Type I""}, {""nims_name"": ""Structural Collapse Rescue Team"", ""discipline"": ""Search and Rescue"", ""type_code"": ""8-508-1159"", ""kind"": ""Team"", ""reference_url"": ""https://rtlt.preptoolkit.fema.gov/Public/Resource/View/8-508-1159"", ""notes"": """", ""typed_level"": ""Type II""}, {""nims_name"": ""Structural Collapse Rescue Team"", ""discipline"": ""Search and Rescue"", ""type_code"": ""8-508-1159"", ""kind"": ""Team"", ""reference_url"": ""https://rtlt.preptoolkit.fema.gov/Public/Resource/View/8-508-1159"", ""notes"": """", ""typed_level"": ""Type III""}]"
142,Structural Collapse Search Team,Structural Collapse Search Team,Team,FEMA/NIMS,FEMA / NIMS,The Structural Collapse Search Team conducts search operations in collapsed structures and debris fields resulting from natural or human causes. Resource Category Search and Rescue Primary,each,1.0,,False,False,True,,2026-06-10T02:32:16,2026-06-10T02:32:16,fema_seed,fema_seed,[],"[1, 2]","[""Technical Rescue"", ""Structural Collapse Search & Rescue""]",[],"[{""nims_name"": ""Structural Collapse Search Team"", ""discipline"": ""Search and Rescue"", ""type_code"": ""8-508-1158"", ""kind"": ""Team"", ""reference_url"": ""https://rtlt.preptoolkit.fema.gov/Public/Resource/View/8-508-1158"", ""notes"": """", ""typed_level"": ""Type I""}, {""nims_name"": ""Structural Collapse Search Team"", ""discipline"": ""Search and Rescue"", ""type_code"": ""8-508-1158"", ""kind"": ""Team"", ""reference_url"": ""https://rtlt.preptoolkit.fema.gov/Public/Resource/View/8-508-1158"", ""notes"": """", ""typed_level"": ""Type II""}, {""nims_name"": ""Structural Collapse Search Team"", ""discipline"": ""Search and Rescue"", ""type_code"": ""8-508-1158"", ""kind"": ""Team"", ""reference_url"": ""https://rtlt.preptoolkit.fema.gov/Public/Resource/View/8-508-1158"", ""notes"": """", ""typed_level"": ""Type III""}]"
143,Support Water Tender – Firefighting (Tanker),Support Water Tender – Firefighting (Tanker),Equipment,FEMA/NIMS,FEMA / NIMS,The Support Water Tender – Firefighting (Tanker) is a vehicle capable of transporting specified quantities of water to support firefighting or other emergency operations Resource Category Fire/Hazardous Materials Primary,each,1.0,,False,False,True,,2026-06-10T02:32:16,2026-06-10T02:32:16,fema_seed,fema_seed,[],"[10, 52]","[""Structural Firefighting"", ""Water Supply and Distribution""]",[],"[{""nims_name"": ""Support Water Tender – Firefighting (Tanker)"", ""discipline"": ""Fire / Hazardous Materials"", ""type_code"": ""4-508-1287"", ""kind"": ""Equipment"", ""reference_url"": ""https://rtlt.preptoolkit.fema.gov/Public/Resource/View/4-508-1287"", ""notes"": """", ""typed_level"": ""Type I""}, {""nims_name"": ""Support Water Tender – Firefighting (Tanker)"", ""discipline"": ""Fire / Hazardous Materials"", ""type_code"": ""4-508-1287"", ""kind"": ""Equipment"", ""reference_url"": ""https://rtlt.preptoolkit.fema.gov/Public/Resource/View/4-508-1287"", ""notes"": """", ""typed_level"": ""Type II""}, {""nims_name"": ""Support Water Tender – Firefighting (Tanker)"", ""discipline"": ""Fire / Hazardous Materials"", ""type_code"": ""4-508-1287"", ""kind"": ""Equipment"", ""reference_url"": ""https://rtlt.preptoolkit.fema.gov/Public/Resource/View/4-508-1287"", ""notes"": """", ""typed_level"": ""Type III""}]"
144,Swiftwater/Flood Search and Rescue Team,Swiftwater/Flood Search and Rescue Team,Team,FEMA/NIMS,FEMA / NIMS,"The Swiftwater/Flood Search and Rescue (SAR) Team conducts search, rescue and recovery operations for humans and animals in swiftwater and swiftwater/flood environments. Resource Category Search and Rescue Primary",each,1.0,,False,False,True,,2026-06-10T02:32:16,2026-06-10T02:32:16,fema_seed,fema_seed,[],"[1, 5]","[""Technical Rescue"", ""Water / Swift Water Rescue""]",[],"[{""nims_name"": ""Swiftwater/Flood Search and Rescue Team"", ""discipline"": ""Search and Rescue"", ""type_code"": ""8-508-1020"", ""kind"": ""Team"", ""reference_url"": ""https://rtlt.preptoolkit.fema.gov/Public/Resource/View/8-508-1020"", ""notes"": """", ""typed_level"": ""Type I""}, {""nims_name"": ""Swiftwater/Flood Search and Rescue Team"", ""discipline"": ""Search and Rescue"", ""type_code"": ""8-508-1020"", ""kind"": ""Team"", ""reference_url"": ""https://rtlt.preptoolkit.fema.gov/Public/Resource/View/8-508-1020"", ""notes"": """", ""typed_level"": ""Type II""}, {""nims_name"": ""Swiftwater/Flood Search and Rescue Team"", ""discipline"": ""Search and Rescue"", ""type_code"": ""8-508-1020"", ""kind"": ""Team"", ""reference_url"": ""https://rtlt.preptoolkit.fema.gov/Public/Resource/View/8-508-1020"", ""notes"": """", ""typed_level"": ""Type III""}]"
145,System Flushing and Flow Testing Team – Water Distribution,System Flushing and Flow Testing Team – Water Distribution,Team,FEMA/NIMS,FEMA / NIMS,"The System Flushing and Flow Testing Team – Water Distribution conducts a flushing cleanout of water distribution pipes, tests the water supply throughout the distribution network and conducts basic water quality field testing Resource Category Public Works Primary",each,1.0,,False,False,True,,2026-06-10T02:32:16,2026-06-10T02:32:16,fema_seed,fema_seed,[],[52],"[""Water Supply and Distribution""]",[],"[{""nims_name"": ""System Flushing and Flow Testing Team – Water Distribution"", ""discipline"": ""Public Works"", ""type_code"": ""7-508-1205"", ""kind"": ""Team"", ""reference_url"": ""https://rtlt.preptoolkit.fema.gov/Public/Resource/View/7-508-1205"", ""notes"": """", ""typed_level"": ""Type I""}]"
146,Tactical Water Tender – Firefighting (Tanker),Tactical Water Tender – Firefighting (Tanker),Equipment,FEMA/NIMS,FEMA / NIMS,The Tactical Water Tender – Firefighting (Tanker) is a vehicle capable of transporting specified quantities of water to tactical firefighting or other emergency operations Resource Category Fire/Hazardous Materials Primary,each,1.0,,False,False,True,,2026-06-10T02:32:16,2026-06-10T02:32:16,fema_seed,fema_seed,[],"[10, 52]","[""Structural Firefighting"", ""Water Supply and Distribution""]",[],"[{""nims_name"": ""Tactical Water Tender – Firefighting (Tanker)"", ""discipline"": ""Fire / Hazardous Materials"", ""type_code"": ""4-508-1288"", ""kind"": ""Equipment"", ""reference_url"": ""https://rtlt.preptoolkit.fema.gov/Public/Resource/View/4-508-1288"", ""notes"": """", ""typed_level"": ""Type I""}, {""nims_name"": ""Tactical Water Tender – Firefighting (Tanker)"", ""discipline"": ""Fire / Hazardous Materials"", ""type_code"": ""4-508-1288"", ""kind"": ""Equipment"", ""reference_url"": ""https://rtlt.preptoolkit.fema.gov/Public/Resource/View/4-508-1288"", ""notes"": """", ""typed_level"": ""Type II""}]"
147,Urban Search and Rescue Incident Support Team,Urban Search and Rescue Incident Support Team,Team,FEMA/NIMS,FEMA / NIMS,,each,1.0,,False,False,True,,2026-06-10T02:32:16,2026-06-10T02:32:16,fema_seed,fema_seed,[],"[1, 2]","[""Technical Rescue"", ""Structural Collapse Search & Rescue""]",[],"[{""nims_name"": ""Urban Search and Rescue Incident Support Team"", ""discipline"": ""Search and Rescue"", ""type_code"": ""8-508-1266"", ""kind"": ""Team"", ""reference_url"": ""https://rtlt.preptoolkit.fema.gov/Public/Resource/View/8-508-1266"", ""notes"": """", ""typed_level"": ""Type I""}, {""nims_name"": ""Urban Search and Rescue Incident Support Team"", ""discipline"": ""Search and Rescue"", ""type_code"": ""8-508-1266"", ""kind"": ""Team"", ""reference_url"": ""https://rtlt.preptoolkit.fema.gov/Public/Resource/View/8-508-1266"", ""notes"": """", ""typed_level"": ""Type II""}, {""nims_name"": ""Urban Search and Rescue Incident Support Team"", ""discipline"": ""Search and Rescue"", ""type_code"": ""8-508-1266"", ""kind"": ""Team"", ""reference_url"": ""https://rtlt.preptoolkit.fema.gov/Public/Resource/View/8-508-1266"", ""notes"": """", ""typed_level"": ""Type III""}, {""nims_name"": ""Urban Search and Rescue Incident Support Team"", ""discipline"": ""Search and Rescue"", ""type_code"": ""8-508-1266"", ""kind"": ""Team"", ""reference_url"": ""https://rtlt.preptoolkit.fema.gov/Public/Resource/View/8-508-1266"", ""notes"": """", ""typed_level"": ""Type IV""}]"
148,Urban Search and Rescue Task Force,Urban Search and Rescue Task Force,Team,FEMA/NIMS,FEMA / NIMS,for FEMA US&R Search Manager within the National US&R Response System. 3. NIMS,each,1.0,,False,False,True,,2026-06-10T02:32:16,2026-06-10T02:32:16,fema_seed,fema_seed,[],"[1, 2]","[""Technical Rescue"", ""Structural Collapse Search & Rescue""]",[],"[{""nims_name"": ""Urban Search and Rescue Task Force"", ""discipline"": ""Search and Rescue"", ""type_code"": ""8-508-1262"", ""kind"": ""Team"", ""reference_url"": ""https://rtlt.preptoolkit.fema.gov/Public/Resource/View/8-508-1262"", ""notes"": """", ""typed_level"": ""Type I""}, {""nims_name"": ""Urban Search and Rescue Task Force"", ""discipline"": ""Search and Rescue"", ""type_code"": ""8-508-1262"", ""kind"": ""Team"", ""reference_url"": ""https://rtlt.preptoolkit.fema.gov/Public/Resource/View/8-508-1262"", ""notes"": """", ""typed_level"": ""Type II""}, {""nims_name"": ""Urban Search and Rescue Task Force"", ""discipline"": ""Search and Rescue"", ""type_code"": ""8-508-1262"", ""kind"": ""Team"", ""reference_url"": ""https://rtlt.preptoolkit.fema.gov/Public/Resource/View/8-508-1262"", ""notes"": """", ""typed_level"": ""Type III""}, {""nims_name"": ""Urban Search and Rescue Task Force"", ""discipline"": ""Search and Rescue"", ""type_code"": ""8-508-1262"", ""kind"": ""Team"", ""reference_url"": ""https://rtlt.preptoolkit.fema.gov/Public/Resource/View/8-508-1262"", ""notes"": """", ""typed_level"": ""Type IV""}]"
149,US&R Incident Support Team,US&R Incident Support Team,Team,FEMA/NIMS,FEMA / NIMS,Resource Category Search and Rescue Primary,each,1.0,,False,False,True,,2026-06-10T02:32:16,2026-06-10T02:32:16,fema_seed,fema_seed,[],"[1, 2]","[""Technical Rescue"", ""Structural Collapse Search & Rescue""]",[],"[{""nims_name"": ""US&R Incident Support Team"", ""discipline"": ""Search and Rescue"", ""type_code"": ""8-508-1021"", ""kind"": ""Team"", ""reference_url"": ""https://rtlt.preptoolkit.fema.gov/Public/Resource/View/8-508-1021"", ""notes"": """", ""typed_level"": ""Type I""}, {""nims_name"": ""US&R Incident Support Team"", ""discipline"": ""Search and Rescue"", ""type_code"": ""8-508-1021"", ""kind"": ""Team"", ""reference_url"": ""https://rtlt.preptoolkit.fema.gov/Public/Resource/View/8-508-1021"", ""notes"": """", ""typed_level"": ""Type II""}, {""nims_name"": ""US&R Incident Support Team"", ""discipline"": ""Search and Rescue"", ""type_code"": ""8-508-1021"", ""kind"": ""Team"", ""reference_url"": ""https://rtlt.preptoolkit.fema.gov/Public/Resource/View/8-508-1021"", ""notes"": """", ""typed_level"": ""Type III""}, {""nims_name"": ""US&R Incident Support Team"", ""discipline"": ""Search and Rescue"", ""type_code"": ""8-508-1021"", ""kind"": ""Team"", ""reference_url"": ""https://rtlt.preptoolkit.fema.gov/Public/Resource/View/8-508-1021"", ""notes"": """", ""typed_level"": ""Type IV""}]"
150,Vehicle-Mounted Radiological Nuclear Detection System,Vehicle-Mounted Radiological Nuclear Detection System,Equipment,FEMA/NIMS,FEMA / NIMS,"A Vehicle-Mounted Radiological Nuclear Detection System is vehicular platform-transported (such as by truck, boat or aircraft) instrument that detects radiological and nuclear material Resource Category Prevention Primary",each,1.0,,False,False,True,,2026-06-10T02:32:16,2026-06-10T02:32:16,fema_seed,fema_seed,[],[15],"[""CBRN Detection""]",[],"[{""nims_name"": ""Vehicle-Mounted Radiological Nuclear Detection System"", ""discipline"": ""Prevention"", ""type_code"": ""0-508-1182"", ""kind"": ""Equipment"", ""reference_url"": ""https://rtlt.preptoolkit.fema.gov/Public/Resource/View/0-508-1182"", ""notes"": """", ""typed_level"": ""Type I""}, {""nims_name"": ""Vehicle-Mounted Radiological Nuclear Detection System"", ""discipline"": ""Prevention"", ""type_code"": ""0-508-1182"", ""kind"": ""Equipment"", ""reference_url"": ""https://rtlt.preptoolkit.fema.gov/Public/Resource/View/0-508-1182"", ""notes"": """", ""typed_level"": ""Type II""}, {""nims_name"": ""Vehicle-Mounted Radiological Nuclear Detection System"", ""discipline"": ""Prevention"", ""type_code"": ""0-508-1182"", ""kind"": ""Equipment"", ""reference_url"": ""https://rtlt.preptoolkit.fema.gov/Public/Resource/View/0-508-1182"", ""notes"": """", ""typed_level"": ""Type III""}, {""nims_name"": ""Vehicle-Mounted Radiological Nuclear Detection System"", ""discipline"": ""Prevention"", ""type_code"": ""0-508-1182"", ""kind"": ""Equipment"", ""reference_url"": ""https://rtlt.preptoolkit.fema.gov/Public/Resource/View/0-508-1182"", ""notes"": """", ""typed_level"": ""Type IV""}]"
151,Veterinary Medical Team,Veterinary Medical Team,Team,FEMA/NIMS,FEMA / NIMS,"The Veterinary Medical Team provides care to animals in a field setting or an existing veterinary medical facility, such as a veterinary hospital, animal shelter, mobile medical unit or portable temporary hospital setting Resource Category Animal Emergency Response Primary",each,1.0,,False,False,True,,2026-06-10T02:32:16,2026-06-10T02:32:16,fema_seed,fema_seed,[],[64],"[""Veterinary Care""]",[],"[{""nims_name"": ""Veterinary Medical Team"", ""discipline"": ""Animal Emergency Response"", ""type_code"": ""1-508-1230"", ""kind"": ""Team"", ""reference_url"": ""https://rtlt.preptoolkit.fema.gov/Public/Resource/View/1-508-1230"", ""notes"": """", ""typed_level"": ""Type I""}, {""nims_name"": ""Veterinary Medical Team"", ""discipline"": ""Animal Emergency Response"", ""type_code"": ""1-508-1230"", ""kind"": ""Team"", ""reference_url"": ""https://rtlt.preptoolkit.fema.gov/Public/Resource/View/1-508-1230"", ""notes"": """", ""typed_level"": ""Type II""}, {""nims_name"": ""Veterinary Medical Team"", ""discipline"": ""Animal Emergency Response"", ""type_code"": ""1-508-1230"", ""kind"": ""Team"", ""reference_url"": ""https://rtlt.preptoolkit.fema.gov/Public/Resource/View/1-508-1230"", ""notes"": """", ""typed_level"": ""Type III""}, {""nims_name"": ""Veterinary Medical Team"", ""discipline"": ""Animal Emergency Response"", ""type_code"": ""1-508-1230"", ""kind"": ""Team"", ""reference_url"": ""https://rtlt.preptoolkit.fema.gov/Public/Resource/View/1-508-1230"", ""notes"": """", ""typed_level"": ""Type IV""}]"
152,Virtual Operations Support Team,Virtual Operations Support Team,Team,FEMA/NIMS,FEMA / NIMS,"The Virtual Operations Support Team (VOST) completes web-based missions to monitor, amplify, filter and develop web-based communication platforms for Incident Command and coordination organizations responding to crisis situations Resource Category Communications Primary",each,1.0,,False,False,True,,2026-06-10T02:32:16,2026-06-10T02:32:16,fema_seed,fema_seed,[],[35],"[""Data / Network Communications""]",[],"[{""nims_name"": ""Virtual Operations Support Team"", ""discipline"": ""Communications"", ""type_code"": ""5-508-1250"", ""kind"": ""Team"", ""reference_url"": ""https://rtlt.preptoolkit.fema.gov/Public/Resource/View/5-508-1250"", ""notes"": """", ""typed_level"": ""Type I""}, {""nims_name"": ""Virtual Operations Support Team"", ""discipline"": ""Communications"", ""type_code"": ""5-508-1250"", ""kind"": ""Team"", ""reference_url"": ""https://rtlt.preptoolkit.fema.gov/Public/Resource/View/5-508-1250"", ""notes"": """", ""typed_level"": ""Type II""}, {""nims_name"": ""Virtual Operations Support Team"", ""discipline"": ""Communications"", ""type_code"": ""5-508-1250"", ""kind"": ""Team"", ""reference_url"": ""https://rtlt.preptoolkit.fema.gov/Public/Resource/View/5-508-1250"", ""notes"": """", ""typed_level"": ""Type III""}, {""nims_name"": ""Virtual Operations Support Team"", ""discipline"": ""Communications"", ""type_code"": ""5-508-1250"", ""kind"": ""Team"", ""reference_url"": ""https://rtlt.preptoolkit.fema.gov/Public/Resource/View/5-508-1250"", ""notes"": """", ""typed_level"": ""Type IV""}]"
153,Water Main Leak Locating Team – Water Distribution,Water Main Leak Locating Team – Water Distribution,Team,FEMA/NIMS,FEMA / NIMS,The Water Main Leak Locating Team – Water Distribution locates and documents water main leaks needing repair Resource Category Public Works Primary,each,1.0,,False,False,True,,2026-06-10T02:32:16,2026-06-10T02:32:16,fema_seed,fema_seed,[],[52],"[""Water Supply and Distribution""]",[],"[{""nims_name"": ""Water Main Leak Locating Team – Water Distribution"", ""discipline"": ""Public Works"", ""type_code"": ""7-508-1206"", ""kind"": ""Team"", ""reference_url"": ""https://rtlt.preptoolkit.fema.gov/Public/Resource/View/7-508-1206"", ""notes"": """", ""typed_level"": ""Type I""}]"
154,"Water Pump, Dewatering","Water Pump, Dewatering",Equipment,FEMA/NIMS,FEMA / NIMS,"The Water Pump, Dewatering is equipment that lowers the water level of contained water sources or removes water from a limited area Resource Category Public Works Primary",each,1.0,,False,False,True,,2026-06-10T02:32:16,2026-06-10T02:32:16,fema_seed,fema_seed,[],[52],"[""Water Supply and Distribution""]",[],"[{""nims_name"": ""Water Pump, Dewatering"", ""discipline"": ""Public Works"", ""type_code"": ""7-508-1100"", ""kind"": ""Equipment"", ""reference_url"": ""https://rtlt.preptoolkit.fema.gov/Public/Resource/View/7-508-1100"", ""notes"": """", ""typed_level"": ""Type I""}, {""nims_name"": ""Water Pump, Dewatering"", ""discipline"": ""Public Works"", ""type_code"": ""7-508-1100"", ""kind"": ""Equipment"", ""reference_url"": ""https://rtlt.preptoolkit.fema.gov/Public/Resource/View/7-508-1100"", ""notes"": """", ""typed_level"": ""Type II""}, {""nims_name"": ""Water Pump, Dewatering"", ""discipline"": ""Public Works"", ""type_code"": ""7-508-1100"", ""kind"": ""Equipment"", ""reference_url"": ""https://rtlt.preptoolkit.fema.gov/Public/Resource/View/7-508-1100"", ""notes"": """", ""typed_level"": ""Type III""}, {""nims_name"": ""Water Pump, Dewatering"", ""discipline"": ""Public Works"", ""type_code"": ""7-508-1100"", ""kind"": ""Equipment"", ""reference_url"": ""https://rtlt.preptoolkit.fema.gov/Public/Resource/View/7-508-1100"", ""notes"": """", ""typed_level"": ""Type IV""}]"
155,"Water Pump, Drinking Water Supply – Untreated Source","Water Pump, Drinking Water Supply – Untreated Source",Equipment,FEMA/NIMS,FEMA / NIMS,"The Water Pump, Drinking Water Supply – Untreated Source is equipment that pumps untreated water to a water treatment plant Resource Category Public Works Primary",each,1.0,,False,False,True,,2026-06-10T02:32:16,2026-06-10T02:32:16,fema_seed,fema_seed,[],[52],"[""Water Supply and Distribution""]",[],"[{""nims_name"": ""Water Pump, Drinking Water Supply – Untreated Source"", ""discipline"": ""Public Works"", ""type_code"": ""7-508-1101"", ""kind"": ""Equipment"", ""reference_url"": ""https://rtlt.preptoolkit.fema.gov/Public/Resource/View/7-508-1101"", ""notes"": """", ""typed_level"": ""Type I""}, {""nims_name"": ""Water Pump, Drinking Water Supply – Untreated Source"", ""discipline"": ""Public Works"", ""type_code"": ""7-508-1101"", ""kind"": ""Equipment"", ""reference_url"": ""https://rtlt.preptoolkit.fema.gov/Public/Resource/View/7-508-1101"", ""notes"": """", ""typed_level"": ""Type II""}, {""nims_name"": ""Water Pump, Drinking Water Supply – Untreated Source"", ""discipline"": ""Public Works"", ""type_code"": ""7-508-1101"", ""kind"": ""Equipment"", ""reference_url"": ""https://rtlt.preptoolkit.fema.gov/Public/Resource/View/7-508-1101"", ""notes"": """", ""typed_level"": ""Type III""}, {""nims_name"": ""Water Pump, Drinking Water Supply – Untreated Source"", ""discipline"": ""Public Works"", ""type_code"": ""7-508-1101"", ""kind"": ""Equipment"", ""reference_url"": ""https://rtlt.preptoolkit.fema.gov/Public/Resource/View/7-508-1101"", ""notes"": """", ""typed_level"": ""Type IV""}]"
156,"Water Pump, Wastewater","Water Pump, Wastewater",Equipment,FEMA/NIMS,FEMA / NIMS,"The Water Pump, Wastewater is equipment that lifts and moves wastewater through a pressure piping system Resource Category Public Works Primary",each,1.0,,False,False,True,,2026-06-10T02:32:16,2026-06-10T02:32:16,fema_seed,fema_seed,[],[52],"[""Water Supply and Distribution""]",[],"[{""nims_name"": ""Water Pump, Wastewater"", ""discipline"": ""Public Works"", ""type_code"": ""7-508-1103"", ""kind"": ""Equipment"", ""reference_url"": ""https://rtlt.preptoolkit.fema.gov/Public/Resource/View/7-508-1103"", ""notes"": """", ""typed_level"": ""Type I""}, {""nims_name"": ""Water Pump, Wastewater"", ""discipline"": ""Public Works"", ""type_code"": ""7-508-1103"", ""kind"": ""Equipment"", ""reference_url"": ""https://rtlt.preptoolkit.fema.gov/Public/Resource/View/7-508-1103"", ""notes"": """", ""typed_level"": ""Type II""}, {""nims_name"": ""Water Pump, Wastewater"", ""discipline"": ""Public Works"", ""type_code"": ""7-508-1103"", ""kind"": ""Equipment"", ""reference_url"": ""https://rtlt.preptoolkit.fema.gov/Public/Resource/View/7-508-1103"", ""notes"": """", ""typed_level"": ""Type III""}, {""nims_name"": ""Water Pump, Wastewater"", ""discipline"": ""Public Works"", ""type_code"": ""7-508-1103"", ""kind"": ""Equipment"", ""reference_url"": ""https://rtlt.preptoolkit.fema.gov/Public/Resource/View/7-508-1103"", ""notes"": """", ""typed_level"": ""Type IV""}]"
157,"Water Pump, Water Distribution","Water Pump, Water Distribution",Equipment,FEMA/NIMS,FEMA / NIMS,"The Water Pump, Water Distribution is equipment that pumps potable water to a pressurized/elevated water system Resource Category Public Works Primary",each,1.0,,False,False,True,,2026-06-10T02:32:16,2026-06-10T02:32:16,fema_seed,fema_seed,[],[52],"[""Water Supply and Distribution""]",[],"[{""nims_name"": ""Water Pump, Water Distribution"", ""discipline"": ""Public Works"", ""type_code"": ""7-508-1102"", ""kind"": ""Equipment"", ""reference_url"": ""https://rtlt.preptoolkit.fema.gov/Public/Resource/View/7-508-1102"", ""notes"": """", ""typed_level"": ""Type I""}, {""nims_name"": ""Water Pump, Water Distribution"", ""discipline"": ""Public Works"", ""type_code"": ""7-508-1102"", ""kind"": ""Equipment"", ""reference_url"": ""https://rtlt.preptoolkit.fema.gov/Public/Resource/View/7-508-1102"", ""notes"": """", ""typed_level"": ""Type II""}, {""nims_name"": ""Water Pump, Water Distribution"", ""discipline"": ""Public Works"", ""type_code"": ""7-508-1102"", ""kind"": ""Equipment"", ""reference_url"": ""https://rtlt.preptoolkit.fema.gov/Public/Resource/View/7-508-1102"", ""notes"": """", ""typed_level"": ""Type III""}, {""nims_name"": ""Water Pump, Water Distribution"", ""discipline"": ""Public Works"", ""type_code"": ""7-508-1102"", ""kind"": ""Equipment"", ""reference_url"": ""https://rtlt.preptoolkit.fema.gov/Public/Resource/View/7-508-1102"", ""notes"": """", ""typed_level"": ""Type IV""}]"
158,Water Valve Maintenance (Truck/Trailer) – Water Distribution,Water Valve Maintenance (Truck/Trailer) – Water Distribution,Equipment,FEMA/NIMS,FEMA / NIMS,The Water Valve Maintenance (Truck/Trailer) – Water Distribution is truck-mounted or trailer-mounted equipment for exercising water distribution valves and for valve box cleaning Resource Category Public Works Primary,each,1.0,,False,False,True,,2026-06-10T02:32:16,2026-06-10T02:32:16,fema_seed,fema_seed,[],[52],"[""Water Supply and Distribution""]",[],"[{""nims_name"": ""Water Valve Maintenance (Truck/Trailer) – Water Distribution"", ""discipline"": ""Public Works"", ""type_code"": ""7-508-1259"", ""kind"": ""Equipment"", ""reference_url"": ""https://rtlt.preptoolkit.fema.gov/Public/Resource/View/7-508-1259"", ""notes"": """", ""typed_level"": ""Type I""}, {""nims_name"": ""Water Valve Maintenance (Truck/Trailer) – Water Distribution"", ""discipline"": ""Public Works"", ""type_code"": ""7-508-1259"", ""kind"": ""Equipment"", ""reference_url"": ""https://rtlt.preptoolkit.fema.gov/Public/Resource/View/7-508-1259"", ""notes"": """", ""typed_level"": ""Type II""}, {""nims_name"": ""Water Valve Maintenance (Truck/Trailer) – Water Distribution"", ""discipline"": ""Public Works"", ""type_code"": ""7-508-1259"", ""kind"": ""Equipment"", ""reference_url"": ""https://rtlt.preptoolkit.fema.gov/Public/Resource/View/7-508-1259"", ""notes"": """", ""typed_level"": ""Type III""}]"
159,Waterborne Response Team,Waterborne Response Team,Team,FEMA/NIMS,FEMA / NIMS,,each,1.0,,False,False,True,,2026-06-10T02:32:16,2026-06-10T02:32:16,fema_seed,fema_seed,[],"[5, 29]","[""Water / Swift Water Rescue"", ""Maritime / Port Security""]",[],"[{""nims_name"": ""Waterborne Response Team"", ""discipline"": ""Law Enforcement Operations"", ""type_code"": ""6-508-1216"", ""kind"": ""Team"", ""reference_url"": ""https://rtlt.preptoolkit.fema.gov/Public/Resource/View/6-508-1216"", ""notes"": """", ""typed_level"": ""Type I""}, {""nims_name"": ""Waterborne Response Team"", ""discipline"": ""Law Enforcement Operations"", ""type_code"": ""6-508-1216"", ""kind"": ""Team"", ""reference_url"": ""https://rtlt.preptoolkit.fema.gov/Public/Resource/View/6-508-1216"", ""notes"": """", ""typed_level"": ""Type II""}, {""nims_name"": ""Waterborne Response Team"", ""discipline"": ""Law Enforcement Operations"", ""type_code"": ""6-508-1216"", ""kind"": ""Team"", ""reference_url"": ""https://rtlt.preptoolkit.fema.gov/Public/Resource/View/6-508-1216"", ""notes"": """", ""typed_level"": ""Type III""}, {""nims_name"": ""Waterborne Response Team"", ""discipline"": ""Law Enforcement Operations"", ""type_code"": ""6-508-1216"", ""kind"": ""Team"", ""reference_url"": ""https://rtlt.preptoolkit.fema.gov/Public/Resource/View/6-508-1216"", ""notes"": """", ""typed_level"": ""Type IV""}]"
160,Waterborne Search and Rescue (SAR) Team,Waterborne Search and Rescue (SAR) Team,Team,FEMA/NIMS,FEMA / NIMS,The Waterborne Search and Rescue (SAR) Team provides SAR capabilities in various inland and coastal waterways Resource Category Search and Rescue Primary,each,1.0,,False,False,True,,2026-06-10T02:32:17,2026-06-10T02:32:17,fema_seed,fema_seed,[],"[1, 5, 29]","[""Technical Rescue"", ""Water / Swift Water Rescue"", ""Maritime / Port Security""]",[],"[{""nims_name"": ""Waterborne Search and Rescue (SAR) Team"", ""discipline"": ""Search and Rescue"", ""type_code"": ""8-508-1215"", ""kind"": ""Team"", ""reference_url"": ""https://rtlt.preptoolkit.fema.gov/Public/Resource/View/8-508-1215"", ""notes"": """", ""typed_level"": ""Type I""}, {""nims_name"": ""Waterborne Search and Rescue (SAR) Team"", ""discipline"": ""Search and Rescue"", ""type_code"": ""8-508-1215"", ""kind"": ""Team"", ""reference_url"": ""https://rtlt.preptoolkit.fema.gov/Public/Resource/View/8-508-1215"", ""notes"": """", ""typed_level"": ""Type II""}, {""nims_name"": ""Waterborne Search and Rescue (SAR) Team"", ""discipline"": ""Search and Rescue"", ""type_code"": ""8-508-1215"", ""kind"": ""Team"", ""reference_url"": ""https://rtlt.preptoolkit.fema.gov/Public/Resource/View/8-508-1215"", ""notes"": """", ""typed_level"": ""Type III""}, {""nims_name"": ""Waterborne Search and Rescue (SAR) Team"", ""discipline"": ""Search and Rescue"", ""type_code"": ""8-508-1215"", ""kind"": ""Team"", ""reference_url"": ""https://rtlt.preptoolkit.fema.gov/Public/Resource/View/8-508-1215"", ""notes"": """", ""typed_level"": ""Type IV""}]"
161,EOC Finance/Administration Section Chief/Coordinator,EOC Finance/Administration Section Chief/Coordinator,Personnel,AHJ Custom,Florida / FFCA-SERP,,each,1.0,,False,False,True,,2026-06-10T02:32:17,2026-06-10T02:32:17,fl_seed,fl_seed,[],"[47, 50]","[""Finance and Administration"", ""EOC Operations""]",[],"[{""nims_name"": ""EOC Finance/Administration Section Chief/Coordinator"", ""discipline"": ""Resource ManagementResource ManagementResource Management"", ""type_code"": ""Tier-I"", ""kind"": ""Personnel"", ""reference_url"": ""https://www.ffca.org/assets/docs/SERP/FL-Typed%20Resource%20Guidence%20Document.pdf"", ""notes"": """", ""typed_level"": ""Type I""}, {""nims_name"": ""EOC Finance/Administration Section Chief/Coordinator"", ""discipline"": ""Resource ManagementResource ManagementResource Management"", ""type_code"": ""Tier-I"", ""kind"": ""Personnel"", ""reference_url"": ""https://www.ffca.org/assets/docs/SERP/FL-Typed%20Resource%20Guidence%20Document.pdf"", ""notes"": """", ""typed_level"": ""Type II""}, {""nims_name"": ""EOC Finance/Administration Section Chief/Coordinator"", ""discipline"": ""Resource ManagementResource ManagementResource Management"", ""type_code"": ""Tier-I"", ""kind"": ""Personnel"", ""reference_url"": ""https://www.ffca.org/assets/docs/SERP/FL-Typed%20Resource%20Guidence%20Document.pdf"", ""notes"": """", ""typed_level"": ""Type III""}, {""nims_name"": ""EOC Finance/Administration Section Chief/Coordinator"", ""discipline"": ""Resource ManagementResource ManagementResource Management"", ""type_code"": ""Tier-I"", ""kind"": ""Personnel"", ""reference_url"": ""https://www.ffca.org/assets/docs/SERP/FL-Typed%20Resource%20Guidence%20Document.pdf"", ""notes"": """", ""typed_level"": ""Type IV""}]"
162,Incident Management Team (IMT),Incident Management Team (IMT),Team,AHJ Custom,Florida / FFCA-SERP,,each,1.0,,False,False,True,,2026-06-10T02:32:17,2026-06-10T02:32:17,fl_seed,fl_seed,[],"[44, 45, 46, 47, 49, 50]","[""Incident Command"", ""Planning / Intelligence"", ""Operations Coordination"", ""Finance and Administration"", ""Safety Officer"", ""EOC Operations""]",[],"[{""nims_name"": ""Incident Management Team (IMT)"", ""discipline"": ""Resource ManagementResource ManagementResource Management"", ""type_code"": ""Tier-I"", ""kind"": ""Team"", ""reference_url"": ""https://www.ffca.org/assets/docs/SERP/FL-Typed%20Resource%20Guidence%20Document.pdf"", ""notes"": """", ""typed_level"": ""Type I""}, {""nims_name"": ""Incident Management Team (IMT)"", ""discipline"": ""Resource ManagementResource ManagementResource Management"", ""type_code"": ""Tier-I"", ""kind"": ""Team"", ""reference_url"": ""https://www.ffca.org/assets/docs/SERP/FL-Typed%20Resource%20Guidence%20Document.pdf"", ""notes"": """", ""typed_level"": ""Type II""}, {""nims_name"": ""Incident Management Team (IMT)"", ""discipline"": ""Resource ManagementResource ManagementResource Management"", ""type_code"": ""Tier-I"", ""kind"": ""Team"", ""reference_url"": ""https://www.ffca.org/assets/docs/SERP/FL-Typed%20Resource%20Guidence%20Document.pdf"", ""notes"": """", ""typed_level"": ""Type III""}, {""nims_name"": ""Incident Management Team (IMT)"", ""discipline"": ""Resource ManagementResource ManagementResource Management"", ""type_code"": ""Tier-I"", ""kind"": ""Team"", ""reference_url"": ""https://www.ffca.org/assets/docs/SERP/FL-Typed%20Resource%20Guidence%20Document.pdf"", ""notes"": """", ""typed_level"": ""Type IV""}]"
163,Logistics Section Chief,Logistics Section Chief,Personnel,AHJ Custom,Florida / FFCA-SERP,,each,1.0,,False,False,True,,2026-06-10T02:32:17,2026-06-10T02:32:17,fl_seed,fl_seed,[],"[40, 42, 50]","[""Base Camp / Staging Support"", ""Supply Chain / Ordering"", ""EOC Operations""]",[],"[{""nims_name"": ""Logistics Section Chief"", ""discipline"": ""Command / Overhead"", ""type_code"": ""Tier-I"", ""kind"": """", ""reference_url"": ""https://www.ffca.org/assets/docs/SERP/FL-Typed%20Resource%20Guidence%20Document.pdf"", ""notes"": """", ""typed_level"": ""Type I""}, {""nims_name"": ""Logistics Section Chief"", ""discipline"": ""Command / Overhead"", ""type_code"": ""Tier-I"", ""kind"": """", ""reference_url"": ""https://www.ffca.org/assets/docs/SERP/FL-Typed%20Resource%20Guidence%20Document.pdf"", ""notes"": """", ""typed_level"": ""Type II""}, {""nims_name"": ""Logistics Section Chief"", ""discipline"": ""Command / Overhead"", ""type_code"": ""Tier-I"", ""kind"": """", ""reference_url"": ""https://www.ffca.org/assets/docs/SERP/FL-Typed%20Resource%20Guidence%20Document.pdf"", ""notes"": """", ""typed_level"": ""Type III""}, {""nims_name"": ""Logistics Section Chief"", ""discipline"": ""Command / Overhead"", ""type_code"": ""Tier-I"", ""kind"": """", ""reference_url"": ""https://www.ffca.org/assets/docs/SERP/FL-Typed%20Resource%20Guidence%20Document.pdf"", ""notes"": """", ""typed_level"": ""Type IV""}]"
164,Mobile Communications Center,Mobile Communications Center,Equipment,AHJ Custom,Florida / FFCA-SERP,,each,1.0,,False,False,True,,2026-06-10T02:32:17,2026-06-10T02:32:17,fl_seed,fl_seed,[],"[31, 33, 34, 37, 44, 45, 50]","[""Voice Radio Communications"", ""Mobile Command Operations"", ""Interoperability / Radio Patching"", ""Ground Transport"", ""Incident Command"", ""Planning / Intelligence"", ""EOC Operations""]",[],"[{""nims_name"": ""Mobile Communications Center"", ""discipline"": ""Command / Overhead"", ""type_code"": ""Tier-I"", ""kind"": ""Vehicle"", ""reference_url"": ""https://www.ffca.org/assets/docs/SERP/FL-Typed%20Resource%20Guidence%20Document.pdf"", ""notes"": """", ""typed_level"": ""Type I""}, {""nims_name"": ""Mobile Communications Center"", ""discipline"": ""Command / Overhead"", ""type_code"": ""Tier-I"", ""kind"": ""Vehicle"", ""reference_url"": ""https://www.ffca.org/assets/docs/SERP/FL-Typed%20Resource%20Guidence%20Document.pdf"", ""notes"": """", ""typed_level"": ""Type II""}, {""nims_name"": ""Mobile Communications Center"", ""discipline"": ""Command / Overhead"", ""type_code"": ""Tier-I"", ""kind"": ""Vehicle"", ""reference_url"": ""https://www.ffca.org/assets/docs/SERP/FL-Typed%20Resource%20Guidence%20Document.pdf"", ""notes"": """", ""typed_level"": ""Type III""}, {""nims_name"": ""Mobile Communications Center"", ""discipline"": ""Command / Overhead"", ""type_code"": ""Tier-I"", ""kind"": ""Vehicle"", ""reference_url"": ""https://www.ffca.org/assets/docs/SERP/FL-Typed%20Resource%20Guidence%20Document.pdf"", ""notes"": """", ""typed_level"": ""Type IV""}]"
165,Mobile Communications Unit,Mobile Communications Unit,Equipment,AHJ Custom,Florida / FFCA-SERP,,each,1.0,,False,False,True,,2026-06-10T02:32:17,2026-06-10T02:32:17,fl_seed,fl_seed,[],"[31, 32, 33, 34, 35, 36, 37]","[""Voice Radio Communications"", ""Satellite Communications"", ""Mobile Command Operations"", ""Interoperability / Radio Patching"", ""Data / Network Communications"", ""Alert & Warning"", ""Ground Transport""]",[],"[{""nims_name"": ""Mobile Communications Unit"", ""discipline"": ""CommunicationsCommunicationsCommunications"", ""type_code"": ""Tier-I"", ""kind"": ""Vehicle"", ""reference_url"": ""https://www.ffca.org/assets/docs/SERP/FL-Typed%20Resource%20Guidence%20Document.pdf"", ""notes"": """", ""typed_level"": ""Type I""}, {""nims_name"": ""Mobile Communications Unit"", ""discipline"": ""CommunicationsCommunicationsCommunications"", ""type_code"": ""Tier-I"", ""kind"": ""Vehicle"", ""reference_url"": ""https://www.ffca.org/assets/docs/SERP/FL-Typed%20Resource%20Guidence%20Document.pdf"", ""notes"": """", ""typed_level"": ""Type II""}, {""nims_name"": ""Mobile Communications Unit"", ""discipline"": ""CommunicationsCommunicationsCommunications"", ""type_code"": ""Tier-I"", ""kind"": ""Vehicle"", ""reference_url"": ""https://www.ffca.org/assets/docs/SERP/FL-Typed%20Resource%20Guidence%20Document.pdf"", ""notes"": """", ""typed_level"": ""Type III""}, {""nims_name"": ""Mobile Communications Unit"", ""discipline"": ""CommunicationsCommunicationsCommunications"", ""type_code"": ""Tier-I"", ""kind"": ""Vehicle"", ""reference_url"": ""https://www.ffca.org/assets/docs/SERP/FL-Typed%20Resource%20Guidence%20Document.pdf"", ""notes"": """", ""typed_level"": ""Type IV""}]"
166,Mobile Field Kitchen,Mobile Field Kitchen,Equipment,AHJ Custom,Florida / FFCA-SERP,,each,1.0,,False,False,True,,2026-06-10T02:32:17,2026-06-10T02:32:17,fl_seed,fl_seed,[],"[43, 44, 45, 50]","[""Feeding Operations"", ""Incident Command"", ""Planning / Intelligence"", ""EOC Operations""]",[],"[{""nims_name"": ""Mobile Field Kitchen"", ""discipline"": ""Command / Overhead"", ""type_code"": ""Tier-I"", ""kind"": ""Equipment"", ""reference_url"": ""https://www.ffca.org/assets/docs/SERP/FL-Typed%20Resource%20Guidence%20Document.pdf"", ""notes"": """", ""typed_level"": ""Type I""}, {""nims_name"": ""Mobile Field Kitchen"", ""discipline"": ""Command / Overhead"", ""type_code"": ""Tier-I"", ""kind"": ""Equipment"", ""reference_url"": ""https://www.ffca.org/assets/docs/SERP/FL-Typed%20Resource%20Guidence%20Document.pdf"", ""notes"": """", ""typed_level"": ""Type II""}, {""nims_name"": ""Mobile Field Kitchen"", ""discipline"": ""Command / Overhead"", ""type_code"": ""Tier-I"", ""kind"": ""Equipment"", ""reference_url"": ""https://www.ffca.org/assets/docs/SERP/FL-Typed%20Resource%20Guidence%20Document.pdf"", ""notes"": """", ""typed_level"": ""Type III""}, {""nims_name"": ""Mobile Field Kitchen"", ""discipline"": ""Command / Overhead"", ""type_code"": ""Tier-I"", ""kind"": ""Equipment"", ""reference_url"": ""https://www.ffca.org/assets/docs/SERP/FL-Typed%20Resource%20Guidence%20Document.pdf"", ""notes"": """", ""typed_level"": ""Type IV""}]"
167,EOC Operations Section Chief,EOC Operations Section Chief,Personnel,AHJ Custom,Florida / FFCA-SERP,,each,1.0,,False,False,True,,2026-06-10T02:32:17,2026-06-10T02:32:17,fl_seed,fl_seed,[],"[44, 46, 50]","[""Incident Command"", ""Operations Coordination"", ""EOC Operations""]",[],"[{""nims_name"": ""EOC Operations Section Chief"", ""discipline"": ""Resource ManagementResource ManagementResource Management"", ""type_code"": ""Tier-I"", ""kind"": ""Personnel"", ""reference_url"": ""https://www.ffca.org/assets/docs/SERP/FL-Typed%20Resource%20Guidence%20Document.pdf"", ""notes"": """", ""typed_level"": ""Type I""}, {""nims_name"": ""EOC Operations Section Chief"", ""discipline"": ""Resource ManagementResource ManagementResource Management"", ""type_code"": ""Tier-I"", ""kind"": ""Personnel"", ""reference_url"": ""https://www.ffca.org/assets/docs/SERP/FL-Typed%20Resource%20Guidence%20Document.pdf"", ""notes"": """", ""typed_level"": ""Type II""}, {""nims_name"": ""EOC Operations Section Chief"", ""discipline"": ""Resource ManagementResource ManagementResource Management"", ""type_code"": ""Tier-I"", ""kind"": ""Personnel"", ""reference_url"": ""https://www.ffca.org/assets/docs/SERP/FL-Typed%20Resource%20Guidence%20Document.pdf"", ""notes"": """", ""typed_level"": ""Type III""}, {""nims_name"": ""EOC Operations Section Chief"", ""discipline"": ""Resource ManagementResource ManagementResource Management"", ""type_code"": ""Tier-I"", ""kind"": ""Personnel"", ""reference_url"": ""https://www.ffca.org/assets/docs/SERP/FL-Typed%20Resource%20Guidence%20Document.pdf"", ""notes"": """", ""typed_level"": ""Type IV""}]"
168,Planning Section Chief,Planning Section Chief,Personnel,AHJ Custom,Florida / FFCA-SERP,,each,1.0,,False,False,True,,2026-06-10T02:32:17,2026-06-10T02:32:17,fl_seed,fl_seed,[],"[45, 50]","[""Planning / Intelligence"", ""EOC Operations""]",[],"[{""nims_name"": ""Planning Section Chief"", ""discipline"": ""Resource ManagementResource ManagementResource Management"", ""type_code"": ""Tier-I"", ""kind"": ""Personnel"", ""reference_url"": ""https://www.ffca.org/assets/docs/SERP/FL-Typed%20Resource%20Guidence%20Document.pdf"", ""notes"": """", ""typed_level"": ""Type I""}, {""nims_name"": ""Planning Section Chief"", ""discipline"": ""Resource ManagementResource ManagementResource Management"", ""type_code"": ""Tier-I"", ""kind"": ""Personnel"", ""reference_url"": ""https://www.ffca.org/assets/docs/SERP/FL-Typed%20Resource%20Guidence%20Document.pdf"", ""notes"": """", ""typed_level"": ""Type II""}, {""nims_name"": ""Planning Section Chief"", ""discipline"": ""Resource ManagementResource ManagementResource Management"", ""type_code"": ""Tier-I"", ""kind"": ""Personnel"", ""reference_url"": ""https://www.ffca.org/assets/docs/SERP/FL-Typed%20Resource%20Guidence%20Document.pdf"", ""notes"": """", ""typed_level"": ""Type III""}, {""nims_name"": ""Planning Section Chief"", ""discipline"": ""Resource ManagementResource ManagementResource Management"", ""type_code"": ""Tier-I"", ""kind"": ""Personnel"", ""reference_url"": ""https://www.ffca.org/assets/docs/SERP/FL-Typed%20Resource%20Guidence%20Document.pdf"", ""notes"": """", ""typed_level"": ""Type IV""}]"
169,"SERP EMS Field Liaison, Fire","SERP EMS Field Liaison, Fire",Personnel,AHJ Custom,Florida / FFCA-SERP,,each,1.0,,False,False,True,,2026-06-10T02:32:17,2026-06-10T02:32:17,fl_seed,fl_seed,[],"[45, 46, 50]","[""Planning / Intelligence"", ""Operations Coordination"", ""EOC Operations""]",[],"[{""nims_name"": ""SERP EMS Field Liaison, Fire"", ""discipline"": ""Resource ManagementResource ManagementResource Management"", ""type_code"": """", ""kind"": """", ""reference_url"": ""https://www.ffca.org/assets/docs/SERP/FL-Typed%20Resource%20Guidence%20Document.pdf"", ""notes"": """", ""typed_level"": ""Type I""}, {""nims_name"": ""SERP EMS Field Liaison, Fire"", ""discipline"": ""Resource ManagementResource ManagementResource Management"", ""type_code"": """", ""kind"": """", ""reference_url"": ""https://www.ffca.org/assets/docs/SERP/FL-Typed%20Resource%20Guidence%20Document.pdf"", ""notes"": """", ""typed_level"": ""Type II""}, {""nims_name"": ""SERP EMS Field Liaison, Fire"", ""discipline"": ""Resource ManagementResource ManagementResource Management"", ""type_code"": """", ""kind"": """", ""reference_url"": ""https://www.ffca.org/assets/docs/SERP/FL-Typed%20Resource%20Guidence%20Document.pdf"", ""notes"": """", ""typed_level"": ""Type III""}, {""nims_name"": ""SERP EMS Field Liaison, Fire"", ""discipline"": ""Resource ManagementResource ManagementResource Management"", ""type_code"": """", ""kind"": """", ""reference_url"": ""https://www.ffca.org/assets/docs/SERP/FL-Typed%20Resource%20Guidence%20Document.pdf"", ""notes"": """", ""typed_level"": ""Type IV""}]"
170,"SERP EMS Field Liaison, Non-Fire","SERP EMS Field Liaison, Non-Fire",Personnel,AHJ Custom,Florida / FFCA-SERP,,each,1.0,,False,False,True,,2026-06-10T02:32:17,2026-06-10T02:32:17,fl_seed,fl_seed,[],"[45, 46, 50]","[""Planning / Intelligence"", ""Operations Coordination"", ""EOC Operations""]",[],"[{""nims_name"": ""SERP EMS Field Liaison, Non-Fire"", ""discipline"": ""Resource ManagementResource ManagementResource Management"", ""type_code"": """", ""kind"": """", ""reference_url"": ""https://www.ffca.org/assets/docs/SERP/FL-Typed%20Resource%20Guidence%20Document.pdf"", ""notes"": """", ""typed_level"": ""Type I""}, {""nims_name"": ""SERP EMS Field Liaison, Non-Fire"", ""discipline"": ""Resource ManagementResource ManagementResource Management"", ""type_code"": """", ""kind"": """", ""reference_url"": ""https://www.ffca.org/assets/docs/SERP/FL-Typed%20Resource%20Guidence%20Document.pdf"", ""notes"": """", ""typed_level"": ""Type II""}, {""nims_name"": ""SERP EMS Field Liaison, Non-Fire"", ""discipline"": ""Resource ManagementResource ManagementResource Management"", ""type_code"": """", ""kind"": """", ""reference_url"": ""https://www.ffca.org/assets/docs/SERP/FL-Typed%20Resource%20Guidence%20Document.pdf"", ""notes"": """", ""typed_level"": ""Type III""}, {""nims_name"": ""SERP EMS Field Liaison, Non-Fire"", ""discipline"": ""Resource ManagementResource ManagementResource Management"", ""type_code"": """", ""kind"": """", ""reference_url"": ""https://www.ffca.org/assets/docs/SERP/FL-Typed%20Resource%20Guidence%20Document.pdf"", ""notes"": """", ""typed_level"": ""Type IV""}]"
171,SERP Field Liaison,SERP Field Liaison,Personnel,AHJ Custom,Florida / FFCA-SERP,,each,1.0,,False,False,True,,2026-06-10T02:32:17,2026-06-10T02:32:17,fl_seed,fl_seed,[],"[45, 46, 50]","[""Planning / Intelligence"", ""Operations Coordination"", ""EOC Operations""]",[],"[{""nims_name"": ""SERP Field Liaison"", ""discipline"": ""Resource ManagementResource ManagementResource Management"", ""type_code"": """", ""kind"": """", ""reference_url"": ""https://www.ffca.org/assets/docs/SERP/FL-Typed%20Resource%20Guidence%20Document.pdf"", ""notes"": """", ""typed_level"": ""Type I""}, {""nims_name"": ""SERP Field Liaison"", ""discipline"": ""Resource ManagementResource ManagementResource Management"", ""type_code"": """", ""kind"": """", ""reference_url"": ""https://www.ffca.org/assets/docs/SERP/FL-Typed%20Resource%20Guidence%20Document.pdf"", ""notes"": """", ""typed_level"": ""Type II""}, {""nims_name"": ""SERP Field Liaison"", ""discipline"": ""Resource ManagementResource ManagementResource Management"", ""type_code"": """", ""kind"": """", ""reference_url"": ""https://www.ffca.org/assets/docs/SERP/FL-Typed%20Resource%20Guidence%20Document.pdf"", ""notes"": """", ""typed_level"": ""Type III""}, {""nims_name"": ""SERP Field Liaison"", ""discipline"": ""Resource ManagementResource ManagementResource Management"", ""type_code"": """", ""kind"": """", ""reference_url"": ""https://www.ffca.org/assets/docs/SERP/FL-Typed%20Resource%20Guidence%20Document.pdf"", ""notes"": """", ""typed_level"": ""Type IV""}]"
172,SERP SEOC Logistics Specialist,SERP SEOC Logistics Specialist,Personnel,AHJ Custom,Florida / FFCA-SERP,,each,1.0,,False,False,True,,2026-06-10T02:32:17,2026-06-10T02:32:17,fl_seed,fl_seed,[],"[45, 50]","[""Planning / Intelligence"", ""EOC Operations""]",[],"[{""nims_name"": ""SERP SEOC Logistics Specialist"", ""discipline"": ""Resource ManagementResource ManagementResource Management"", ""type_code"": """", ""kind"": """", ""reference_url"": ""https://www.ffca.org/assets/docs/SERP/FL-Typed%20Resource%20Guidence%20Document.pdf"", ""notes"": """", ""typed_level"": ""Type I""}, {""nims_name"": ""SERP SEOC Logistics Specialist"", ""discipline"": ""Resource ManagementResource ManagementResource Management"", ""type_code"": """", ""kind"": """", ""reference_url"": ""https://www.ffca.org/assets/docs/SERP/FL-Typed%20Resource%20Guidence%20Document.pdf"", ""notes"": """", ""typed_level"": ""Type II""}, {""nims_name"": ""SERP SEOC Logistics Specialist"", ""discipline"": ""Resource ManagementResource ManagementResource Management"", ""type_code"": """", ""kind"": """", ""reference_url"": ""https://www.ffca.org/assets/docs/SERP/FL-Typed%20Resource%20Guidence%20Document.pdf"", ""notes"": """", ""typed_level"": ""Type III""}, {""nims_name"": ""SERP SEOC Logistics Specialist"", ""discipline"": ""Resource ManagementResource ManagementResource Management"", ""type_code"": """", ""kind"": """", ""reference_url"": ""https://www.ffca.org/assets/docs/SERP/FL-Typed%20Resource%20Guidence%20Document.pdf"", ""notes"": """", ""typed_level"": ""Type IV""}]"
173,SERP SEOC Planning Specialist,SERP SEOC Planning Specialist,Personnel,AHJ Custom,Florida / FFCA-SERP,,each,1.0,,False,False,True,,2026-06-10T02:32:17,2026-06-10T02:32:17,fl_seed,fl_seed,[],"[45, 50]","[""Planning / Intelligence"", ""EOC Operations""]",[],"[{""nims_name"": ""SERP SEOC Planning Specialist"", ""discipline"": ""Resource ManagementResource ManagementResource Management"", ""type_code"": """", ""kind"": """", ""reference_url"": ""https://www.ffca.org/assets/docs/SERP/FL-Typed%20Resource%20Guidence%20Document.pdf"", ""notes"": """", ""typed_level"": ""Type I""}, {""nims_name"": ""SERP SEOC Planning Specialist"", ""discipline"": ""Resource ManagementResource ManagementResource Management"", ""type_code"": """", ""kind"": """", ""reference_url"": ""https://www.ffca.org/assets/docs/SERP/FL-Typed%20Resource%20Guidence%20Document.pdf"", ""notes"": """", ""typed_level"": ""Type II""}, {""nims_name"": ""SERP SEOC Planning Specialist"", ""discipline"": ""Resource ManagementResource ManagementResource Management"", ""type_code"": """", ""kind"": """", ""reference_url"": ""https://www.ffca.org/assets/docs/SERP/FL-Typed%20Resource%20Guidence%20Document.pdf"", ""notes"": """", ""typed_level"": ""Type III""}, {""nims_name"": ""SERP SEOC Planning Specialist"", ""discipline"": ""Resource ManagementResource ManagementResource Management"", ""type_code"": """", ""kind"": """", ""reference_url"": ""https://www.ffca.org/assets/docs/SERP/FL-Typed%20Resource%20Guidence%20Document.pdf"", ""notes"": """", ""typed_level"": ""Type IV""}]"
174,SERP SEOC US&R Specialist,SERP SEOC US&R Specialist,Personnel,AHJ Custom,Florida / FFCA-SERP,,each,1.0,,False,False,True,,2026-06-10T02:32:17,2026-06-10T02:32:17,fl_seed,fl_seed,[],"[2, 45, 50]","[""Structural Collapse Search & Rescue"", ""Planning / Intelligence"", ""EOC Operations""]",[],"[{""nims_name"": ""SERP SEOC US&R Specialist"", ""discipline"": ""Resource ManagementResource ManagementResource Management"", ""type_code"": """", ""kind"": """", ""reference_url"": ""https://www.ffca.org/assets/docs/SERP/FL-Typed%20Resource%20Guidence%20Document.pdf"", ""notes"": """", ""typed_level"": ""Type I""}, {""nims_name"": ""SERP SEOC US&R Specialist"", ""discipline"": ""Resource ManagementResource ManagementResource Management"", ""type_code"": """", ""kind"": """", ""reference_url"": ""https://www.ffca.org/assets/docs/SERP/FL-Typed%20Resource%20Guidence%20Document.pdf"", ""notes"": """", ""typed_level"": ""Type II""}, {""nims_name"": ""SERP SEOC US&R Specialist"", ""discipline"": ""Resource ManagementResource ManagementResource Management"", ""type_code"": """", ""kind"": """", ""reference_url"": ""https://www.ffca.org/assets/docs/SERP/FL-Typed%20Resource%20Guidence%20Document.pdf"", ""notes"": """", ""typed_level"": ""Type III""}, {""nims_name"": ""SERP SEOC US&R Specialist"", ""discipline"": ""Resource ManagementResource ManagementResource Management"", ""type_code"": """", ""kind"": """", ""reference_url"": ""https://www.ffca.org/assets/docs/SERP/FL-Typed%20Resource%20Guidence%20Document.pdf"", ""notes"": """", ""typed_level"": ""Type IV""}]"
175,Radio Technician,Radio Technician,Personnel,AHJ Custom,Florida / FFCA-SERP,,each,1.0,,False,False,True,,2026-06-10T02:32:17,2026-06-10T02:32:17,fl_seed,fl_seed,[],"[31, 34, 44]","[""Voice Radio Communications"", ""Interoperability / Radio Patching"", ""Incident Command""]",[],"[{""nims_name"": ""Radio Technician"", ""discipline"": ""Command / Overhead"", ""type_code"": """", ""kind"": """", ""reference_url"": ""https://www.ffca.org/assets/docs/SERP/FL-Typed%20Resource%20Guidence%20Document.pdf"", ""notes"": """", ""typed_level"": ""Type I""}, {""nims_name"": ""Radio Technician"", ""discipline"": ""Command / Overhead"", ""type_code"": """", ""kind"": """", ""reference_url"": ""https://www.ffca.org/assets/docs/SERP/FL-Typed%20Resource%20Guidence%20Document.pdf"", ""notes"": """", ""typed_level"": ""Type II""}, {""nims_name"": ""Radio Technician"", ""discipline"": ""Command / Overhead"", ""type_code"": """", ""kind"": """", ""reference_url"": ""https://www.ffca.org/assets/docs/SERP/FL-Typed%20Resource%20Guidence%20Document.pdf"", ""notes"": """", ""typed_level"": ""Type III""}, {""nims_name"": ""Radio Technician"", ""discipline"": ""Command / Overhead"", ""type_code"": """", ""kind"": """", ""reference_url"": ""https://www.ffca.org/assets/docs/SERP/FL-Typed%20Resource%20Guidence%20Document.pdf"", ""notes"": """", ""typed_level"": ""Type IV""}]"
176,Telecommunicator,Telecommunicator,Personnel,AHJ Custom,Florida / FFCA-SERP,,each,1.0,,False,False,True,,2026-06-10T02:32:17,2026-06-10T02:32:17,fl_seed,fl_seed,[],"[31, 36, 44]","[""Voice Radio Communications"", ""Alert & Warning"", ""Incident Command""]",[],"[{""nims_name"": ""Telecommunicator"", ""discipline"": ""Command / Overhead"", ""type_code"": """", ""kind"": """", ""reference_url"": ""https://www.ffca.org/assets/docs/SERP/FL-Typed%20Resource%20Guidence%20Document.pdf"", ""notes"": """", ""typed_level"": ""Type I""}, {""nims_name"": ""Telecommunicator"", ""discipline"": ""Command / Overhead"", ""type_code"": """", ""kind"": """", ""reference_url"": ""https://www.ffca.org/assets/docs/SERP/FL-Typed%20Resource%20Guidence%20Document.pdf"", ""notes"": """", ""typed_level"": ""Type II""}, {""nims_name"": ""Telecommunicator"", ""discipline"": ""Command / Overhead"", ""type_code"": """", ""kind"": """", ""reference_url"": ""https://www.ffca.org/assets/docs/SERP/FL-Typed%20Resource%20Guidence%20Document.pdf"", ""notes"": """", ""typed_level"": ""Type III""}, {""nims_name"": ""Telecommunicator"", ""discipline"": ""Command / Overhead"", ""type_code"": """", ""kind"": """", ""reference_url"": ""https://www.ffca.org/assets/docs/SERP/FL-Typed%20Resource%20Guidence%20Document.pdf"", ""notes"": """", ""typed_level"": ""Type IV""}]"
177,Telecommunicator Emergency Response Taskforce (TERT),Telecommunicator Emergency Response Taskforce (TERT),Personnel,AHJ Custom,Florida / FFCA-SERP,,each,1.0,,False,False,True,,2026-06-10T02:32:17,2026-06-10T02:32:17,fl_seed,fl_seed,[],"[31, 34, 36, 44]","[""Voice Radio Communications"", ""Interoperability / Radio Patching"", ""Alert & Warning"", ""Incident Command""]",[],"[{""nims_name"": ""Telecommunicator Emergency Response Taskforce (TERT)"", ""discipline"": ""Command / Overhead"", ""type_code"": ""Tier-I"", ""kind"": ""Taskforce"", ""reference_url"": ""https://www.ffca.org/assets/docs/SERP/FL-Typed%20Resource%20Guidence%20Document.pdf"", ""notes"": """", ""typed_level"": ""Type I""}, {""nims_name"": ""Telecommunicator Emergency Response Taskforce (TERT)"", ""discipline"": ""Command / Overhead"", ""type_code"": ""Tier-I"", ""kind"": ""Taskforce"", ""reference_url"": ""https://www.ffca.org/assets/docs/SERP/FL-Typed%20Resource%20Guidence%20Document.pdf"", ""notes"": """", ""typed_level"": ""Type II""}, {""nims_name"": ""Telecommunicator Emergency Response Taskforce (TERT)"", ""discipline"": ""Command / Overhead"", ""type_code"": ""Tier-I"", ""kind"": ""Taskforce"", ""reference_url"": ""https://www.ffca.org/assets/docs/SERP/FL-Typed%20Resource%20Guidence%20Document.pdf"", ""notes"": """", ""typed_level"": ""Type III""}, {""nims_name"": ""Telecommunicator Emergency Response Taskforce (TERT)"", ""discipline"": ""Command / Overhead"", ""type_code"": ""Tier-I"", ""kind"": ""Taskforce"", ""reference_url"": ""https://www.ffca.org/assets/docs/SERP/FL-Typed%20Resource%20Guidence%20Document.pdf"", ""notes"": """", ""typed_level"": ""Type IV""}]"
178,Air Ambulance (Fixed-Wing),Air Ambulance (Fixed-Wing),Aircraft,AHJ Custom,Florida / FFCA-SERP,,each,1.0,,False,False,True,,2026-06-10T02:32:17,2026-06-10T02:32:17,fl_seed,fl_seed,[],"[20, 37, 44, 45, 50]","[""Aeromedical Transport"", ""Ground Transport"", ""Incident Command"", ""Planning / Intelligence"", ""EOC Operations""]",[],"[{""nims_name"": ""Air Ambulance (Fixed-Wing)"", ""discipline"": ""Command / Overhead"", ""type_code"": ""Tier-I"", ""kind"": """", ""reference_url"": ""https://www.ffca.org/assets/docs/SERP/FL-Typed%20Resource%20Guidence%20Document.pdf"", ""notes"": """", ""typed_level"": ""Type I""}, {""nims_name"": ""Air Ambulance (Fixed-Wing)"", ""discipline"": ""Command / Overhead"", ""type_code"": ""Tier-I"", ""kind"": """", ""reference_url"": ""https://www.ffca.org/assets/docs/SERP/FL-Typed%20Resource%20Guidence%20Document.pdf"", ""notes"": """", ""typed_level"": ""Type II""}, {""nims_name"": ""Air Ambulance (Fixed-Wing)"", ""discipline"": ""Command / Overhead"", ""type_code"": ""Tier-I"", ""kind"": """", ""reference_url"": ""https://www.ffca.org/assets/docs/SERP/FL-Typed%20Resource%20Guidence%20Document.pdf"", ""notes"": """", ""typed_level"": ""Type III""}, {""nims_name"": ""Air Ambulance (Fixed-Wing)"", ""discipline"": ""Command / Overhead"", ""type_code"": ""Tier-I"", ""kind"": """", ""reference_url"": ""https://www.ffca.org/assets/docs/SERP/FL-Typed%20Resource%20Guidence%20Document.pdf"", ""notes"": """", ""typed_level"": ""Type IV""}]"
179,Air Ambulance (Rotary-Wing),Air Ambulance (Rotary-Wing),Aircraft,AHJ Custom,Florida / FFCA-SERP,,each,1.0,,False,False,True,,2026-06-10T02:32:17,2026-06-10T02:32:17,fl_seed,fl_seed,[],"[20, 37, 44, 45, 50]","[""Aeromedical Transport"", ""Ground Transport"", ""Incident Command"", ""Planning / Intelligence"", ""EOC Operations""]",[],"[{""nims_name"": ""Air Ambulance (Rotary-Wing)"", ""discipline"": ""Command / Overhead"", ""type_code"": ""Tier-I"", ""kind"": """", ""reference_url"": ""https://www.ffca.org/assets/docs/SERP/FL-Typed%20Resource%20Guidence%20Document.pdf"", ""notes"": """", ""typed_level"": ""Type I""}, {""nims_name"": ""Air Ambulance (Rotary-Wing)"", ""discipline"": ""Command / Overhead"", ""type_code"": ""Tier-I"", ""kind"": """", ""reference_url"": ""https://www.ffca.org/assets/docs/SERP/FL-Typed%20Resource%20Guidence%20Document.pdf"", ""notes"": """", ""typed_level"": ""Type II""}, {""nims_name"": ""Air Ambulance (Rotary-Wing)"", ""discipline"": ""Command / Overhead"", ""type_code"": ""Tier-I"", ""kind"": """", ""reference_url"": ""https://www.ffca.org/assets/docs/SERP/FL-Typed%20Resource%20Guidence%20Document.pdf"", ""notes"": """", ""typed_level"": ""Type III""}, {""nims_name"": ""Air Ambulance (Rotary-Wing)"", ""discipline"": ""Command / Overhead"", ""type_code"": ""Tier-I"", ""kind"": """", ""reference_url"": ""https://www.ffca.org/assets/docs/SERP/FL-Typed%20Resource%20Guidence%20Document.pdf"", ""notes"": """", ""typed_level"": ""Type IV""}]"
180,Ambulance (Ground),Ambulance (Ground),Equipment,AHJ Custom,Florida / FFCA-SERP,,each,1.0,,False,False,True,,2026-06-10T02:32:17,2026-06-10T02:32:17,fl_seed,fl_seed,[],"[17, 18, 37]","[""Advanced Life Support (ALS)"", ""Basic Life Support (BLS)"", ""Ground Transport""]",[],"[{""nims_name"": ""Ambulance (Ground)"", ""discipline"": ""Command / Overhead"", ""type_code"": ""Tier-I"", ""kind"": """", ""reference_url"": ""https://www.ffca.org/assets/docs/SERP/FL-Typed%20Resource%20Guidence%20Document.pdf"", ""notes"": """", ""typed_level"": ""Type I""}, {""nims_name"": ""Ambulance (Ground)"", ""discipline"": ""Command / Overhead"", ""type_code"": ""Tier-I"", ""kind"": """", ""reference_url"": ""https://www.ffca.org/assets/docs/SERP/FL-Typed%20Resource%20Guidence%20Document.pdf"", ""notes"": """", ""typed_level"": ""Type II""}, {""nims_name"": ""Ambulance (Ground)"", ""discipline"": ""Command / Overhead"", ""type_code"": ""Tier-I"", ""kind"": """", ""reference_url"": ""https://www.ffca.org/assets/docs/SERP/FL-Typed%20Resource%20Guidence%20Document.pdf"", ""notes"": """", ""typed_level"": ""Type III""}, {""nims_name"": ""Ambulance (Ground)"", ""discipline"": ""Command / Overhead"", ""type_code"": ""Tier-I"", ""kind"": """", ""reference_url"": ""https://www.ffca.org/assets/docs/SERP/FL-Typed%20Resource%20Guidence%20Document.pdf"", ""notes"": """", ""typed_level"": ""Type IV""}]"
181,Ambulance Strike Team,Ambulance Strike Team,Team,AHJ Custom,Florida / FFCA-SERP,,each,1.0,,False,False,True,,2026-06-10T02:32:17,2026-06-10T02:32:17,fl_seed,fl_seed,[],"[19, 37]","[""Mass Casualty Operations"", ""Ground Transport""]",[],"[{""nims_name"": ""Ambulance Strike Team"", ""discipline"": ""Command / Overhead"", ""type_code"": ""Tier-I"", ""kind"": """", ""reference_url"": ""https://www.ffca.org/assets/docs/SERP/FL-Typed%20Resource%20Guidence%20Document.pdf"", ""notes"": """", ""typed_level"": ""Type I""}, {""nims_name"": ""Ambulance Strike Team"", ""discipline"": ""Command / Overhead"", ""type_code"": ""Tier-I"", ""kind"": """", ""reference_url"": ""https://www.ffca.org/assets/docs/SERP/FL-Typed%20Resource%20Guidence%20Document.pdf"", ""notes"": """", ""typed_level"": ""Type II""}, {""nims_name"": ""Ambulance Strike Team"", ""discipline"": ""Command / Overhead"", ""type_code"": ""Tier-I"", ""kind"": """", ""reference_url"": ""https://www.ffca.org/assets/docs/SERP/FL-Typed%20Resource%20Guidence%20Document.pdf"", ""notes"": """", ""typed_level"": ""Type III""}, {""nims_name"": ""Ambulance Strike Team"", ""discipline"": ""Command / Overhead"", ""type_code"": ""Tier-I"", ""kind"": """", ""reference_url"": ""https://www.ffca.org/assets/docs/SERP/FL-Typed%20Resource%20Guidence%20Document.pdf"", ""notes"": """", ""typed_level"": ""Type IV""}]"
182,Ambulance Strike Team Leader,Ambulance Strike Team Leader,Personnel,AHJ Custom,Florida / FFCA-SERP,,each,1.0,,False,False,True,,2026-06-10T02:32:17,2026-06-10T02:32:17,fl_seed,fl_seed,[],"[19, 37]","[""Mass Casualty Operations"", ""Ground Transport""]",[],"[{""nims_name"": ""Ambulance Strike Team Leader"", ""discipline"": ""Command / Overhead"", ""type_code"": ""Tier-II"", ""kind"": """", ""reference_url"": ""https://www.ffca.org/assets/docs/SERP/FL-Typed%20Resource%20Guidence%20Document.pdf"", ""notes"": """", ""typed_level"": ""Type I""}, {""nims_name"": ""Ambulance Strike Team Leader"", ""discipline"": ""Command / Overhead"", ""type_code"": ""Tier-II"", ""kind"": """", ""reference_url"": ""https://www.ffca.org/assets/docs/SERP/FL-Typed%20Resource%20Guidence%20Document.pdf"", ""notes"": """", ""typed_level"": ""Type II""}, {""nims_name"": ""Ambulance Strike Team Leader"", ""discipline"": ""Command / Overhead"", ""type_code"": ""Tier-II"", ""kind"": """", ""reference_url"": ""https://www.ffca.org/assets/docs/SERP/FL-Typed%20Resource%20Guidence%20Document.pdf"", ""notes"": """", ""typed_level"": ""Type III""}, {""nims_name"": ""Ambulance Strike Team Leader"", ""discipline"": ""Command / Overhead"", ""type_code"": ""Tier-II"", ""kind"": """", ""reference_url"": ""https://www.ffca.org/assets/docs/SERP/FL-Typed%20Resource%20Guidence%20Document.pdf"", ""notes"": """", ""typed_level"": ""Type IV""}]"
183,Emergency Medical Task Force,Emergency Medical Task Force,Team,AHJ Custom,Florida / FFCA-SERP,,each,1.0,,False,False,True,,2026-06-10T02:32:17,2026-06-10T02:32:17,fl_seed,fl_seed,[],"[17, 18, 19]","[""Advanced Life Support (ALS)"", ""Basic Life Support (BLS)"", ""Mass Casualty Operations""]",[],"[{""nims_name"": ""Emergency Medical Task Force"", ""discipline"": ""Command / Overhead"", ""type_code"": ""Tier-I"", ""kind"": """", ""reference_url"": ""https://www.ffca.org/assets/docs/SERP/FL-Typed%20Resource%20Guidence%20Document.pdf"", ""notes"": """", ""typed_level"": ""Type I""}, {""nims_name"": ""Emergency Medical Task Force"", ""discipline"": ""Command / Overhead"", ""type_code"": ""Tier-I"", ""kind"": """", ""reference_url"": ""https://www.ffca.org/assets/docs/SERP/FL-Typed%20Resource%20Guidence%20Document.pdf"", ""notes"": """", ""typed_level"": ""Type II""}, {""nims_name"": ""Emergency Medical Task Force"", ""discipline"": ""Command / Overhead"", ""type_code"": ""Tier-I"", ""kind"": """", ""reference_url"": ""https://www.ffca.org/assets/docs/SERP/FL-Typed%20Resource%20Guidence%20Document.pdf"", ""notes"": """", ""typed_level"": ""Type III""}, {""nims_name"": ""Emergency Medical Task Force"", ""discipline"": ""Command / Overhead"", ""type_code"": ""Tier-I"", ""kind"": """", ""reference_url"": ""https://www.ffca.org/assets/docs/SERP/FL-Typed%20Resource%20Guidence%20Document.pdf"", ""notes"": """", ""typed_level"": ""Type IV""}]"
184,Mass Casualty Support Vehicle,Mass Casualty Support Vehicle,Equipment,AHJ Custom,Florida / FFCA-SERP,,each,1.0,,False,False,True,,2026-06-10T02:32:17,2026-06-10T02:32:17,fl_seed,fl_seed,[],"[17, 18, 19, 37]","[""Advanced Life Support (ALS)"", ""Basic Life Support (BLS)"", ""Mass Casualty Operations"", ""Ground Transport""]",[],"[{""nims_name"": ""Mass Casualty Support Vehicle"", ""discipline"": ""Emergency Medical Services"", ""type_code"": ""Tier-I"", ""kind"": """", ""reference_url"": ""https://www.ffca.org/assets/docs/SERP/FL-Typed%20Resource%20Guidence%20Document.pdf"", ""notes"": """", ""typed_level"": ""Type I""}, {""nims_name"": ""Mass Casualty Support Vehicle"", ""discipline"": ""Emergency Medical Services"", ""type_code"": ""Tier-I"", ""kind"": """", ""reference_url"": ""https://www.ffca.org/assets/docs/SERP/FL-Typed%20Resource%20Guidence%20Document.pdf"", ""notes"": """", ""typed_level"": ""Type II""}, {""nims_name"": ""Mass Casualty Support Vehicle"", ""discipline"": ""Emergency Medical Services"", ""type_code"": ""Tier-I"", ""kind"": """", ""reference_url"": ""https://www.ffca.org/assets/docs/SERP/FL-Typed%20Resource%20Guidence%20Document.pdf"", ""notes"": """", ""typed_level"": ""Type III""}, {""nims_name"": ""Mass Casualty Support Vehicle"", ""discipline"": ""Emergency Medical Services"", ""type_code"": ""Tier-I"", ""kind"": """", ""reference_url"": ""https://www.ffca.org/assets/docs/SERP/FL-Typed%20Resource%20Guidence%20Document.pdf"", ""notes"": """", ""typed_level"": ""Type IV""}]"
185,Multi-Patient Medical Transport Vehicle,Multi-Patient Medical Transport Vehicle,Equipment,AHJ Custom,Florida / FFCA-SERP,,each,1.0,,False,False,True,,2026-06-10T02:32:17,2026-06-10T02:32:17,fl_seed,fl_seed,[],"[17, 18, 19, 37]","[""Advanced Life Support (ALS)"", ""Basic Life Support (BLS)"", ""Mass Casualty Operations"", ""Ground Transport""]",[],"[{""nims_name"": ""Multi-Patient Medical Transport Vehicle"", ""discipline"": ""Emergency Medical Services"", ""type_code"": ""Tier-I"", ""kind"": """", ""reference_url"": ""https://www.ffca.org/assets/docs/SERP/FL-Typed%20Resource%20Guidence%20Document.pdf"", ""notes"": """", ""typed_level"": ""Type I""}, {""nims_name"": ""Multi-Patient Medical Transport Vehicle"", ""discipline"": ""Emergency Medical Services"", ""type_code"": ""Tier-I"", ""kind"": """", ""reference_url"": ""https://www.ffca.org/assets/docs/SERP/FL-Typed%20Resource%20Guidence%20Document.pdf"", ""notes"": """", ""typed_level"": ""Type II""}, {""nims_name"": ""Multi-Patient Medical Transport Vehicle"", ""discipline"": ""Emergency Medical Services"", ""type_code"": ""Tier-I"", ""kind"": """", ""reference_url"": ""https://www.ffca.org/assets/docs/SERP/FL-Typed%20Resource%20Guidence%20Document.pdf"", ""notes"": """", ""typed_level"": ""Type III""}, {""nims_name"": ""Multi-Patient Medical Transport Vehicle"", ""discipline"": ""Emergency Medical Services"", ""type_code"": ""Tier-I"", ""kind"": """", ""reference_url"": ""https://www.ffca.org/assets/docs/SERP/FL-Typed%20Resource%20Guidence%20Document.pdf"", ""notes"": """", ""typed_level"": ""Type IV""}]"
186,Rescue (EMS),Rescue (EMS),Equipment,AHJ Custom,Florida / FFCA-SERP,,each,1.0,,False,False,True,,2026-06-10T02:32:17,2026-06-10T02:32:17,fl_seed,fl_seed,[],"[1, 17, 18, 19]","[""Technical Rescue"", ""Advanced Life Support (ALS)"", ""Basic Life Support (BLS)"", ""Mass Casualty Operations""]",[],"[{""nims_name"": ""Rescue (EMS)"", ""discipline"": ""Emergency Medical Services"", ""type_code"": ""Tier-II"", ""kind"": """", ""reference_url"": ""https://www.ffca.org/assets/docs/SERP/FL-Typed%20Resource%20Guidence%20Document.pdf"", ""notes"": """", ""typed_level"": ""Type I""}, {""nims_name"": ""Rescue (EMS)"", ""discipline"": ""Emergency Medical Services"", ""type_code"": ""Tier-II"", ""kind"": """", ""reference_url"": ""https://www.ffca.org/assets/docs/SERP/FL-Typed%20Resource%20Guidence%20Document.pdf"", ""notes"": """", ""typed_level"": ""Type II""}, {""nims_name"": ""Rescue (EMS)"", ""discipline"": ""Emergency Medical Services"", ""type_code"": ""Tier-II"", ""kind"": """", ""reference_url"": ""https://www.ffca.org/assets/docs/SERP/FL-Typed%20Resource%20Guidence%20Document.pdf"", ""notes"": """", ""typed_level"": ""Type III""}, {""nims_name"": ""Rescue (EMS)"", ""discipline"": ""Emergency Medical Services"", ""type_code"": ""Tier-II"", ""kind"": """", ""reference_url"": ""https://www.ffca.org/assets/docs/SERP/FL-Typed%20Resource%20Guidence%20Document.pdf"", ""notes"": """", ""typed_level"": ""Type IV""}]"
187,Rescue (EMS) Strike Team,Rescue (EMS) Strike Team,Team,AHJ Custom,Florida / FFCA-SERP,,each,1.0,,False,False,True,,2026-06-10T02:32:17,2026-06-10T02:32:17,fl_seed,fl_seed,[],"[1, 17, 18, 19]","[""Technical Rescue"", ""Advanced Life Support (ALS)"", ""Basic Life Support (BLS)"", ""Mass Casualty Operations""]",[],"[{""nims_name"": ""Rescue (EMS) Strike Team"", ""discipline"": ""Emergency Medical Services"", ""type_code"": ""Tier-II"", ""kind"": """", ""reference_url"": ""https://www.ffca.org/assets/docs/SERP/FL-Typed%20Resource%20Guidence%20Document.pdf"", ""notes"": """", ""typed_level"": ""Type I""}, {""nims_name"": ""Rescue (EMS) Strike Team"", ""discipline"": ""Emergency Medical Services"", ""type_code"": ""Tier-II"", ""kind"": """", ""reference_url"": ""https://www.ffca.org/assets/docs/SERP/FL-Typed%20Resource%20Guidence%20Document.pdf"", ""notes"": """", ""typed_level"": ""Type II""}, {""nims_name"": ""Rescue (EMS) Strike Team"", ""discipline"": ""Emergency Medical Services"", ""type_code"": ""Tier-II"", ""kind"": """", ""reference_url"": ""https://www.ffca.org/assets/docs/SERP/FL-Typed%20Resource%20Guidence%20Document.pdf"", ""notes"": """", ""typed_level"": ""Type III""}, {""nims_name"": ""Rescue (EMS) Strike Team"", ""discipline"": ""Emergency Medical Services"", ""type_code"": ""Tier-II"", ""kind"": """", ""reference_url"": ""https://www.ffca.org/assets/docs/SERP/FL-Typed%20Resource%20Guidence%20Document.pdf"", ""notes"": """", ""typed_level"": ""Type IV""}]"
188,Rescue (EMS) Strike Team Leader,Rescue (EMS) Strike Team Leader,Personnel,AHJ Custom,Florida / FFCA-SERP,,each,1.0,,False,False,True,,2026-06-10T02:32:17,2026-06-10T02:32:17,fl_seed,fl_seed,[],"[1, 17, 18, 19]","[""Technical Rescue"", ""Advanced Life Support (ALS)"", ""Basic Life Support (BLS)"", ""Mass Casualty Operations""]",[],"[{""nims_name"": ""Rescue (EMS) Strike Team Leader"", ""discipline"": ""Emergency Medical Services"", ""type_code"": """", ""kind"": """", ""reference_url"": ""https://www.ffca.org/assets/docs/SERP/FL-Typed%20Resource%20Guidence%20Document.pdf"", ""notes"": """", ""typed_level"": ""Type I""}, {""nims_name"": ""Rescue (EMS) Strike Team Leader"", ""discipline"": ""Emergency Medical Services"", ""type_code"": """", ""kind"": """", ""reference_url"": ""https://www.ffca.org/assets/docs/SERP/FL-Typed%20Resource%20Guidence%20Document.pdf"", ""notes"": """", ""typed_level"": ""Type II""}, {""nims_name"": ""Rescue (EMS) Strike Team Leader"", ""discipline"": ""Emergency Medical Services"", ""type_code"": """", ""kind"": """", ""reference_url"": ""https://www.ffca.org/assets/docs/SERP/FL-Typed%20Resource%20Guidence%20Document.pdf"", ""notes"": """", ""typed_level"": ""Type III""}, {""nims_name"": ""Rescue (EMS) Strike Team Leader"", ""discipline"": ""Emergency Medical Services"", ""type_code"": """", ""kind"": """", ""reference_url"": ""https://www.ffca.org/assets/docs/SERP/FL-Typed%20Resource%20Guidence%20Document.pdf"", ""notes"": """", ""typed_level"": ""Type IV""}]"
189,Air Supply Truck,Air Supply Truck,Equipment,AHJ Custom,Florida / FFCA-SERP,,each,1.0,,False,False,True,,2026-06-10T02:32:17,2026-06-10T02:32:17,fl_seed,fl_seed,[],[13],"[""Hazardous Materials Response""]",[],"[{""nims_name"": ""Air Supply Truck"", ""discipline"": ""Fire / Hazardous Materials"", ""type_code"": ""Tier-II"", ""kind"": ""Equipment"", ""reference_url"": ""https://www.ffca.org/assets/docs/SERP/FL-Typed%20Resource%20Guidence%20Document.pdf"", ""notes"": """", ""typed_level"": ""Type I""}, {""nims_name"": ""Air Supply Truck"", ""discipline"": ""Fire / Hazardous Materials"", ""type_code"": ""Tier-II"", ""kind"": ""Equipment"", ""reference_url"": ""https://www.ffca.org/assets/docs/SERP/FL-Typed%20Resource%20Guidence%20Document.pdf"", ""notes"": """", ""typed_level"": ""Type II""}, {""nims_name"": ""Air Supply Truck"", ""discipline"": ""Fire / Hazardous Materials"", ""type_code"": ""Tier-II"", ""kind"": ""Equipment"", ""reference_url"": ""https://www.ffca.org/assets/docs/SERP/FL-Typed%20Resource%20Guidence%20Document.pdf"", ""notes"": """", ""typed_level"": ""Type III""}, {""nims_name"": ""Air Supply Truck"", ""discipline"": ""Fire / Hazardous Materials"", ""type_code"": ""Tier-II"", ""kind"": ""Equipment"", ""reference_url"": ""https://www.ffca.org/assets/docs/SERP/FL-Typed%20Resource%20Guidence%20Document.pdf"", ""notes"": """", ""typed_level"": ""Type IV""}]"
190,All Terrain Vehicle (ATV),All Terrain Vehicle (ATV),Equipment,AHJ Custom,Florida / FFCA-SERP,,each,1.0,,False,False,True,,2026-06-10T02:32:17,2026-06-10T02:32:17,fl_seed,fl_seed,[],[37],"[""Ground Transport""]",[],"[{""nims_name"": ""All Terrain Vehicle (ATV)"", ""discipline"": ""Fire / Hazardous Materials"", ""type_code"": ""Tier-II"", ""kind"": ""Equipment"", ""reference_url"": ""https://www.ffca.org/assets/docs/SERP/FL-Typed%20Resource%20Guidence%20Document.pdf"", ""notes"": """", ""typed_level"": ""Type I""}, {""nims_name"": ""All Terrain Vehicle (ATV)"", ""discipline"": ""Fire / Hazardous Materials"", ""type_code"": ""Tier-II"", ""kind"": ""Equipment"", ""reference_url"": ""https://www.ffca.org/assets/docs/SERP/FL-Typed%20Resource%20Guidence%20Document.pdf"", ""notes"": """", ""typed_level"": ""Type II""}, {""nims_name"": ""All Terrain Vehicle (ATV)"", ""discipline"": ""Fire / Hazardous Materials"", ""type_code"": ""Tier-II"", ""kind"": ""Equipment"", ""reference_url"": ""https://www.ffca.org/assets/docs/SERP/FL-Typed%20Resource%20Guidence%20Document.pdf"", ""notes"": """", ""typed_level"": ""Type III""}, {""nims_name"": ""All Terrain Vehicle (ATV)"", ""discipline"": ""Fire / Hazardous Materials"", ""type_code"": ""Tier-II"", ""kind"": ""Equipment"", ""reference_url"": ""https://www.ffca.org/assets/docs/SERP/FL-Typed%20Resource%20Guidence%20Document.pdf"", ""notes"": """", ""typed_level"": ""Type IV""}]"
191,Brush/Woods Truck,Brush/Woods Truck,Equipment,AHJ Custom,Florida / FFCA-SERP,,each,1.0,,False,False,True,,2026-06-10T02:32:17,2026-06-10T02:32:17,fl_seed,fl_seed,[],[11],"[""Wildland Firefighting""]",[],"[{""nims_name"": ""Brush/Woods Truck"", ""discipline"": ""Fire / Hazardous Materials"", ""type_code"": ""Tier-I"", ""kind"": ""Equipment"", ""reference_url"": ""https://www.ffca.org/assets/docs/SERP/FL-Typed%20Resource%20Guidence%20Document.pdf"", ""notes"": """", ""typed_level"": ""Type I""}, {""nims_name"": ""Brush/Woods Truck"", ""discipline"": ""Fire / Hazardous Materials"", ""type_code"": ""Tier-I"", ""kind"": ""Equipment"", ""reference_url"": ""https://www.ffca.org/assets/docs/SERP/FL-Typed%20Resource%20Guidence%20Document.pdf"", ""notes"": """", ""typed_level"": ""Type II""}, {""nims_name"": ""Brush/Woods Truck"", ""discipline"": ""Fire / Hazardous Materials"", ""type_code"": ""Tier-I"", ""kind"": ""Equipment"", ""reference_url"": ""https://www.ffca.org/assets/docs/SERP/FL-Typed%20Resource%20Guidence%20Document.pdf"", ""notes"": """", ""typed_level"": ""Type III""}, {""nims_name"": ""Brush/Woods Truck"", ""discipline"": ""Fire / Hazardous Materials"", ""type_code"": ""Tier-I"", ""kind"": ""Equipment"", ""reference_url"": ""https://www.ffca.org/assets/docs/SERP/FL-Typed%20Resource%20Guidence%20Document.pdf"", ""notes"": """", ""typed_level"": ""Type IV""}]"
192,Brush/Woods Truck Strike Team,Brush/Woods Truck Strike Team,Team,AHJ Custom,Florida / FFCA-SERP,,each,1.0,,False,False,True,,2026-06-10T02:32:17,2026-06-10T02:32:17,fl_seed,fl_seed,[],[11],"[""Wildland Firefighting""]",[],"[{""nims_name"": ""Brush/Woods Truck Strike Team"", ""discipline"": ""Fire / Hazardous Materials"", ""type_code"": """", ""kind"": ""Team"", ""reference_url"": ""https://www.ffca.org/assets/docs/SERP/FL-Typed%20Resource%20Guidence%20Document.pdf"", ""notes"": """", ""typed_level"": ""Type I""}, {""nims_name"": ""Brush/Woods Truck Strike Team"", ""discipline"": ""Fire / Hazardous Materials"", ""type_code"": """", ""kind"": ""Team"", ""reference_url"": ""https://www.ffca.org/assets/docs/SERP/FL-Typed%20Resource%20Guidence%20Document.pdf"", ""notes"": """", ""typed_level"": ""Type II""}, {""nims_name"": ""Brush/Woods Truck Strike Team"", ""discipline"": ""Fire / Hazardous Materials"", ""type_code"": """", ""kind"": ""Team"", ""reference_url"": ""https://www.ffca.org/assets/docs/SERP/FL-Typed%20Resource%20Guidence%20Document.pdf"", ""notes"": """", ""typed_level"": ""Type III""}, {""nims_name"": ""Brush/Woods Truck Strike Team"", ""discipline"": ""Fire / Hazardous Materials"", ""type_code"": """", ""kind"": ""Team"", ""reference_url"": ""https://www.ffca.org/assets/docs/SERP/FL-Typed%20Resource%20Guidence%20Document.pdf"", ""notes"": """", ""typed_level"": ""Type IV""}]"
193,Brush/Woods Truck Strike Team Leader,Brush/Woods Truck Strike Team Leader,Personnel,AHJ Custom,Florida / FFCA-SERP,,each,1.0,,False,False,True,,2026-06-10T02:32:17,2026-06-10T02:32:17,fl_seed,fl_seed,[],[11],"[""Wildland Firefighting""]",[],"[{""nims_name"": ""Brush/Woods Truck Strike Team Leader"", ""discipline"": ""Fire / Hazardous Materials"", ""type_code"": """", ""kind"": """", ""reference_url"": ""https://www.ffca.org/assets/docs/SERP/FL-Typed%20Resource%20Guidence%20Document.pdf"", ""notes"": """", ""typed_level"": ""Type I""}, {""nims_name"": ""Brush/Woods Truck Strike Team Leader"", ""discipline"": ""Fire / Hazardous Materials"", ""type_code"": """", ""kind"": """", ""reference_url"": ""https://www.ffca.org/assets/docs/SERP/FL-Typed%20Resource%20Guidence%20Document.pdf"", ""notes"": """", ""typed_level"": ""Type II""}, {""nims_name"": ""Brush/Woods Truck Strike Team Leader"", ""discipline"": ""Fire / Hazardous Materials"", ""type_code"": """", ""kind"": """", ""reference_url"": ""https://www.ffca.org/assets/docs/SERP/FL-Typed%20Resource%20Guidence%20Document.pdf"", ""notes"": """", ""typed_level"": ""Type III""}, {""nims_name"": ""Brush/Woods Truck Strike Team Leader"", ""discipline"": ""Fire / Hazardous Materials"", ""type_code"": """", ""kind"": """", ""reference_url"": ""https://www.ffca.org/assets/docs/SERP/FL-Typed%20Resource%20Guidence%20Document.pdf"", ""notes"": """", ""typed_level"": ""Type IV""}]"
194,Crash Fire Rescue (Airport),Crash Fire Rescue (Airport),Equipment,AHJ Custom,Florida / FFCA-SERP,,each,1.0,,False,False,True,,2026-06-10T02:32:17,2026-06-10T02:32:17,fl_seed,fl_seed,[],"[10, 12]","[""Structural Firefighting"", ""Aerial Firefighting""]",[],"[{""nims_name"": ""Crash Fire Rescue (Airport)"", ""discipline"": ""Fire / Hazardous Materials"", ""type_code"": """", ""kind"": ""Equipment"", ""reference_url"": ""https://www.ffca.org/assets/docs/SERP/FL-Typed%20Resource%20Guidence%20Document.pdf"", ""notes"": """", ""typed_level"": ""Type I""}, {""nims_name"": ""Crash Fire Rescue (Airport)"", ""discipline"": ""Fire / Hazardous Materials"", ""type_code"": """", ""kind"": ""Equipment"", ""reference_url"": ""https://www.ffca.org/assets/docs/SERP/FL-Typed%20Resource%20Guidence%20Document.pdf"", ""notes"": """", ""typed_level"": ""Type II""}, {""nims_name"": ""Crash Fire Rescue (Airport)"", ""discipline"": ""Fire / Hazardous Materials"", ""type_code"": """", ""kind"": ""Equipment"", ""reference_url"": ""https://www.ffca.org/assets/docs/SERP/FL-Typed%20Resource%20Guidence%20Document.pdf"", ""notes"": """", ""typed_level"": ""Type III""}, {""nims_name"": ""Crash Fire Rescue (Airport)"", ""discipline"": ""Fire / Hazardous Materials"", ""type_code"": """", ""kind"": ""Equipment"", ""reference_url"": ""https://www.ffca.org/assets/docs/SERP/FL-Typed%20Resource%20Guidence%20Document.pdf"", ""notes"": """", ""typed_level"": ""Type IV""}]"
195,Crew Transport,Crew Transport,Equipment,AHJ Custom,Florida / FFCA-SERP,,each,1.0,,False,False,True,,2026-06-10T02:32:17,2026-06-10T02:32:17,fl_seed,fl_seed,[],[37],"[""Ground Transport""]",[],"[{""nims_name"": ""Crew Transport"", ""discipline"": ""Fire / Hazardous Materials"", ""type_code"": ""Tier-I"", ""kind"": ""Equipment"", ""reference_url"": ""https://www.ffca.org/assets/docs/SERP/FL-Typed%20Resource%20Guidence%20Document.pdf"", ""notes"": """", ""typed_level"": ""Type I""}, {""nims_name"": ""Crew Transport"", ""discipline"": ""Fire / Hazardous Materials"", ""type_code"": ""Tier-I"", ""kind"": ""Equipment"", ""reference_url"": ""https://www.ffca.org/assets/docs/SERP/FL-Typed%20Resource%20Guidence%20Document.pdf"", ""notes"": """", ""typed_level"": ""Type II""}, {""nims_name"": ""Crew Transport"", ""discipline"": ""Fire / Hazardous Materials"", ""type_code"": ""Tier-I"", ""kind"": ""Equipment"", ""reference_url"": ""https://www.ffca.org/assets/docs/SERP/FL-Typed%20Resource%20Guidence%20Document.pdf"", ""notes"": """", ""typed_level"": ""Type III""}, {""nims_name"": ""Crew Transport"", ""discipline"": ""Fire / Hazardous Materials"", ""type_code"": ""Tier-I"", ""kind"": ""Equipment"", ""reference_url"": ""https://www.ffca.org/assets/docs/SERP/FL-Typed%20Resource%20Guidence%20Document.pdf"", ""notes"": """", ""typed_level"": ""Type IV""}]"
196,Field Mobile Mechanic,Field Mobile Mechanic,Equipment,AHJ Custom,Florida / FFCA-SERP,,each,1.0,,False,False,True,,2026-06-10T02:32:18,2026-06-10T02:32:18,fl_seed,fl_seed,[],"[37, 41]","[""Ground Transport"", ""Equipment Maintenance""]",[],"[{""nims_name"": ""Field Mobile Mechanic"", ""discipline"": ""Fire / Hazardous Materials"", ""type_code"": """", ""kind"": ""Equipment"", ""reference_url"": ""https://www.ffca.org/assets/docs/SERP/FL-Typed%20Resource%20Guidence%20Document.pdf"", ""notes"": """", ""typed_level"": ""Type I""}, {""nims_name"": ""Field Mobile Mechanic"", ""discipline"": ""Fire / Hazardous Materials"", ""type_code"": """", ""kind"": ""Equipment"", ""reference_url"": ""https://www.ffca.org/assets/docs/SERP/FL-Typed%20Resource%20Guidence%20Document.pdf"", ""notes"": """", ""typed_level"": ""Type II""}, {""nims_name"": ""Field Mobile Mechanic"", ""discipline"": ""Fire / Hazardous Materials"", ""type_code"": """", ""kind"": ""Equipment"", ""reference_url"": ""https://www.ffca.org/assets/docs/SERP/FL-Typed%20Resource%20Guidence%20Document.pdf"", ""notes"": """", ""typed_level"": ""Type III""}, {""nims_name"": ""Field Mobile Mechanic"", ""discipline"": ""Fire / Hazardous Materials"", ""type_code"": """", ""kind"": ""Equipment"", ""reference_url"": ""https://www.ffca.org/assets/docs/SERP/FL-Typed%20Resource%20Guidence%20Document.pdf"", ""notes"": """", ""typed_level"": ""Type IV""}]"
197,Firefighter Rehab Unit,Firefighter Rehab Unit,Equipment,AHJ Custom,Florida / FFCA-SERP,,each,1.0,,False,False,True,,2026-06-10T02:32:18,2026-06-10T02:32:18,fl_seed,fl_seed,[],"[10, 11]","[""Structural Firefighting"", ""Wildland Firefighting""]",[],"[{""nims_name"": ""Firefighter Rehab Unit"", ""discipline"": ""Fire / Hazardous Materials"", ""type_code"": ""Tier-II"", ""kind"": """", ""reference_url"": ""https://www.ffca.org/assets/docs/SERP/FL-Typed%20Resource%20Guidence%20Document.pdf"", ""notes"": """", ""typed_level"": ""Type I""}, {""nims_name"": ""Firefighter Rehab Unit"", ""discipline"": ""Fire / Hazardous Materials"", ""type_code"": ""Tier-II"", ""kind"": """", ""reference_url"": ""https://www.ffca.org/assets/docs/SERP/FL-Typed%20Resource%20Guidence%20Document.pdf"", ""notes"": """", ""typed_level"": ""Type II""}, {""nims_name"": ""Firefighter Rehab Unit"", ""discipline"": ""Fire / Hazardous Materials"", ""type_code"": ""Tier-II"", ""kind"": """", ""reference_url"": ""https://www.ffca.org/assets/docs/SERP/FL-Typed%20Resource%20Guidence%20Document.pdf"", ""notes"": """", ""typed_level"": ""Type III""}, {""nims_name"": ""Firefighter Rehab Unit"", ""discipline"": ""Fire / Hazardous Materials"", ""type_code"": ""Tier-II"", ""kind"": """", ""reference_url"": ""https://www.ffca.org/assets/docs/SERP/FL-Typed%20Resource%20Guidence%20Document.pdf"", ""notes"": """", ""typed_level"": ""Type IV""}]"
198,Fire Engine (Pumper),Fire Engine (Pumper),Equipment,AHJ Custom,Florida / FFCA-SERP,,each,1.0,,False,False,True,,2026-06-10T02:32:18,2026-06-10T02:32:18,fl_seed,fl_seed,[],[10],"[""Structural Firefighting""]",[],"[{""nims_name"": ""Fire Engine (Pumper)"", ""discipline"": ""Fire / Hazardous Materials"", ""type_code"": ""Tier-I"", ""kind"": ""EquipmentEquipmentEq"", ""reference_url"": ""https://www.ffca.org/assets/docs/SERP/FL-Typed%20Resource%20Guidence%20Document.pdf"", ""notes"": """", ""typed_level"": ""Type I""}, {""nims_name"": ""Fire Engine (Pumper)"", ""discipline"": ""Fire / Hazardous Materials"", ""type_code"": ""Tier-I"", ""kind"": ""EquipmentEquipmentEq"", ""reference_url"": ""https://www.ffca.org/assets/docs/SERP/FL-Typed%20Resource%20Guidence%20Document.pdf"", ""notes"": """", ""typed_level"": ""Type II""}, {""nims_name"": ""Fire Engine (Pumper)"", ""discipline"": ""Fire / Hazardous Materials"", ""type_code"": ""Tier-I"", ""kind"": ""EquipmentEquipmentEq"", ""reference_url"": ""https://www.ffca.org/assets/docs/SERP/FL-Typed%20Resource%20Guidence%20Document.pdf"", ""notes"": """", ""typed_level"": ""Type III""}, {""nims_name"": ""Fire Engine (Pumper)"", ""discipline"": ""Fire / Hazardous Materials"", ""type_code"": ""Tier-I"", ""kind"": ""EquipmentEquipmentEq"", ""reference_url"": ""https://www.ffca.org/assets/docs/SERP/FL-Typed%20Resource%20Guidence%20Document.pdf"", ""notes"": """", ""typed_level"": ""Type IV""}]"
199,Fire Engine Strike Team,Fire Engine Strike Team,Team,AHJ Custom,Florida / FFCA-SERP,,each,1.0,,False,False,True,,2026-06-10T02:32:18,2026-06-10T02:32:18,fl_seed,fl_seed,[],[10],"[""Structural Firefighting""]",[],"[{""nims_name"": ""Fire Engine Strike Team"", ""discipline"": ""Fire / Hazardous Materials"", ""type_code"": ""Tier-I"", ""kind"": ""Team"", ""reference_url"": ""https://www.ffca.org/assets/docs/SERP/FL-Typed%20Resource%20Guidence%20Document.pdf"", ""notes"": """", ""typed_level"": ""Type I""}, {""nims_name"": ""Fire Engine Strike Team"", ""discipline"": ""Fire / Hazardous Materials"", ""type_code"": ""Tier-I"", ""kind"": ""Team"", ""reference_url"": ""https://www.ffca.org/assets/docs/SERP/FL-Typed%20Resource%20Guidence%20Document.pdf"", ""notes"": """", ""typed_level"": ""Type II""}, {""nims_name"": ""Fire Engine Strike Team"", ""discipline"": ""Fire / Hazardous Materials"", ""type_code"": ""Tier-I"", ""kind"": ""Team"", ""reference_url"": ""https://www.ffca.org/assets/docs/SERP/FL-Typed%20Resource%20Guidence%20Document.pdf"", ""notes"": """", ""typed_level"": ""Type III""}, {""nims_name"": ""Fire Engine Strike Team"", ""discipline"": ""Fire / Hazardous Materials"", ""type_code"": ""Tier-I"", ""kind"": ""Team"", ""reference_url"": ""https://www.ffca.org/assets/docs/SERP/FL-Typed%20Resource%20Guidence%20Document.pdf"", ""notes"": """", ""typed_level"": ""Type IV""}]"
200,Fire Engine Strike Team Leader,Fire Engine Strike Team Leader,Personnel,AHJ Custom,Florida / FFCA-SERP,,each,1.0,,False,False,True,,2026-06-10T02:32:18,2026-06-10T02:32:18,fl_seed,fl_seed,[],[10],"[""Structural Firefighting""]",[],"[{""nims_name"": ""Fire Engine Strike Team Leader"", ""discipline"": ""Fire / Hazardous Materials"", ""type_code"": ""Tier-II"", ""kind"": """", ""reference_url"": ""https://www.ffca.org/assets/docs/SERP/FL-Typed%20Resource%20Guidence%20Document.pdf"", ""notes"": """", ""typed_level"": ""Type I""}, {""nims_name"": ""Fire Engine Strike Team Leader"", ""discipline"": ""Fire / Hazardous Materials"", ""type_code"": ""Tier-II"", ""kind"": """", ""reference_url"": ""https://www.ffca.org/assets/docs/SERP/FL-Typed%20Resource%20Guidence%20Document.pdf"", ""notes"": """", ""typed_level"": ""Type II""}, {""nims_name"": ""Fire Engine Strike Team Leader"", ""discipline"": ""Fire / Hazardous Materials"", ""type_code"": ""Tier-II"", ""kind"": """", ""reference_url"": ""https://www.ffca.org/assets/docs/SERP/FL-Typed%20Resource%20Guidence%20Document.pdf"", ""notes"": """", ""typed_level"": ""Type III""}, {""nims_name"": ""Fire Engine Strike Team Leader"", ""discipline"": ""Fire / Hazardous Materials"", ""type_code"": ""Tier-II"", ""kind"": """", ""reference_url"": ""https://www.ffca.org/assets/docs/SERP/FL-Typed%20Resource%20Guidence%20Document.pdf"", ""notes"": """", ""typed_level"": ""Type IV""}]"
201,Fire Engine Strike Team Leader-Wildland,Fire Engine Strike Team Leader-Wildland,Personnel,AHJ Custom,Florida / FFCA-SERP,,each,1.0,,False,False,True,,2026-06-10T02:32:18,2026-06-10T02:32:18,fl_seed,fl_seed,[],"[10, 11]","[""Structural Firefighting"", ""Wildland Firefighting""]",[],"[{""nims_name"": ""Fire Engine Strike Team Leader-Wildland"", ""discipline"": ""Fire / Hazardous Materials"", ""type_code"": ""Tier-II"", ""kind"": """", ""reference_url"": ""https://www.ffca.org/assets/docs/SERP/FL-Typed%20Resource%20Guidence%20Document.pdf"", ""notes"": """", ""typed_level"": ""Type I""}, {""nims_name"": ""Fire Engine Strike Team Leader-Wildland"", ""discipline"": ""Fire / Hazardous Materials"", ""type_code"": ""Tier-II"", ""kind"": """", ""reference_url"": ""https://www.ffca.org/assets/docs/SERP/FL-Typed%20Resource%20Guidence%20Document.pdf"", ""notes"": """", ""typed_level"": ""Type II""}, {""nims_name"": ""Fire Engine Strike Team Leader-Wildland"", ""discipline"": ""Fire / Hazardous Materials"", ""type_code"": ""Tier-II"", ""kind"": """", ""reference_url"": ""https://www.ffca.org/assets/docs/SERP/FL-Typed%20Resource%20Guidence%20Document.pdf"", ""notes"": """", ""typed_level"": ""Type III""}, {""nims_name"": ""Fire Engine Strike Team Leader-Wildland"", ""discipline"": ""Fire / Hazardous Materials"", ""type_code"": ""Tier-II"", ""kind"": """", ""reference_url"": ""https://www.ffca.org/assets/docs/SERP/FL-Typed%20Resource%20Guidence%20Document.pdf"", ""notes"": """", ""typed_level"": ""Type IV""}]"
202,Fire Investigator,Fire Investigator,Personnel,AHJ Custom,Florida / FFCA-SERP,,each,1.0,,False,False,True,,2026-06-10T02:32:18,2026-06-10T02:32:18,fl_seed,fl_seed,[],[11],"[""Wildland Firefighting""]",[],"[{""nims_name"": ""Fire Investigator"", ""discipline"": ""Fire / Hazardous Materials"", ""type_code"": ""Tier-II"", ""kind"": """", ""reference_url"": ""https://www.ffca.org/assets/docs/SERP/FL-Typed%20Resource%20Guidence%20Document.pdf"", ""notes"": """", ""typed_level"": ""Type I""}, {""nims_name"": ""Fire Investigator"", ""discipline"": ""Fire / Hazardous Materials"", ""type_code"": ""Tier-II"", ""kind"": """", ""reference_url"": ""https://www.ffca.org/assets/docs/SERP/FL-Typed%20Resource%20Guidence%20Document.pdf"", ""notes"": """", ""typed_level"": ""Type II""}, {""nims_name"": ""Fire Investigator"", ""discipline"": ""Fire / Hazardous Materials"", ""type_code"": ""Tier-II"", ""kind"": """", ""reference_url"": ""https://www.ffca.org/assets/docs/SERP/FL-Typed%20Resource%20Guidence%20Document.pdf"", ""notes"": """", ""typed_level"": ""Type III""}, {""nims_name"": ""Fire Investigator"", ""discipline"": ""Fire / Hazardous Materials"", ""type_code"": ""Tier-II"", ""kind"": """", ""reference_url"": ""https://www.ffca.org/assets/docs/SERP/FL-Typed%20Resource%20Guidence%20Document.pdf"", ""notes"": """", ""typed_level"": ""Type IV""}]"
203,"Helicopters, Firefighting","Helicopters, Firefighting",Aircraft,AHJ Custom,Florida / FFCA-SERP,,each,1.0,,False,False,True,,2026-06-10T02:32:18,2026-06-10T02:32:18,fl_seed,fl_seed,[],"[12, 38]","[""Aerial Firefighting"", ""Air Transport""]",[],"[{""nims_name"": ""Helicopters, Firefighting"", ""discipline"": ""Fire / Hazardous Materials"", ""type_code"": ""Tier-I"", ""kind"": ""Aircraft"", ""reference_url"": ""https://www.ffca.org/assets/docs/SERP/FL-Typed%20Resource%20Guidence%20Document.pdf"", ""notes"": """", ""typed_level"": ""Type I""}, {""nims_name"": ""Helicopters, Firefighting"", ""discipline"": ""Fire / Hazardous Materials"", ""type_code"": ""Tier-I"", ""kind"": ""Aircraft"", ""reference_url"": ""https://www.ffca.org/assets/docs/SERP/FL-Typed%20Resource%20Guidence%20Document.pdf"", ""notes"": """", ""typed_level"": ""Type II""}, {""nims_name"": ""Helicopters, Firefighting"", ""discipline"": ""Fire / Hazardous Materials"", ""type_code"": ""Tier-I"", ""kind"": ""Aircraft"", ""reference_url"": ""https://www.ffca.org/assets/docs/SERP/FL-Typed%20Resource%20Guidence%20Document.pdf"", ""notes"": """", ""typed_level"": ""Type III""}, {""nims_name"": ""Helicopters, Firefighting"", ""discipline"": ""Fire / Hazardous Materials"", ""type_code"": ""Tier-I"", ""kind"": ""Aircraft"", ""reference_url"": ""https://www.ffca.org/assets/docs/SERP/FL-Typed%20Resource%20Guidence%20Document.pdf"", ""notes"": """", ""typed_level"": ""Type IV""}]"
204,Light Truck,Light Truck,Equipment,AHJ Custom,Florida / FFCA-SERP,,each,1.0,,False,False,True,,2026-06-10T02:32:18,2026-06-10T02:32:18,fl_seed,fl_seed,[],[37],"[""Ground Transport""]",[],"[{""nims_name"": ""Light Truck"", ""discipline"": ""Fire / Hazardous Materials"", ""type_code"": ""Tier-II"", ""kind"": ""Equipment"", ""reference_url"": ""https://www.ffca.org/assets/docs/SERP/FL-Typed%20Resource%20Guidence%20Document.pdf"", ""notes"": """", ""typed_level"": ""Type I""}, {""nims_name"": ""Light Truck"", ""discipline"": ""Fire / Hazardous Materials"", ""type_code"": ""Tier-II"", ""kind"": ""Equipment"", ""reference_url"": ""https://www.ffca.org/assets/docs/SERP/FL-Typed%20Resource%20Guidence%20Document.pdf"", ""notes"": """", ""typed_level"": ""Type II""}, {""nims_name"": ""Light Truck"", ""discipline"": ""Fire / Hazardous Materials"", ""type_code"": ""Tier-II"", ""kind"": ""Equipment"", ""reference_url"": ""https://www.ffca.org/assets/docs/SERP/FL-Typed%20Resource%20Guidence%20Document.pdf"", ""notes"": """", ""typed_level"": ""Type III""}, {""nims_name"": ""Light Truck"", ""discipline"": ""Fire / Hazardous Materials"", ""type_code"": ""Tier-II"", ""kind"": ""Equipment"", ""reference_url"": ""https://www.ffca.org/assets/docs/SERP/FL-Typed%20Resource%20Guidence%20Document.pdf"", ""notes"": """", ""typed_level"": ""Type IV""}]"
205,Portable Fire Pump,Portable Fire Pump,Equipment,AHJ Custom,Florida / FFCA-SERP,,each,1.0,,False,False,True,,2026-06-10T02:32:18,2026-06-10T02:32:18,fl_seed,fl_seed,[],"[10, 52]","[""Structural Firefighting"", ""Water Supply and Distribution""]",[],"[{""nims_name"": ""Portable Fire Pump"", ""discipline"": ""Fire / Hazardous Materials"", ""type_code"": ""Tier-II"", ""kind"": ""Equipment"", ""reference_url"": ""https://www.ffca.org/assets/docs/SERP/FL-Typed%20Resource%20Guidence%20Document.pdf"", ""notes"": """", ""typed_level"": ""Type I""}, {""nims_name"": ""Portable Fire Pump"", ""discipline"": ""Fire / Hazardous Materials"", ""type_code"": ""Tier-II"", ""kind"": ""Equipment"", ""reference_url"": ""https://www.ffca.org/assets/docs/SERP/FL-Typed%20Resource%20Guidence%20Document.pdf"", ""notes"": """", ""typed_level"": ""Type II""}, {""nims_name"": ""Portable Fire Pump"", ""discipline"": ""Fire / Hazardous Materials"", ""type_code"": ""Tier-II"", ""kind"": ""Equipment"", ""reference_url"": ""https://www.ffca.org/assets/docs/SERP/FL-Typed%20Resource%20Guidence%20Document.pdf"", ""notes"": """", ""typed_level"": ""Type III""}, {""nims_name"": ""Portable Fire Pump"", ""discipline"": ""Fire / Hazardous Materials"", ""type_code"": ""Tier-II"", ""kind"": ""Equipment"", ""reference_url"": ""https://www.ffca.org/assets/docs/SERP/FL-Typed%20Resource%20Guidence%20Document.pdf"", ""notes"": """", ""typed_level"": ""Type IV""}]"
206,Structural Task Force,Structural Task Force,Team,AHJ Custom,Florida / FFCA-SERP,,each,1.0,,False,False,True,,2026-06-10T02:32:18,2026-06-10T02:32:18,fl_seed,fl_seed,[],[10],"[""Structural Firefighting""]",[],"[{""nims_name"": ""Structural Task Force"", ""discipline"": ""Fire / Hazardous Materials"", ""type_code"": ""Tier-II"", ""kind"": """", ""reference_url"": ""https://www.ffca.org/assets/docs/SERP/FL-Typed%20Resource%20Guidence%20Document.pdf"", ""notes"": """", ""typed_level"": ""Type I""}, {""nims_name"": ""Structural Task Force"", ""discipline"": ""Fire / Hazardous Materials"", ""type_code"": ""Tier-II"", ""kind"": """", ""reference_url"": ""https://www.ffca.org/assets/docs/SERP/FL-Typed%20Resource%20Guidence%20Document.pdf"", ""notes"": """", ""typed_level"": ""Type II""}, {""nims_name"": ""Structural Task Force"", ""discipline"": ""Fire / Hazardous Materials"", ""type_code"": ""Tier-II"", ""kind"": """", ""reference_url"": ""https://www.ffca.org/assets/docs/SERP/FL-Typed%20Resource%20Guidence%20Document.pdf"", ""notes"": """", ""typed_level"": ""Type III""}, {""nims_name"": ""Structural Task Force"", ""discipline"": ""Fire / Hazardous Materials"", ""type_code"": ""Tier-II"", ""kind"": """", ""reference_url"": ""https://www.ffca.org/assets/docs/SERP/FL-Typed%20Resource%20Guidence%20Document.pdf"", ""notes"": """", ""typed_level"": ""Type IV""}]"
207,Water Tender,Water Tender,Equipment,AHJ Custom,Florida / FFCA-SERP,,each,1.0,,False,False,True,,2026-06-10T02:32:18,2026-06-10T02:32:18,fl_seed,fl_seed,[],"[10, 52]","[""Structural Firefighting"", ""Water Supply and Distribution""]",[],"[{""nims_name"": ""Water Tender"", ""discipline"": ""Fire / Hazardous Materials"", ""type_code"": ""Tier-II"", ""kind"": ""Equipment"", ""reference_url"": ""https://www.ffca.org/assets/docs/SERP/FL-Typed%20Resource%20Guidence%20Document.pdf"", ""notes"": """", ""typed_level"": ""Type I""}, {""nims_name"": ""Water Tender"", ""discipline"": ""Fire / Hazardous Materials"", ""type_code"": ""Tier-II"", ""kind"": ""Equipment"", ""reference_url"": ""https://www.ffca.org/assets/docs/SERP/FL-Typed%20Resource%20Guidence%20Document.pdf"", ""notes"": """", ""typed_level"": ""Type II""}, {""nims_name"": ""Water Tender"", ""discipline"": ""Fire / Hazardous Materials"", ""type_code"": ""Tier-II"", ""kind"": ""Equipment"", ""reference_url"": ""https://www.ffca.org/assets/docs/SERP/FL-Typed%20Resource%20Guidence%20Document.pdf"", ""notes"": """", ""typed_level"": ""Type III""}, {""nims_name"": ""Water Tender"", ""discipline"": ""Fire / Hazardous Materials"", ""type_code"": ""Tier-II"", ""kind"": ""Equipment"", ""reference_url"": ""https://www.ffca.org/assets/docs/SERP/FL-Typed%20Resource%20Guidence%20Document.pdf"", ""notes"": """", ""typed_level"": ""Type IV""}]"
208,Water Tender Strike Team Leader,Water Tender Strike Team Leader,Personnel,AHJ Custom,Florida / FFCA-SERP,,each,1.0,,False,False,True,,2026-06-10T02:32:18,2026-06-10T02:32:18,fl_seed,fl_seed,[],"[10, 52]","[""Structural Firefighting"", ""Water Supply and Distribution""]",[],"[{""nims_name"": ""Water Tender Strike Team Leader"", ""discipline"": ""Fire / Hazardous Materials"", ""type_code"": ""Tier-II"", ""kind"": """", ""reference_url"": ""https://www.ffca.org/assets/docs/SERP/FL-Typed%20Resource%20Guidence%20Document.pdf"", ""notes"": """", ""typed_level"": ""Type I""}, {""nims_name"": ""Water Tender Strike Team Leader"", ""discipline"": ""Fire / Hazardous Materials"", ""type_code"": ""Tier-II"", ""kind"": """", ""reference_url"": ""https://www.ffca.org/assets/docs/SERP/FL-Typed%20Resource%20Guidence%20Document.pdf"", ""notes"": """", ""typed_level"": ""Type II""}, {""nims_name"": ""Water Tender Strike Team Leader"", ""discipline"": ""Fire / Hazardous Materials"", ""type_code"": ""Tier-II"", ""kind"": """", ""reference_url"": ""https://www.ffca.org/assets/docs/SERP/FL-Typed%20Resource%20Guidence%20Document.pdf"", ""notes"": """", ""typed_level"": ""Type III""}, {""nims_name"": ""Water Tender Strike Team Leader"", ""discipline"": ""Fire / Hazardous Materials"", ""type_code"": ""Tier-II"", ""kind"": """", ""reference_url"": ""https://www.ffca.org/assets/docs/SERP/FL-Typed%20Resource%20Guidence%20Document.pdf"", ""notes"": """", ""typed_level"": ""Type IV""}]"
209,"Foam Bulk, AFFF","Foam Bulk, AFFF",Supply,AHJ Custom,Florida / FFCA-SERP,,each,1.0,,False,False,True,,2026-06-10T02:32:18,2026-06-10T02:32:18,fl_seed,fl_seed,[],[16],"[""Foam / Class B Fire Suppression""]",[],"[{""nims_name"": ""Foam Bulk, AFFF"", ""discipline"": ""Fire / Hazardous Materials"", ""type_code"": ""Tier-II"", ""kind"": ""Product"", ""reference_url"": ""https://www.ffca.org/assets/docs/SERP/FL-Typed%20Resource%20Guidence%20Document.pdf"", ""notes"": """", ""typed_level"": """"}]"
210,"Foam Bulk, AR-AFFF","Foam Bulk, AR-AFFF",Supply,AHJ Custom,Florida / FFCA-SERP,,each,1.0,,False,False,True,,2026-06-10T02:32:18,2026-06-10T02:32:18,fl_seed,fl_seed,[],[16],"[""Foam / Class B Fire Suppression""]",[],"[{""nims_name"": ""Foam Bulk, AR-AFFF"", ""discipline"": ""Fire / Hazardous Materials"", ""type_code"": ""Tier-II"", ""kind"": """", ""reference_url"": ""https://www.ffca.org/assets/docs/SERP/FL-Typed%20Resource%20Guidence%20Document.pdf"", ""notes"": """", ""typed_level"": """"}]"
211,"Foam Bulk, Class-A","Foam Bulk, Class-A",Supply,AHJ Custom,Florida / FFCA-SERP,,each,1.0,,False,False,True,,2026-06-10T02:32:18,2026-06-10T02:32:18,fl_seed,fl_seed,[],[16],"[""Foam / Class B Fire Suppression""]",[],"[{""nims_name"": ""Foam Bulk, Class-A"", ""discipline"": ""Fire / Hazardous Materials"", ""type_code"": ""Tier-II"", ""kind"": """", ""reference_url"": ""https://www.ffca.org/assets/docs/SERP/FL-Typed%20Resource%20Guidence%20Document.pdf"", ""notes"": """", ""typed_level"": """"}]"
212,"Foam Bulk, High-Expansion","Foam Bulk, High-Expansion",Supply,AHJ Custom,Florida / FFCA-SERP,,each,1.0,,False,False,True,,2026-06-10T02:32:18,2026-06-10T02:32:18,fl_seed,fl_seed,[],[16],"[""Foam / Class B Fire Suppression""]",[],"[{""nims_name"": ""Foam Bulk, High-Expansion"", ""discipline"": ""Fire / Hazardous Materials"", ""type_code"": ""Tier-II"", ""kind"": ""Product"", ""reference_url"": ""https://www.ffca.org/assets/docs/SERP/FL-Typed%20Resource%20Guidence%20Document.pdf"", ""notes"": """", ""typed_level"": """"}]"
213,Foam Tender,Foam Tender,Equipment,AHJ Custom,Florida / FFCA-SERP,,each,1.0,,False,False,True,,2026-06-10T02:32:18,2026-06-10T02:32:18,fl_seed,fl_seed,[],"[10, 16]","[""Structural Firefighting"", ""Foam / Class B Fire Suppression""]",[],"[{""nims_name"": ""Foam Tender"", ""discipline"": ""Fire / Hazardous Materials"", ""type_code"": ""Tier-I"", ""kind"": ""Equipment"", ""reference_url"": ""https://www.ffca.org/assets/docs/SERP/FL-Typed%20Resource%20Guidence%20Document.pdf"", ""notes"": """", ""typed_level"": ""Type I""}, {""nims_name"": ""Foam Tender"", ""discipline"": ""Fire / Hazardous Materials"", ""type_code"": ""Tier-I"", ""kind"": ""Equipment"", ""reference_url"": ""https://www.ffca.org/assets/docs/SERP/FL-Typed%20Resource%20Guidence%20Document.pdf"", ""notes"": """", ""typed_level"": ""Type II""}, {""nims_name"": ""Foam Tender"", ""discipline"": ""Fire / Hazardous Materials"", ""type_code"": ""Tier-I"", ""kind"": ""Equipment"", ""reference_url"": ""https://www.ffca.org/assets/docs/SERP/FL-Typed%20Resource%20Guidence%20Document.pdf"", ""notes"": """", ""typed_level"": ""Type III""}, {""nims_name"": ""Foam Tender"", ""discipline"": ""Fire / Hazardous Materials"", ""type_code"": ""Tier-I"", ""kind"": ""Equipment"", ""reference_url"": ""https://www.ffca.org/assets/docs/SERP/FL-Typed%20Resource%20Guidence%20Document.pdf"", ""notes"": """", ""typed_level"": ""Type IV""}]"
214,Bomb Team,Bomb Team,Team,AHJ Custom,Florida / FFCA-SERP,,each,1.0,,False,False,True,,2026-06-10T02:32:18,2026-06-10T02:32:18,fl_seed,fl_seed,[],[26],"[""Explosive Ordnance Disposal""]",[],"[{""nims_name"": ""Bomb Team"", ""discipline"": ""Law Enforcement"", ""type_code"": ""Tier-I"", ""kind"": """", ""reference_url"": ""https://www.ffca.org/assets/docs/SERP/FL-Typed%20Resource%20Guidence%20Document.pdf"", ""notes"": """", ""typed_level"": ""Type I""}, {""nims_name"": ""Bomb Team"", ""discipline"": ""Law Enforcement"", ""type_code"": ""Tier-I"", ""kind"": """", ""reference_url"": ""https://www.ffca.org/assets/docs/SERP/FL-Typed%20Resource%20Guidence%20Document.pdf"", ""notes"": """", ""typed_level"": ""Type II""}, {""nims_name"": ""Bomb Team"", ""discipline"": ""Law Enforcement"", ""type_code"": ""Tier-I"", ""kind"": """", ""reference_url"": ""https://www.ffca.org/assets/docs/SERP/FL-Typed%20Resource%20Guidence%20Document.pdf"", ""notes"": """", ""typed_level"": ""Type III""}, {""nims_name"": ""Bomb Team"", ""discipline"": ""Law Enforcement"", ""type_code"": ""Tier-I"", ""kind"": """", ""reference_url"": ""https://www.ffca.org/assets/docs/SERP/FL-Typed%20Resource%20Guidence%20Document.pdf"", ""notes"": """", ""typed_level"": ""Type IV""}]"
215,Public Information Officer,Public Information Officer,Personnel,AHJ Custom,Florida / FFCA-SERP,,each,1.0,,False,False,True,,2026-06-10T02:32:18,2026-06-10T02:32:18,fl_seed,fl_seed,[],[48],"[""Public Information""]",[],"[{""nims_name"": ""Public Information Officer"", ""discipline"": ""Public Information"", ""type_code"": ""Tier-I"", ""kind"": ""Personnel"", ""reference_url"": ""https://www.ffca.org/assets/docs/SERP/FL-Typed%20Resource%20Guidence%20Document.pdf"", ""notes"": """", ""typed_level"": ""Type I""}, {""nims_name"": ""Public Information Officer"", ""discipline"": ""Public Information"", ""type_code"": ""Tier-I"", ""kind"": ""Personnel"", ""reference_url"": ""https://www.ffca.org/assets/docs/SERP/FL-Typed%20Resource%20Guidence%20Document.pdf"", ""notes"": """", ""typed_level"": ""Type II""}, {""nims_name"": ""Public Information Officer"", ""discipline"": ""Public Information"", ""type_code"": ""Tier-I"", ""kind"": ""Personnel"", ""reference_url"": ""https://www.ffca.org/assets/docs/SERP/FL-Typed%20Resource%20Guidence%20Document.pdf"", ""notes"": """", ""typed_level"": ""Type III""}, {""nims_name"": ""Public Information Officer"", ""discipline"": ""Public Information"", ""type_code"": ""Tier-I"", ""kind"": ""Personnel"", ""reference_url"": ""https://www.ffca.org/assets/docs/SERP/FL-Typed%20Resource%20Guidence%20Document.pdf"", ""notes"": """", ""typed_level"": ""Type IV""}]"
216,Canine Search & Rescue Team- Disaster Response,Canine Search & Rescue Team- Disaster Response,Team,AHJ Custom,Florida / FFCA-SERP,,each,1.0,,False,False,True,,2026-06-10T02:32:18,2026-06-10T02:32:18,fl_seed,fl_seed,[],"[2, 8]","[""Structural Collapse Search & Rescue"", ""K9 Search""]",[],"[{""nims_name"": ""Canine Search & Rescue Team- Disaster Response"", ""discipline"": ""Search & Rescue"", ""type_code"": ""Tier-I"", ""kind"": ""Team"", ""reference_url"": ""https://www.ffca.org/assets/docs/SERP/FL-Typed%20Resource%20Guidence%20Document.pdf"", ""notes"": """", ""typed_level"": ""Type I""}, {""nims_name"": ""Canine Search & Rescue Team- Disaster Response"", ""discipline"": ""Search & Rescue"", ""type_code"": ""Tier-I"", ""kind"": ""Team"", ""reference_url"": ""https://www.ffca.org/assets/docs/SERP/FL-Typed%20Resource%20Guidence%20Document.pdf"", ""notes"": """", ""typed_level"": ""Type II""}, {""nims_name"": ""Canine Search & Rescue Team- Disaster Response"", ""discipline"": ""Search & Rescue"", ""type_code"": ""Tier-I"", ""kind"": ""Team"", ""reference_url"": ""https://www.ffca.org/assets/docs/SERP/FL-Typed%20Resource%20Guidence%20Document.pdf"", ""notes"": """", ""typed_level"": ""Type III""}, {""nims_name"": ""Canine Search & Rescue Team- Disaster Response"", ""discipline"": ""Search & Rescue"", ""type_code"": ""Tier-I"", ""kind"": ""Team"", ""reference_url"": ""https://www.ffca.org/assets/docs/SERP/FL-Typed%20Resource%20Guidence%20Document.pdf"", ""notes"": """", ""typed_level"": ""Type IV""}]"
217,Canine Search & Rescue Team- Land Cadaver Air Scent,Canine Search & Rescue Team- Land Cadaver Air Scent,Team,AHJ Custom,Florida / FFCA-SERP,,each,1.0,,False,False,True,,2026-06-10T02:32:18,2026-06-10T02:32:18,fl_seed,fl_seed,[],"[7, 8]","[""Wildland Search Operations"", ""K9 Search""]",[],"[{""nims_name"": ""Canine Search & Rescue Team- Land Cadaver Air Scent"", ""discipline"": ""Search & Rescue"", ""type_code"": ""Tier-I"", ""kind"": ""Team"", ""reference_url"": ""https://www.ffca.org/assets/docs/SERP/FL-Typed%20Resource%20Guidence%20Document.pdf"", ""notes"": """", ""typed_level"": ""Type I""}, {""nims_name"": ""Canine Search & Rescue Team- Land Cadaver Air Scent"", ""discipline"": ""Search & Rescue"", ""type_code"": ""Tier-I"", ""kind"": ""Team"", ""reference_url"": ""https://www.ffca.org/assets/docs/SERP/FL-Typed%20Resource%20Guidence%20Document.pdf"", ""notes"": """", ""typed_level"": ""Type II""}, {""nims_name"": ""Canine Search & Rescue Team- Land Cadaver Air Scent"", ""discipline"": ""Search & Rescue"", ""type_code"": ""Tier-I"", ""kind"": ""Team"", ""reference_url"": ""https://www.ffca.org/assets/docs/SERP/FL-Typed%20Resource%20Guidence%20Document.pdf"", ""notes"": """", ""typed_level"": ""Type III""}, {""nims_name"": ""Canine Search & Rescue Team- Land Cadaver Air Scent"", ""discipline"": ""Search & Rescue"", ""type_code"": ""Tier-I"", ""kind"": ""Team"", ""reference_url"": ""https://www.ffca.org/assets/docs/SERP/FL-Typed%20Resource%20Guidence%20Document.pdf"", ""notes"": """", ""typed_level"": ""Type IV""}]"
218,Canine Search & Rescue Team- Water Air Scent,Canine Search & Rescue Team- Water Air Scent,Team,AHJ Custom,Florida / FFCA-SERP,,each,1.0,,False,False,True,,2026-06-10T02:32:18,2026-06-10T02:32:18,fl_seed,fl_seed,[],"[6, 8]","[""Dive / Underwater Search"", ""K9 Search""]",[],"[{""nims_name"": ""Canine Search & Rescue Team- Water Air Scent"", ""discipline"": ""Search & Rescue"", ""type_code"": ""Tier-I"", ""kind"": ""Team"", ""reference_url"": ""https://www.ffca.org/assets/docs/SERP/FL-Typed%20Resource%20Guidence%20Document.pdf"", ""notes"": """", ""typed_level"": ""Type I""}, {""nims_name"": ""Canine Search & Rescue Team- Water Air Scent"", ""discipline"": ""Search & Rescue"", ""type_code"": ""Tier-I"", ""kind"": ""Team"", ""reference_url"": ""https://www.ffca.org/assets/docs/SERP/FL-Typed%20Resource%20Guidence%20Document.pdf"", ""notes"": """", ""typed_level"": ""Type II""}, {""nims_name"": ""Canine Search & Rescue Team- Water Air Scent"", ""discipline"": ""Search & Rescue"", ""type_code"": ""Tier-I"", ""kind"": ""Team"", ""reference_url"": ""https://www.ffca.org/assets/docs/SERP/FL-Typed%20Resource%20Guidence%20Document.pdf"", ""notes"": """", ""typed_level"": ""Type III""}, {""nims_name"": ""Canine Search & Rescue Team- Water Air Scent"", ""discipline"": ""Search & Rescue"", ""type_code"": ""Tier-I"", ""kind"": ""Team"", ""reference_url"": ""https://www.ffca.org/assets/docs/SERP/FL-Typed%20Resource%20Guidence%20Document.pdf"", ""notes"": """", ""typed_level"": ""Type IV""}]"
219,Canine Search & Rescue Team- Wilderness Air Scent,Canine Search & Rescue Team- Wilderness Air Scent,Team,AHJ Custom,Florida / FFCA-SERP,,each,1.0,,False,False,True,,2026-06-10T02:32:18,2026-06-10T02:32:18,fl_seed,fl_seed,[],"[7, 8]","[""Wildland Search Operations"", ""K9 Search""]",[],"[{""nims_name"": ""Canine Search & Rescue Team- Wilderness Air Scent"", ""discipline"": ""Search & Rescue"", ""type_code"": ""Tier-I"", ""kind"": ""Team"", ""reference_url"": ""https://www.ffca.org/assets/docs/SERP/FL-Typed%20Resource%20Guidence%20Document.pdf"", ""notes"": """", ""typed_level"": ""Type I""}, {""nims_name"": ""Canine Search & Rescue Team- Wilderness Air Scent"", ""discipline"": ""Search & Rescue"", ""type_code"": ""Tier-I"", ""kind"": ""Team"", ""reference_url"": ""https://www.ffca.org/assets/docs/SERP/FL-Typed%20Resource%20Guidence%20Document.pdf"", ""notes"": """", ""typed_level"": ""Type II""}, {""nims_name"": ""Canine Search & Rescue Team- Wilderness Air Scent"", ""discipline"": ""Search & Rescue"", ""type_code"": ""Tier-I"", ""kind"": ""Team"", ""reference_url"": ""https://www.ffca.org/assets/docs/SERP/FL-Typed%20Resource%20Guidence%20Document.pdf"", ""notes"": """", ""typed_level"": ""Type III""}, {""nims_name"": ""Canine Search & Rescue Team- Wilderness Air Scent"", ""discipline"": ""Search & Rescue"", ""type_code"": ""Tier-I"", ""kind"": ""Team"", ""reference_url"": ""https://www.ffca.org/assets/docs/SERP/FL-Typed%20Resource%20Guidence%20Document.pdf"", ""notes"": """", ""typed_level"": ""Type IV""}]"
220,Canine Search & Rescue Team- Wilderness Tracking/Trailing,Canine Search & Rescue Team- Wilderness Tracking/Trailing,Team,AHJ Custom,Florida / FFCA-SERP,,each,1.0,,False,False,True,,2026-06-10T02:32:18,2026-06-10T02:32:18,fl_seed,fl_seed,[],"[7, 8]","[""Wildland Search Operations"", ""K9 Search""]",[],"[{""nims_name"": ""Canine Search & Rescue Team- Wilderness Tracking/Trailing"", ""discipline"": ""Search & Rescue"", ""type_code"": ""Tier-I"", ""kind"": ""Team"", ""reference_url"": ""https://www.ffca.org/assets/docs/SERP/FL-Typed%20Resource%20Guidence%20Document.pdf"", ""notes"": """", ""typed_level"": ""Type I""}, {""nims_name"": ""Canine Search & Rescue Team- Wilderness Tracking/Trailing"", ""discipline"": ""Search & Rescue"", ""type_code"": ""Tier-I"", ""kind"": ""Team"", ""reference_url"": ""https://www.ffca.org/assets/docs/SERP/FL-Typed%20Resource%20Guidence%20Document.pdf"", ""notes"": """", ""typed_level"": ""Type II""}, {""nims_name"": ""Canine Search & Rescue Team- Wilderness Tracking/Trailing"", ""discipline"": ""Search & Rescue"", ""type_code"": ""Tier-I"", ""kind"": ""Team"", ""reference_url"": ""https://www.ffca.org/assets/docs/SERP/FL-Typed%20Resource%20Guidence%20Document.pdf"", ""notes"": """", ""typed_level"": ""Type III""}, {""nims_name"": ""Canine Search & Rescue Team- Wilderness Tracking/Trailing"", ""discipline"": ""Search & Rescue"", ""type_code"": ""Tier-I"", ""kind"": ""Team"", ""reference_url"": ""https://www.ffca.org/assets/docs/SERP/FL-Typed%20Resource%20Guidence%20Document.pdf"", ""notes"": """", ""typed_level"": ""Type IV""}]"
221,Heavy Rescue,Heavy Rescue,Equipment,AHJ Custom,Florida / FFCA-SERP,,each,1.0,,False,False,True,,2026-06-10T02:32:18,2026-06-10T02:32:18,fl_seed,fl_seed,[],"[1, 2]","[""Technical Rescue"", ""Structural Collapse Search & Rescue""]",[],"[{""nims_name"": ""Heavy Rescue"", ""discipline"": ""Search & Rescue"", ""type_code"": ""Tier-II"", ""kind"": """", ""reference_url"": ""https://www.ffca.org/assets/docs/SERP/FL-Typed%20Resource%20Guidence%20Document.pdf"", ""notes"": """", ""typed_level"": ""Type I""}, {""nims_name"": ""Heavy Rescue"", ""discipline"": ""Search & Rescue"", ""type_code"": ""Tier-II"", ""kind"": """", ""reference_url"": ""https://www.ffca.org/assets/docs/SERP/FL-Typed%20Resource%20Guidence%20Document.pdf"", ""notes"": """", ""typed_level"": ""Type II""}, {""nims_name"": ""Heavy Rescue"", ""discipline"": ""Search & Rescue"", ""type_code"": ""Tier-II"", ""kind"": """", ""reference_url"": ""https://www.ffca.org/assets/docs/SERP/FL-Typed%20Resource%20Guidence%20Document.pdf"", ""notes"": """", ""typed_level"": ""Type III""}, {""nims_name"": ""Heavy Rescue"", ""discipline"": ""Search & Rescue"", ""type_code"": ""Tier-II"", ""kind"": """", ""reference_url"": ""https://www.ffca.org/assets/docs/SERP/FL-Typed%20Resource%20Guidence%20Document.pdf"", ""notes"": """", ""typed_level"": ""Type IV""}]"
222,Surface Water Rescue Team,Surface Water Rescue Team,Team,AHJ Custom,Florida / FFCA-SERP,,each,1.0,,False,False,True,,2026-06-10T02:32:18,2026-06-10T02:32:18,fl_seed,fl_seed,[],[5],"[""Water / Swift Water Rescue""]",[],"[{""nims_name"": ""Surface Water Rescue Team"", ""discipline"": ""Search & Rescue"", ""type_code"": ""Tier-II"", ""kind"": ""Team"", ""reference_url"": ""https://www.ffca.org/assets/docs/SERP/FL-Typed%20Resource%20Guidence%20Document.pdf"", ""notes"": """", ""typed_level"": ""Type I""}, {""nims_name"": ""Surface Water Rescue Team"", ""discipline"": ""Search & Rescue"", ""type_code"": ""Tier-II"", ""kind"": ""Team"", ""reference_url"": ""https://www.ffca.org/assets/docs/SERP/FL-Typed%20Resource%20Guidence%20Document.pdf"", ""notes"": """", ""typed_level"": ""Type II""}, {""nims_name"": ""Surface Water Rescue Team"", ""discipline"": ""Search & Rescue"", ""type_code"": ""Tier-II"", ""kind"": ""Team"", ""reference_url"": ""https://www.ffca.org/assets/docs/SERP/FL-Typed%20Resource%20Guidence%20Document.pdf"", ""notes"": """", ""typed_level"": ""Type III""}, {""nims_name"": ""Surface Water Rescue Team"", ""discipline"": ""Search & Rescue"", ""type_code"": ""Tier-II"", ""kind"": ""Team"", ""reference_url"": ""https://www.ffca.org/assets/docs/SERP/FL-Typed%20Resource%20Guidence%20Document.pdf"", ""notes"": """", ""typed_level"": ""Type IV""}]"
223,Technical Rescue Team (TRT),Technical Rescue Team (TRT),Team,AHJ Custom,Florida / FFCA-SERP,,each,1.0,,False,False,True,,2026-06-10T02:32:18,2026-06-10T02:32:18,fl_seed,fl_seed,[],"[1, 3, 4]","[""Technical Rescue"", ""Confined Space Rescue"", ""High Angle / Rope Rescue""]",[],"[{""nims_name"": ""Technical Rescue Team (TRT)"", ""discipline"": ""Search & Rescue"", ""type_code"": ""Tier-II"", ""kind"": ""Team"", ""reference_url"": ""https://www.ffca.org/assets/docs/SERP/FL-Typed%20Resource%20Guidence%20Document.pdf"", ""notes"": """", ""typed_level"": ""Type I""}, {""nims_name"": ""Technical Rescue Team (TRT)"", ""discipline"": ""Search & Rescue"", ""type_code"": ""Tier-II"", ""kind"": ""Team"", ""reference_url"": ""https://www.ffca.org/assets/docs/SERP/FL-Typed%20Resource%20Guidence%20Document.pdf"", ""notes"": """", ""typed_level"": ""Type II""}, {""nims_name"": ""Technical Rescue Team (TRT)"", ""discipline"": ""Search & Rescue"", ""type_code"": ""Tier-II"", ""kind"": ""Team"", ""reference_url"": ""https://www.ffca.org/assets/docs/SERP/FL-Typed%20Resource%20Guidence%20Document.pdf"", ""notes"": """", ""typed_level"": ""Type III""}, {""nims_name"": ""Technical Rescue Team (TRT)"", ""discipline"": ""Search & Rescue"", ""type_code"": ""Tier-II"", ""kind"": ""Team"", ""reference_url"": ""https://www.ffca.org/assets/docs/SERP/FL-Typed%20Resource%20Guidence%20Document.pdf"", ""notes"": """", ""typed_level"": ""Type IV""}]"
224,Trench Rescue Team,Trench Rescue Team,Team,AHJ Custom,Florida / FFCA-SERP,,each,1.0,,False,False,True,,2026-06-10T02:32:18,2026-06-10T02:32:18,fl_seed,fl_seed,[],"[1, 9]","[""Technical Rescue"", ""Trench Rescue""]",[],"[{""nims_name"": ""Trench Rescue Team"", ""discipline"": ""Search & Rescue"", ""type_code"": ""Tier-II"", ""kind"": """", ""reference_url"": ""https://www.ffca.org/assets/docs/SERP/FL-Typed%20Resource%20Guidence%20Document.pdf"", ""notes"": """", ""typed_level"": ""Type I""}, {""nims_name"": ""Trench Rescue Team"", ""discipline"": ""Search & Rescue"", ""type_code"": ""Tier-II"", ""kind"": """", ""reference_url"": ""https://www.ffca.org/assets/docs/SERP/FL-Typed%20Resource%20Guidence%20Document.pdf"", ""notes"": """", ""typed_level"": ""Type II""}, {""nims_name"": ""Trench Rescue Team"", ""discipline"": ""Search & Rescue"", ""type_code"": ""Tier-II"", ""kind"": """", ""reference_url"": ""https://www.ffca.org/assets/docs/SERP/FL-Typed%20Resource%20Guidence%20Document.pdf"", ""notes"": """", ""typed_level"": ""Type III""}, {""nims_name"": ""Trench Rescue Team"", ""discipline"": ""Search & Rescue"", ""type_code"": ""Tier-II"", ""kind"": """", ""reference_url"": ""https://www.ffca.org/assets/docs/SERP/FL-Typed%20Resource%20Guidence%20Document.pdf"", ""notes"": """", ""typed_level"": ""Type IV""}]"
225,Wilderness Search & Rescue Team,Wilderness Search & Rescue Team,Team,AHJ Custom,Florida / FFCA-SERP,,each,1.0,,False,False,True,,2026-06-10T02:32:18,2026-06-10T02:32:18,fl_seed,fl_seed,[],[7],"[""Wildland Search Operations""]",[],"[{""nims_name"": ""Wilderness Search & Rescue Team"", ""discipline"": ""Search & Rescue"", ""type_code"": ""Tier-I"", ""kind"": """", ""reference_url"": ""https://www.ffca.org/assets/docs/SERP/FL-Typed%20Resource%20Guidence%20Document.pdf"", ""notes"": """", ""typed_level"": ""Type I""}, {""nims_name"": ""Wilderness Search & Rescue Team"", ""discipline"": ""Search & Rescue"", ""type_code"": ""Tier-I"", ""kind"": """", ""reference_url"": ""https://www.ffca.org/assets/docs/SERP/FL-Typed%20Resource%20Guidence%20Document.pdf"", ""notes"": """", ""typed_level"": ""Type II""}, {""nims_name"": ""Wilderness Search & Rescue Team"", ""discipline"": ""Search & Rescue"", ""type_code"": ""Tier-I"", ""kind"": """", ""reference_url"": ""https://www.ffca.org/assets/docs/SERP/FL-Typed%20Resource%20Guidence%20Document.pdf"", ""notes"": """", ""typed_level"": ""Type III""}, {""nims_name"": ""Wilderness Search & Rescue Team"", ""discipline"": ""Search & Rescue"", ""type_code"": ""Tier-I"", ""kind"": """", ""reference_url"": ""https://www.ffca.org/assets/docs/SERP/FL-Typed%20Resource%20Guidence%20Document.pdf"", ""notes"": """", ""typed_level"": ""Type IV""}]"
226,Urban Search & Rescue Task Force (Florida),Urban Search & Rescue Task Force (Florida),Team,AHJ Custom,Florida / FFCA-SERP,"Multi-disciplined task force conducting search, rescue, and recovery across technical rescue disciplines: structural collapse, rope rescue, vehicle extrication, confined space, trench, and water operations. Types I-II operate two 12-hour shifts; Types III-IV operate one 12-hour shift. All types self-sustaining for 72 hours and deployable up to 14 days. (Florida / FASAR Tier-I definition)",each,1.0,,False,False,True,,2026-06-10T02:32:18,2026-06-10T02:32:18,fl_seed,fl_seed,[],"[1, 2, 3, 5, 9]","[""Technical Rescue"", ""Structural Collapse Search & Rescue"", ""Confined Space Rescue"", ""Water / Swift Water Rescue"", ""Trench Rescue""]",[],"[{""nims_name"": ""Urban Search & Rescue Task Force (Florida)"", ""discipline"": ""Search & Rescue"", ""type_code"": ""Tier-I"", ""kind"": ""Task Force"", ""reference_url"": ""https://www.ffca.org/assets/docs/FASAR%20Urban%20Search%20and%20Rescue%20Resource%20Typing%20document%202016.pdf"", ""notes"": """", ""typed_level"": ""Type I""}, {""nims_name"": ""Urban Search & Rescue Task Force (Florida)"", ""discipline"": ""Search & Rescue"", ""type_code"": ""Tier-I"", ""kind"": ""Task Force"", ""reference_url"": ""https://www.ffca.org/assets/docs/FASAR%20Urban%20Search%20and%20Rescue%20Resource%20Typing%20document%202016.pdf"", ""notes"": """", ""typed_level"": ""Type II""}, {""nims_name"": ""Urban Search & Rescue Task Force (Florida)"", ""discipline"": ""Search & Rescue"", ""type_code"": ""Tier-I"", ""kind"": ""Task Force"", ""reference_url"": ""https://www.ffca.org/assets/docs/FASAR%20Urban%20Search%20and%20Rescue%20Resource%20Typing%20document%202016.pdf"", ""notes"": """", ""typed_level"": ""Type III""}, {""nims_name"": ""Urban Search & Rescue Task Force (Florida)"", ""discipline"": ""Search & Rescue"", ""type_code"": ""Tier-I"", ""kind"": ""Task Force"", ""reference_url"": ""https://www.ffca.org/assets/docs/FASAR%20Urban%20Search%20and%20Rescue%20Resource%20Typing%20document%202016.pdf"", ""notes"": """", ""typed_level"": ""Type IV""}]"
227,Test Trailer XYZ,,Other,AHJ Custom,,,each,1.0,,False,False,False,,2026-06-23T02:44:43+00:00,2026-06-23T02:47:05+00:00,,,[],[],[],[],[]
228,Test Trailer XYZ Copy 1,Copy 1,Other,AHJ Custom,,,each,1.0,,False,False,False,,2026-06-23T02:45:43+00:00,2026-06-23T02:47:05+00:00,,,[],[],[],[],[]
229,Imported Trailer A,,Vehicle,AHJ Custom,,,each,1.0,,False,False,False,,2026-06-23T02:46:10+00:00,2026-06-23T02:47:05+00:00,,,[],[],[],[],[]
230,,,Other,AHJ Custom,,,each,1.0,,False,False,False,,2026-06-23T02:46:10+00:00,2026-06-23T02:47:05+00:00,,,[],[],[],[],[]
